Date,Open,High,Low,Close,Volume,Daily_Return,Log_Return,SMA_20,SMA_50,EMA_20,BB_upper,BB_lower,BB_width,RSI,Volatility,Price_Range,Momentum_5,Momentum_10,Volume_Change
2015-03-16,2055.35009765625,2081.409912109375,2055.35009765625,2081.18994140625,3295600000,0.013533671171787054,0.013442909023855906,2091.1189880371094,2059.7132006835936,2077.080149336159,2139.645608622606,2042.5923674516132,97.05324117099258,40.90110493801568,0.00733958682819448,26.059814453125,1.760009765625,-36.199951171875,-0.058012439403640315
2015-03-17,2080.590087890625,2080.590087890625,2065.080078125,2074.280029296875,3221840000,-0.003320173700583018,-0.0033256977077820026,2089.815985107422,2060.034802246094,2076.81347123718,2138.6982751242685,2040.9336950905754,97.76458003369316,39.78419007002102,0.007353183004555404,15.510009765625,30.1199951171875,-33.5,-0.02238135696079624
2015-03-18,2072.840087890625,2106.85009765625,2061.22998046875,2099.5,4128210000,0.012158421402569175,0.012085101501628708,2089.806988525391,2061.613203125,2078.974093024115,2138.681700319599,2040.932276731183,97.74942358841577,47.39597532570812,0.007888007417887052,45.6201171875,59.260009765625,0.969970703125,0.28132061182429924
2015-03-19,2098.68994140625,2098.68994140625,2085.56005859375,2089.27001953125,3305220000,-0.004872579408787825,-0.004884489126950175,2089.3979919433596,2063.3464038085935,2079.954657453366,2138.1401293286167,2040.6558545581024,97.48427477051428,46.535642090765705,0.007961332210896623,13.1298828125,23.320068359375,-11.77001953125,-0.1993575908202344
2015-03-20,2090.320068359375,2113.919921875,2090.320068359375,2108.10009765625,5554120000,0.00901275466979845,0.008972382193259682,2089.2879943847656,2064.9904052734373,2082.6351755679266,2137.8410832496356,2040.7349055198958,97.10617772973978,47.9424573713245,0.008106222436588047,23.599853515625,54.7001953125,36.840087890625,0.6804085658443311
2015-03-23,2107.989990234375,2114.860107421875,2104.419921875,2104.419921875,3267960000,-0.0017457310425351702,-0.0017472566067133015,2089.025994873047,2065.836005859375,2084.7099133114575,2137.17105835706,2040.8809313890335,96.29012696802624,49.23571413498478,0.008115278611307274,10.440185546875,23.22998046875,24.989990234375,-0.4116151613576948
2015-03-24,2103.93994140625,2107.6298828125,2091.5,2091.5,3189820000,-0.006139421956948832,-0.006158345701590925,2087.8269958496094,2066.7698046875,2085.356588234176,2134.365727380137,2041.2882643190821,93.07746306105469,48.42721607139931,0.008194234916372889,16.1298828125,17.219970703125,47.3399658203125,-0.02391094138239147
2015-03-25,2093.10009765625,2097.429931640625,2061.050048828125,2061.050048828125,3521140000,-0.014558905652342857,-0.014665926527239062,2085.186492919922,2067.42560546875,2083.041679719314,2131.4981173750784,2038.874868464765,92.62324891031335,42.04748814641256,0.008774325580470853,36.3798828125,-38.449951171875,20.81005859375,0.10386792985184123
2015-03-26,2059.93994140625,2067.14990234375,2045.5,2056.14990234375,3510670000,-0.002377499996742527,-0.0023803307374738966,2082.4569885253904,2068.0880029296877,2080.4805580644984,2128.8620237352893,2036.0519533154918,92.81007041979751,46.66517233166909,0.008777983540670506,21.64990234375,-33.1201171875,-9.800048828125,-0.002973468819757241
2015-03-27,2055.780029296875,2062.830078125,2052.9599609375,2061.02001953125,3008550000,0.0023685613495147972,0.0023657607295033602,2080.282989501953,2069.0830029296876,2078.6271734422844,2126.413019658502,2034.152959345404,92.26006031309794,45.87684390217763,0.008804942554994716,9.8701171875,-47.080078125,7.6201171875,-0.14302682963650815
2015-03-30,2064.110107421875,2088.969970703125,2064.110107421875,2086.239990234375,2917690000,0.012236645187396533,0.012162382647149434,2078.7254943847656,2070.954401855469,2079.35220361296,2121.5665746986297,2035.8844140709016,85.68216062772808,59.86864292024732,0.009164199762297537,24.85986328125,-18.179931640625,5.050048828125,-0.03020059497099936
2015-03-31,2084.050048828125,2084.050048828125,2067.0400390625,2067.889892578125,3376550000,-0.008795775050879251,-0.008834686217530795,2076.730987548828,2071.923798828125,2078.2605549429754,2117.5428392559024,2035.9191358417536,81.62370341414885,56.0734211807708,0.009306371061905681,17.010009765625,-23.610107421875,-6.39013671875,0.15726824988261257
2015-04-01,2067.6298828125,2067.6298828125,2048.3798828125,2059.68994140625,3543270000,-0.003965371271123064,-0.0039732542018475255,2074.788983154297,2072.6665966796877,2076.491925082335,2114.924033592573,2034.6539327160212,80.27010087655162,48.510375261574644,0.009298533562600802,19.25,-1.360107421875,-39.81005859375,0.04937584220580171
2015-04-02,2060.030029296875,2072.169921875,2057.320068359375,2066.9599609375,3095960000,0.0035296669586522,0.0035234523037141535,2073.0849792480467,2073.363395996094,2075.5841189733032,2111.3788811023246,2034.7910773937685,76.58780370855607,53.309909347266945,0.009340667108506154,14.849853515625,10.81005859375,-22.31005859375,-0.12624214355665808
2015-04-06,2064.8701171875,2086.989990234375,2056.52001953125,2080.6201171875,3302970000,0.0066088151237357895,0.006587072647165644,2073.5529846191407,2073.712800292969,2076.063737850846,2111.981526851312,2035.1244423869691,76.85708446434296,49.85060487742431,0.008918173155836685,30.469970703125,19.60009765625,-27.47998046875,0.06686455897363008
2015-04-07,2080.7900390625,2089.81005859375,2076.10009765625,2076.330078125,3065510000,-0.0020619040578628844,-0.002064032708587167,2073.3979919433596,2074.2030004882813,2076.0891035912414,2111.751662908491,2035.044320978228,76.70734193026328,50.54496319535214,0.008888769052489165,13.7099609375,-9.909912109375,-28.08984375,-0.07189287217262041
2015-04-08,2076.93994140625,2086.68994140625,2073.300048828125,2081.89990234375,3265330000,0.002682533127767339,0.0026789415573472003,2075.2849853515627,2074.699196777344,2076.642512996242,2111.21907351366,2039.3508971894655,71.86817632419456,44.775572085364935,0.007956675809525148,13.389892578125,14.010009765625,-9.60009765625,0.06518328108536586
2015-04-09,2081.2900390625,2093.31005859375,2074.2900390625,2091.179931640625,3172360000,0.004457481018385057,0.004447575873625805,2077.831982421875,2075.931794433594,2078.027029057612,2110.367736165593,2045.296228678157,65.07150748743629,50.57015542802835,0.007963647031588547,19.02001953125,31.489990234375,30.1298828125,-0.028471854299565447
2015-04-10,2091.510009765625,2102.610107421875,2091.510009765625,2102.06005859375,3156200000,0.005202865037342352,0.005189376899456221,2079.637487792969,2077.929794921875,2080.3158890134346,2113.3822029531693,2045.8927726327681,67.4894303204012,48.107051805875635,0.007571457629001473,11.10009765625,35.10009765625,45.91015625,-0.005093999419990114
2015-04-13,2102.030029296875,2107.64990234375,2092.330078125,2092.429931640625,2908420000,-0.00458128059365126,-0.004591806820961145,2081.5889892578125,2079.3533935546875,2081.469607358881,2113.403984484159,2049.773994031466,63.629990452693164,46.37743804298598,0.007506196697995112,15.31982421875,11.809814453125,31.409912109375,-0.07850579811165326
2015-04-14,2092.280029296875,2098.6201171875,2083.239990234375,2095.840087890625,3301270000,0.0016297588743277025,0.00162843225851382,2082.321496582031,2081.3703955078126,2082.838224552381,2114.766184280856,2049.876808883206,64.88937539764993,51.39122581574182,0.006905332298777282,15.380126953125,19.510009765625,9.60009765625,0.13507333878875816
2015-04-15,2097.820068359375,2111.909912109375,2097.820068359375,2106.6298828125,4013760000,0.005148195696902835,0.005134989044995592,2083.9389892578124,2083.085993652344,2085.1040967676304,2117.8864134785567,2049.991565037068,67.89484844148865,66.71788727526062,0.006926525915607517,14.08984375,24.72998046875,38.739990234375,0.2158230014509568
2015-04-16,2105.9599609375,2111.300048828125,2100.02001953125,2104.989990234375,3434120000,-0.0007784436134247175,-0.0007787467579851993,2084.213488769531,2084.185192871094,2086.997991383511,2118.7739582487625,2049.6530192902997,69.12093895846283,68.35261414823445,0.006393199026821783,11.280029296875,13.81005859375,45.300048828125,-0.14441321852826272
2015-04-17,2102.580078125,2102.580078125,2072.3701171875,2081.179931640625,3627600000,-0.011311245518606405,-0.01137570418905323,2083.808984375,2084.978591308594,2086.443890455617,2118.3095876645366,2049.308381085463,69.00120657907337,56.631539384477506,0.006808076243526552,30.2099609375,-20.880126953125,14.219970703125,0.05634048897534161
2015-04-20,2084.110107421875,2103.93994140625,2084.110107421875,2100.39990234375,3000160000,0.009235131672624686,0.009192748586536723,2083.423974609375,2085.7361889648437,2087.773034444963,2116.9410431725796,2049.90690604617,67.0341371264094,54.84927686002238,0.006824028900393964,19.829833984375,7.969970703125,19.77978515625,-0.1729628404454736
2015-04-21,2102.820068359375,2109.639892578125,2094.3798828125,2097.2900390625,3243410000,-0.0014806053255762563,-0.001481702504767951,2083.06748046875,2086.5725903320313,2088.679415837109,2115.7864340438214,2050.348526893679,65.43790715014256,61.24202519450404,0.006821044839489376,15.260009765625,1.449951171875,20.9599609375,0.08107900911951371
2015-04-22,2098.27001953125,2109.97998046875,2091.050048828125,2107.9599609375,3348480000,0.005087480356207541,0.005074582853386292,2083.890478515625,2087.796989746094,2090.515658227622,2118.287537193475,2049.493419837775,68.79411735570011,68.11529933481154,0.006763707416005634,18.929931640625,1.330078125,26.06005859375,0.03239491769464853
2015-04-23,2107.2099609375,2120.489990234375,2103.18994140625,2112.929931640625,3636670000,0.002357715893671175,0.0023549408425523675,2086.48447265625,2088.6837866210935,2092.6503509336226,2121.4491986841317,2051.5197466283685,69.92945205576325,67.55518013608335,0.005778795802503751,17.300048828125,7.93994140625,21.75,0.08606591647553508
2015-04-24,2112.800048828125,2120.919921875,2112.800048828125,2117.68994140625,3375780000,0.002252800575326619,0.0022502668247534868,2089.561474609375,2089.6669848632814,2095.0350738357774,2124.1150595949725,2055.007889623778,69.10716997119471,65.18884269577501,0.005717842659075031,8.119873046875,36.510009765625,15.6298828125,-0.07173870601401833
2015-04-27,2119.2900390625,2125.919921875,2107.0400390625,2108.919921875,3438750000,-0.004141314249916261,-0.004149913240734652,2091.9564697265623,2090.0757836914063,2096.3574403157036,2124.777125636739,2059.1358138163855,65.64131182035362,62.88036681950813,0.005849051493959239,18.8798828125,8.52001953125,16.489990234375,0.01865346675435009
2015-04-28,2108.35009765625,2116.0400390625,2094.889892578125,2114.760009765625,3546270000,0.0027692316953564777,0.0027654044373465075,2093.382470703125,2090.4311840820315,2098.1100659776007,2127.605676536234,2059.1592648700157,68.44641166621841,62.959496698382985,0.005259276265822161,21.150146484375,17.469970703125,18.919921875,0.031267175572519124
2015-04-29,2112.489990234375,2113.64990234375,2097.409912109375,2106.85009765625,4074970000,-0.0037403355807980043,-0.003747348127573222,2095.3304809570313,2090.5613842773437,2098.942449946996,2127.836165287155,2062.8247966269078,65.01136866024717,56.24757874080895,0.0048876143134342406,16.239990234375,-1.10986328125,0.22021484375,0.14908622298922536
2015-04-30,2105.52001953125,2105.52001953125,2077.590087890625,2085.510009765625,4509680000,-0.010128906614839228,-0.010180553033248205,2096.621484375,2090.277985839844,2097.6631699297227,2124.9496458842677,2068.293322865732,56.65632301853566,43.90959582982195,0.00538275818496581,27.929931640625,-27.419921875,-19.47998046875,0.10667808597363915
2015-05-01,2087.3798828125,2108.409912109375,2087.3798828125,2108.2900390625,3379390000,0.010923001659165044,0.010863776563455257,2098.68798828125,2090.4947875976563,2098.675252704273,2123.7468365633613,2073.6291399991387,50.11769656422257,55.32147742818058,0.005827388195557944,21.030029296875,-9.39990234375,27.110107421875,-0.25063640879175464
2015-05-04,2110.22998046875,2120.949951171875,2110.22998046875,2114.489990234375,3091580000,0.002940748690645867,0.0029364331477630206,2100.381481933594,2090.5785864257814,2100.1814181833306,2124.870533414993,2075.8924304521947,48.9781029627984,56.14253182633979,0.005698077311171529,10.719970703125,5.570068359375,14.090087890625,-0.0851662578157596
2015-05-05,2112.6298828125,2115.239990234375,2088.4599609375,2089.4599609375,3793950000,-0.011837383677612334,-0.0119080033585301,2101.037976074219,2090.1745874023436,2099.160327017061,2123.4260824385083,2078.6498697099296,44.776212728578685,44.82988796424265,0.006341513610724086,26.780029296875,-25.300048828125,-7.830078125,0.22718803977254343
2015-05-06,2091.260009765625,2098.419921875,2067.929931640625,2080.14990234375,3792210000,-0.004455724813014705,-0.004465681140931977,2100.950476074219,2089.4679858398435,2097.3498103815073,2123.6648227546098,2078.236129393828,45.428693360781836,42.850537623830554,0.006402978440725629,30.489990234375,-26.7001953125,-27.81005859375,-0.00045862491598469557
2015-05-07,2079.9599609375,2092.89990234375,2074.989990234375,2088.0,3676640000,0.0037738134388320965,0.003766710469475405,2100.7914794921876,2088.9507836914063,2096.459352249935,2123.835912696275,2077.7470462881,46.08886640817491,52.1615326880073,0.006379584479146546,17.909912109375,2.489990234375,-24.929931640625,-0.030475632942268516
2015-05-08,2092.1298828125,2117.659912109375,2092.1298828125,2116.10009765625,3399440000,0.013457901176364917,0.013368147987361164,2101.4934814453127,2089.0579858398437,2098.3298994314887,2125.534483243233,2077.4524796473925,48.08200359584043,54.71080845876834,0.0069768693540029,25.530029296875,7.81005859375,-1.58984375,-0.07539492580181906
2015-05-11,2115.56005859375,2117.68994140625,2104.580078125,2105.330078125,2992670000,-0.005089560528435566,-0.005102556456082039,2102.1384887695312,2089.0745874023437,2098.996583116585,2125.845504144424,2078.4314733946385,47.414030749785525,52.30637565937467,0.006996698144168016,13.10986328125,-9.159912109375,-3.58984375,-0.11965794366130889
2015-05-12,2102.8701171875,2105.06005859375,2085.570068359375,2099.1201171875,3139520000,-0.0029496376848567873,-0.002953996439367266,2102.302490234375,2088.709191894531,2099.008348266196,2125.8710242494644,2078.7339562192856,47.13706803017885,47.39760172266576,0.007026811938319188,19.489990234375,9.66015625,-15.639892578125,0.04906989410793705
2015-05-13,2099.6201171875,2110.18994140625,2096.0400390625,2098.47998046875,3374260000,-0.00030495478248648844,-0.0003050012906516677,2101.8949951171876,2088.523190917969,2098.958027523582,2125.430295538691,2078.359694695684,47.070600843007014,45.634732738287525,0.0069257582568392016,14.14990234375,18.330078125,-8.3701171875,0.07476939149933748
2015-05-14,2100.429931640625,2121.449951171875,2100.429931640625,2121.10009765625,3225740000,0.010779286625573148,0.010721604261760033,2102.7005004882812,2088.974592285156,2101.0667961076456,2127.7367034493946,2077.664297527168,50.07240592222661,50.929853572027696,0.007342083048070307,21.02001953125,33.10009765625,35.590087890625,-0.04401557674867973
2015-05-15,2122.070068359375,2123.889892578125,2116.81005859375,2122.72998046875,3092080000,0.0007684139066803652,0.0007681188278664758,2104.7780029296873,2089.408391113281,2103.129956522989,2129.182831122196,2080.3731747371785,48.80965638501766,53.91818131441871,0.00680455732871738,7.079833984375,6.6298828125,14.43994140625,-0.041435453570343506
2015-05-18,2121.300048828125,2131.780029296875,2120.010009765625,2129.199951171875,2888190000,0.003047948049283322,0.003043312472570502,2106.2180053710936,2090.5671899414065,2105.612813156216,2132.8336752167484,2079.602335525439,53.231339691309586,54.08230032301704,0.0065467346987704966,11.77001953125,23.869873046875,14.7099609375,-0.06593943235621325
2015-05-19,2129.449951171875,2133.02001953125,2124.5,2127.830078125,3296030000,-0.0006433745436266181,-0.0006435815978420154,2107.745007324219,2091.535192871094,2107.728743153243,2135.6757839480415,2079.8142307003964,55.86155324764513,56.158977799183525,0.006534713105369274,8.52001953125,28.7099609375,38.3701171875,0.14120954646335604
2015-05-20,2127.7900390625,2134.719970703125,2122.590087890625,2125.85009765625,3025880000,-0.0009305162517933008,-0.0009309494507940488,2108.639514160156,2093.168994140625,2109.454586439244,2137.7214477259004,2079.557580594412,58.16386713148859,63.36116623243462,0.006462306365063293,12.1298828125,27.3701171875,45.7001953125,-0.08196223942136449
2015-05-21,2125.550048828125,2134.280029296875,2122.949951171875,2130.820068359375,3070460000,0.0023378744854138933,0.0023351459087448084,2109.5340209960937,2094.980595703125,2111.4893942411613,2140.227483483519,2078.8405585086684,61.386924974850444,58.46038472046249,0.006461998382115188,11.330078125,9.719970703125,42.820068359375,0.014732904146892878
2015-05-22,2130.360107421875,2132.14990234375,2126.06005859375,2126.06005859375,2571860000,-0.002233886303356414,-0.0022363851494835974,2109.952526855469,2096.1827978515626,2112.8770765604554,2141.3347510405874,2078.5703026703504,62.764448370237005,54.392244455360206,0.006473675820642861,6.08984375,3.330078125,9.9599609375,-0.162386091986217
2015-05-26,2125.340087890625,2125.340087890625,2099.179931640625,2104.199951171875,3342130000,-0.010281980197837881,-0.010335204907502334,2109.7165283203126,2097.198798828125,2112.050683666305,2141.2022675253015,2078.2307891153237,62.97147840997786,55.7336073435758,0.0068272326169100395,26.16015625,-25.0,-1.130126953125,0.29949919513503853
2015-05-27,2105.1298828125,2126.219970703125,2105.1298828125,2123.47998046875,3127960000,0.009162641262365545,0.009120918929110081,2110.1525268554688,2098.044599609375,2113.1391881236805,2142.169347890345,2078.1357058205926,64.0336420697522,65.64146945912313,0.007111895619468491,21.090087890625,-4.35009765625,24.35986328125,-0.06408188789783764
2015-05-28,2122.27001953125,2122.27001953125,2112.860107421875,2120.7900390625,2980350000,-0.0012667608976734135,-0.0012675639174870542,2110.8495239257813,2098.9747998046873,2113.867840594044,2143.169143085927,2078.529904765636,64.63923832029104,62.29471880366604,0.007060542965548612,9.409912109375,-5.06005859375,22.31005859375,-0.04719050115730383
2015-05-29,2120.659912109375,2120.659912109375,2104.889892578125,2107.389892578125,3927390000,-0.0063184691730722164,-0.006338515184097658,2111.9435180664063,2099.13259765625,2113.2508931639563,2142.057655593364,2081.8293805394487,60.22827505391524,46.329458775985565,0.006809756266197165,15.77001953125,-23.43017578125,-13.710205078125,0.31776133675575013
2015-06-01,2108.639892578125,2119.14990234375,2102.5400390625,2111.72998046875,3011710000,0.002059461282371222,0.002057343499147661,2112.115515136719,2099.581796875,2113.1060443358415,2142.1810474386552,2082.0499828347824,60.1310646038728,52.85149264446737,0.006373163754546625,16.60986328125,-14.330078125,-11.0,-0.23315229707261054
2015-06-02,2110.409912109375,2117.590087890625,2099.139892578125,2109.60009765625,3049350000,-0.0010085961899480855,-0.0010091051653478204,2111.8710205078123,2099.611796875,2112.772144652071,2141.934779930551,2081.8072610850736,60.127518845477425,54.8455554000298,0.006341644442763419,18.4501953125,5.400146484375,-19.599853515625,0.012497883262332588
2015-06-03,2110.639892578125,2121.919921875,2109.610107421875,2114.070068359375,3099980000,0.0021188711112078984,0.0021166294697559994,2113.101525878906,2099.8047998046877,2112.895756433719,2141.257064163708,2084.9459875941043,56.311076569603756,56.961727234867396,0.005719027287482891,12.309814453125,-9.409912109375,-13.760009765625,0.016603538459015965
2015-06-04,2112.35009765625,2112.889892578125,2093.22998046875,2095.840087890625,3200050000,-0.008623167576889856,-0.008660562215101069,2113.88603515625,2099.8916015625,2111.2714070486622,2138.871617306989,2088.900453005511,49.971164301477984,38.25987695366132,0.0059828076401076125,19.659912109375,-24.949951171875,-30.010009765625,0.03228085342486087
2015-06-05,2095.090087890625,2100.989990234375,2085.669921875,2092.830078125,3243690000,-0.0014361829335245435,-0.0014372152327325357,2114.1275390625,2100.5272021484375,2109.5150900083136,2138.1337960357423,2090.121282089258,48.01251394648443,36.27940846963926,0.005941123943618538,15.320068359375,-14.559814453125,-37.989990234375,0.013637286917391966
2015-06-08,2092.340087890625,2093.010009765625,2079.110107421875,2079.280029296875,2917150000,-0.006474509789282434,-0.006495560338305542,2112.2865356445313,2100.9898046875,2106.635560416748,2140.8673494284617,2083.705721860601,57.161627567860705,28.490216705238794,0.005215634317883877,13.89990234375,-32.449951171875,-46.780029296875,-0.10066929947066461
2015-06-09,2079.070068359375,2085.6201171875,2072.139892578125,2080.14990234375,3034580000,0.00041835300422188304,0.00041826551900276467,2111.0275268554688,2101.37240234375,2104.1131167907483,2142.924623538032,2079.1304301729056,63.794193365126375,29.366384082898747,0.005125427365923663,13.480224609375,-29.4501953125,-24.050048828125,0.040255043449942685
2015-06-10,2081.1201171875,2108.5,2081.1201171875,2105.199951171875,3414320000,0.012042424827124476,0.011970491752514406,2111.3315185546876,2101.7516015625,2104.216624827046,2142.864604617201,2079.798432492174,63.06617212502715,42.55099542577944,0.005812287684820844,27.3798828125,-8.8701171875,-18.280029296875,0.12513758081843296
2015-06-11,2106.239990234375,2115.02001953125,2106.239990234375,2108.860107421875,3128600000,0.0017386264178671507,0.0017371167565281324,2111.8505249023438,2102.571005859375,2104.6588612646487,2142.8298123597738,2080.8712374449137,61.95857491486004,42.00294461771536,0.005821627148219581,8.780029296875,13.02001953125,-11.929931640625,-0.08368284167857731
2015-06-12,2107.429931640625,2107.429931640625,2091.330078125,2094.110107421875,2719400000,-0.0069942998817651425,-0.007018874653102703,2110.501025390625,2103.2594091796873,2103.6542180415277,2142.1284519681913,2078.8735988130584,63.25485315513288,39.15408726324008,0.005478235942266679,16.099853515625,1.280029296875,-13.27978515625,-0.13079332608834626
2015-06-15,2091.340087890625,2091.340087890625,2072.489990234375,2084.429931640625,3061570000,-0.004622572493653387,-0.004633289621771348,2108.5860229492187,2103.60880859375,2101.823333622394,2141.698930057836,2075.473115840601,66.22581421723498,42.68375098479975,0.0055383206846760635,18.85009765625,5.14990234375,-27.300048828125,0.12582554975362203
2015-06-16,2084.260009765625,2097.39990234375,2082.10009765625,2096.2900390625,2919900000,0.0056898566086796,0.005673730515753803,2106.94052734375,2103.92220703125,2101.2963531881182,2138.994137038973,2074.8869176485273,64.10721939044561,39.35317961072235,0.0056673282549317295,15.2998046875,16.14013671875,-13.31005859375,-0.04627364391472344
2015-06-17,2097.39990234375,2106.7900390625,2088.860107421875,2100.43994140625,3222240000,0.0019796413026920145,0.0019776843950728407,2105.5710205078126,2104.404404296875,2101.214790161274,2136.1743719068786,2074.9676691087466,61.20670279813203,42.12155009451796,0.005700503071335563,17.929931640625,-4.760009765625,-13.630126953125,0.10354464193979251
2015-06-18,2101.580078125,2126.64990234375,2101.580078125,2121.239990234375,3520360000,0.009902710578908236,0.009854000054008836,2105.3405151367188,2105.1912060546874,2103.121952072998,2135.36470641059,2075.3163238628476,60.04838254774222,55.07142729434482,0.006166315551838625,25.06982421875,12.3798828125,25.39990234375,0.09251948954764377
2015-06-19,2121.06005859375,2121.639892578125,2109.449951171875,2109.989990234375,4449810000,-0.0053035017498218595,-0.00531761523794962,2104.2990112304688,2105.5674072265624,2103.7760509455097,2131.9533158211048,2076.6447066398327,55.308609181272004,49.39356345077458,0.006244173631052451,12.18994140625,15.8798828125,17.159912109375,0.264021293276824
2015-06-22,2112.5,2129.8701171875,2112.5,2122.85009765625,3030020000,0.006094866554531064,0.006076367981542122,2104.1385131835937,2105.9832080078127,2105.592626822723,2131.2938057921956,2076.9832205749917,54.31058521720388,54.29663502036215,0.0063964007750059075,17.3701171875,38.420166015625,43.570068359375,-0.3190675556933892
2015-06-23,2123.159912109375,2128.030029296875,2119.889892578125,2124.199951171875,3091190000,0.0006358685039113965,0.0006356664251933869,2105.1385131835937,2106.6186083984376,2107.3647529512136,2133.7379413105978,2076.5390850565896,57.198856254008206,53.352704659461146,0.005926371838026352,8.14013671875,27.909912109375,44.050048828125,0.020187985557851063
2015-06-24,2123.64990234375,2125.10009765625,2108.580078125,2108.580078125,3102480000,-0.00735329696164333,-0.007380465718305258,2104.393518066406,2106.873408203125,2107.48049820586,2131.729591076803,2077.0574450560093,54.67214602079366,54.29070882249919,0.005803681874893944,16.52001953125,8.14013671875,3.380126953125,0.0036523151278309296
2015-06-25,2109.9599609375,2116.0400390625,2101.780029296875,2102.31005859375,3214610000,-0.0029735743006855664,-0.0029780041565964136,2103.469519042969,2106.78701171875,2106.988075385659,2129.6989064786153,2077.2401316073224,52.45877487129292,53.12416525329634,0.005830574806496058,14.260009765625,-18.929931640625,-6.550048828125,0.03614205409865656
2015-06-26,2102.6201171875,2108.919921875,2095.3798828125,2101.489990234375,5025470000,-0.0003900796440671206,-0.00039015574492238484,2103.174523925781,2106.71701171875,2106.464448228394,2129.350919070622,2076.9981287809405,52.35279028968125,57.989755912482615,0.005663290902508837,13.5400390625,-8.5,7.3798828125,0.5633218337527726
2015-06-29,2098.6298828125,2098.6298828125,2056.639892578125,2057.639892578125,3678960000,-0.02086619391956246,-0.02108696950861153,2100.47001953125,2106.2462109375,2101.814490547416,2133.264875781028,2067.6751632814717,65.5897124995563,43.814927463705025,0.007285647188445447,41.989990234375,-65.210205078125,-26.7900390625,-0.2679371282685997
2015-06-30,2061.18994140625,2074.280029296875,2056.320068359375,2063.110107421875,4078540000,0.0026584898861461426,0.0026549623524674106,2098.1455200195314,2105.5004150390623,2098.128358821174,2134.6016250739494,2061.6894149651134,72.912210108836,37.04055614355816,0.007338556603339708,17.9599609375,-61.08984375,-33.179931640625,0.1086122164959662
2015-07-01,2067.0,2082.780029296875,2067.0,2077.419921875,3727260000,0.006936040108400654,0.006912096434637041,2096.3130126953124,2105.1030126953124,2096.156126731062,2133.081917167816,2059.544108222809,73.53780894500687,40.91535653869434,0.007526002876648258,15.780029296875,-31.16015625,-23.02001953125,-0.08612885983709861
2015-07-02,2078.030029296875,2085.06005859375,2071.02001953125,2076.780029296875,2996540000,-0.0003080227407983305,-0.00030807018954653404,2095.360009765625,2104.4794140625,2094.3107841182823,2133.154253513934,2057.565766017316,75.58848749661774,44.54789562780923,0.007300103518648778,14.0400390625,-25.530029296875,-44.4599609375,-0.19604749869877602
2015-07-06,2073.949951171875,2078.610107421875,2058.39990234375,2068.760009765625,3486360000,-0.003861756863082544,-0.003869232698897424,2094.1565063476564,2103.596015625,2091.8773770370767,2133.7787067269464,2054.5343059683664,79.24440075858001,45.01814715808363,0.007337728554560304,20.210205078125,-32.72998046875,-41.22998046875,0.1634618593444439
2015-07-07,2069.52001953125,2083.739990234375,2044.02001953125,2081.340087890625,4458660000,0.00608097510857486,0.006062560593868743,2094.2595092773436,2102.8690185546875,2090.8738256897955,2133.7292923746677,2054.7897261800194,78.93956619464825,45.26870305210569,0.007341500265582819,39.719970703125,23.7001953125,-41.510009765625,0.2788868619419682
2015-07-08,2077.659912109375,2077.659912109375,2044.6600341796875,2046.6800537109375,3608780000,-0.016652749054007043,-0.016792964912141516,2092.586016845703,2101.6242211914064,2086.6648950251424,2137.0916403581764,2048.0803933332295,89.0112470249469,35.74009207398298,0.00823724290379468,32.9998779296875,-16.4300537109375,-77.5198974609375,-0.19061332328547143
2015-07-09,2049.72998046875,2074.280029296875,2049.72998046875,2051.31005859375,3446810000,0.0022622025726091177,0.0022596476448199895,2089.891522216797,2100.355222167969,2083.297767745962,2137.5922390920005,2042.1908053415934,95.40143375040702,29.710468305509266,0.007709466976677907,24.550048828125,-26.10986328125,-57.27001953125,-0.04488220395812437
2015-07-10,2052.739990234375,2081.31005859375,2052.739990234375,2076.6201171875,3065070000,0.012338485100151564,0.012262986385007718,2088.2795227050783,2099.750622558594,2082.6618010261086,2135.457359769114,2041.1016856410426,94.35567412807154,41.048380125063204,0.008270895390772082,28.570068359375,-0.159912109375,-25.68994140625,-0.11075168053939732
2015-07-13,2080.030029296875,2100.669921875,2080.030029296875,2099.60009765625,3096730000,0.011066049239604414,0.011005268507355188,2088.554022216797,2100.0324243164064,2084.2749721337414,2135.9381349710015,2041.1699094625926,94.76822550840893,44.08427081456817,0.008533550941587675,20.639892578125,30.840087890625,-1.889892578125,0.010329291011298203
2015-07-14,2099.719970703125,2111.97998046875,2098.179931640625,2108.949951171875,3002120000,0.004453159211633695,0.00444327323650017,2089.7800231933593,2100.0456225585935,2086.624970137373,2137.9767284729996,2041.583317913719,96.39341055928071,46.271576140092854,0.008506793445314137,13.800048828125,27.60986328125,51.31005859375,-0.030551581829865726
2015-07-15,2109.010009765625,2114.139892578125,2102.489990234375,2107.39990234375,3261810000,-0.000734986066058041,-0.0007352563007372865,2090.335516357422,2099.9038208007814,2088.603535109409,2139.1008832324383,2041.5701494824057,97.5307337500326,49.690145286862396,0.008426171048839354,11.64990234375,60.7198486328125,44.289794921875,0.08650220510839013
2015-07-16,2110.550048828125,2124.419921875,2110.550048828125,2124.2900390625,3227080000,0.008014680412562258,0.007982733444475738,2091.5280212402345,2100.6004223632813,2092.002249771608,2142.452441252047,2040.6036012284221,101.84884002362469,55.46601695357741,0.008595905865511821,13.869873046875,72.97998046875,46.8701171875,-0.010647462605118063
2015-07-17,2126.800048828125,2128.909912109375,2119.8798828125,2126.639892578125,3362750000,0.001106182994042637,0.00110557162445071,2091.798016357422,2101.5302221679685,2095.3010728960385,2143.43795008763,2040.1580826272143,103.27986746041552,56.207091029381466,0.008315327160184762,9.030029296875,50.019775390625,49.85986328125,0.042041102172862166
2015-07-20,2126.85009765625,2132.820068359375,2123.659912109375,2128.280029296875,3245870000,0.00077123387202227,0.0007709366240016023,2092.712518310547,2102.335822753906,2098.441925886594,2146.319285690707,2039.1057509303864,107.21353476032073,72.02272128746858,0.008215599924985745,9.16015625,28.679931640625,59.52001953125,-0.03475726711768645
2015-07-21,2127.550048828125,2128.489990234375,2115.39990234375,2119.2099609375,3343690000,-0.0042616893616069795,-0.004270796242723094,2092.5305114746093,2102.398020019531,2100.4198339866803,2145.729610031869,2039.3314129173493,106.39819711451969,67.10570197510057,0.008168249239717238,13.090087890625,10.260009765625,37.869873046875,0.03013675840375618
2015-07-22,2118.2099609375,2118.510009765625,2110.0,2114.14990234375,3694070000,-0.0023877098952062026,-0.00239056502019028,2092.028009033203,2102.5744165039064,2101.7274595444965,2144.1464548868353,2039.9095631795706,104.2368917072647,61.869038696698354,0.008182777507591475,8.510009765625,6.75,67.4698486328125,0.10478842237169106
2015-07-23,2114.159912109375,2116.8701171875,2098.6298828125,2102.14990234375,3772810000,-0.005676040278268291,-0.0056922102113794535,2091.7065002441404,2102.635012207031,2101.7676921920443,2143.473169598856,2039.9398308894247,103.53333870943152,57.637372006126654,0.008113967843818343,18.240234375,-22.14013671875,50.83984375,0.021315243078772195
2015-07-24,2102.239990234375,2106.010009765625,2077.090087890625,2079.64990234375,3870040000,-0.01070332804283558,-0.010761020696661188,2090.5734924316407,2102.258410644531,2099.661236016016,2142.3549059546144,2038.7920789086672,103.56282704594719,53.01541610781812,0.008434733770152246,28.919921875,-46.989990234375,3.02978515625,0.02577124212457038
2015-07-27,2078.18994140625,2078.18994140625,2063.52001953125,2067.639892578125,3836750000,-0.005775015185050969,-0.005791755065064178,2088.880987548828,2101.189206542969,2096.6115842600266,2141.3680463206897,2036.393928776967,104.97411754372274,46.19439535265388,0.008516331896587044,14.669921875,-60.64013671875,-31.960205078125,-0.008601978274126343
2015-07-28,2070.75,2095.60009765625,2069.090087890625,2093.25,4117740000,0.012386154626733425,0.012310073801889353,2090.661492919922,2100.599606933594,2096.291433378119,2141.0607663592837,2040.26221948056,100.79854687872376,63.62090079797205,0.007582657637399474,26.510009765625,-25.9599609375,-15.699951171875,0.07323646315240762
2015-07-29,2094.699951171875,2110.60009765625,2094.080078125,2108.570068359375,4038900000,0.007318795346650031,0.007292142927383681,2092.934490966797,2100.187009277344,2097.460827185858,2142.1894024595617,2043.6795794740322,98.50982298552958,65.76191634666176,0.007710532836400653,16.52001953125,-5.579833984375,1.170166015625,-0.0191464249806933
2015-07-30,2106.780029296875,2110.47998046875,2094.969970703125,2108.6298828125,3579410000,2.836730636679441e-05,2.836690402236809e-05,2094.494989013672,2099.8030053710936,2098.5245467693476,2143.657791259744,2045.3321867675995,98.32560449214452,60.233946429296225,0.007590002680839703,15.510009765625,6.47998046875,-15.66015625,-0.1137661244398227
2015-07-31,2111.60009765625,2114.239990234375,2102.070068359375,2103.840087890625,3681340000,-0.002271519985995063,-0.002274103801051709,2095.8479919433594,2099.3628051757814,2099.0307887808976,2144.4441994604463,2047.2517844262727,97.19241503417356,51.53400569190572,0.007617374110225196,12.169921875,24.190185546875,-22.7998046875,0.028476760136447066
2015-08-03,2104.489990234375,2105.699951171875,2087.31005859375,2098.0400390625,3476770000,-0.002756886733696673,-0.0027606939449045503,2097.3119934082033,2098.707204589844,2098.93643166486,2144.2065882382167,2050.41739857819,93.78918966002675,45.94879307812673,0.00758668452807761,18.389892578125,30.400146484375,-30.239990234375,-0.05556943938891812
2015-08-04,2097.679931640625,2102.510009765625,2088.60009765625,2093.320068359375,3546710000,-0.002249704779339723,-0.0022522391669328678,2097.910992431641,2098.0524047851563,2098.4015399214804,2144.2493295628788,2051.572655300403,92.6766742624759,44.891950732580945,0.007505713102398594,13.909912109375,0.070068359375,-25.889892578125,0.020116372380111436
2015-08-05,2095.27001953125,2112.659912109375,2095.27001953125,2099.840087890625,3968680000,0.0031146787487494887,0.003109838185490679,2100.568994140625,2097.9652075195313,2098.5385444899703,2140.1382802994235,2060.9997079818263,79.13857231759721,40.40801861944122,0.006369429699284653,17.389892578125,-8.72998046875,-14.309814453125,0.11897505011686893
2015-08-06,2100.75,2103.320068359375,2075.530029296875,2083.56005859375,4246570000,-0.00775298528243118,-0.007783195922562142,2102.181494140625,2097.1668090820312,2097.1120220236635,2135.4208746086997,2068.9421136725505,66.47876093614923,34.764536956930925,0.006676280650299079,27.7900390625,-25.06982421875,-18.58984375,0.07002076257093037
2015-08-07,2082.610107421875,2082.610107421875,2067.909912109375,2077.570068359375,3602320000,-0.0028748824444340126,-0.0028790228563377145,2102.2289916992186,2096.3024096679687,2095.2508835794456,2135.316948270873,2069.141035127564,66.17591314330912,32.60139719555711,0.006137546293971026,14.7001953125,-26.27001953125,-2.079833984375,-0.15171067473278432
2015-08-10,2080.97998046875,2105.35009765625,2080.97998046875,2104.179931640625,3514460000,0.012808166466444781,0.012726835632025084,2102.4579833984376,2096.238210449219,2096.101269109082,2135.532723232609,2069.383243564266,66.14947966834279,45.39717952667128,0.0063121355329298036,24.3701171875,6.139892578125,36.5400390625,-0.02438983766017455
2015-08-11,2102.659912109375,2102.659912109375,2076.489990234375,2084.070068359375,3708880000,-0.00955710249815489,-0.00960306468018227,2101.2139892578125,2095.6850122070314,2094.9554404662526,2135.121686931258,2067.306291584367,67.81539534689091,41.56575122844152,0.006578646545959267,26.169921875,-9.25,-9.179931640625,0.05532002071441977
2015-08-12,2081.10009765625,2089.06005859375,2052.090087890625,2086.050048828125,4269130000,0.0009500546545004873,0.0009496036382146948,2100.1464965820314,2095.2140112304687,2094.1073079292883,2134.5745010141086,2065.7184921499543,68.85600886415432,45.21690565818773,0.006587242954379097,36.969970703125,-13.7900390625,-22.52001953125,0.151056383598283
2015-08-13,2086.18994140625,2092.929931640625,2078.260009765625,2083.389892578125,3221300000,-0.0012752120935421996,-0.0012760258683812036,2098.1014892578123,2094.6004077148436,2093.086601705368,2131.3290859325402,2064.8738925830844,66.45519334945584,51.259597658903026,0.006276290832594016,14.669921875,-0.170166015625,-25.239990234375,-0.24544345100758236
2015-08-14,2083.14990234375,2092.449951171875,2080.610107421875,2091.5400390625,2795590000,0.003911964108786803,0.0039043322743591373,2096.3464965820312,2094.514406738281,2092.939310025095,2126.821196312685,2065.8717968513774,60.94939946130762,58.264236063625205,0.006355595501943855,11.83984375,13.969970703125,-12.300048828125,-0.13215472014404117
2015-08-17,2089.699951171875,2102.8701171875,2079.300048828125,2102.43994140625,2867690000,0.00521142418513576,0.005197891709402951,2095.0544921875,2094.7066040039062,2093.8441320613956,2121.7904480227467,2068.318536352253,53.47191167049368,53.53759576563639,0.006489964545953266,23.570068359375,-1.739990234375,4.39990234375,0.025790620226857408
2015-08-18,2101.989990234375,2103.469970703125,2094.139892578125,2096.919921875,2949990000,-0.002625530186397551,-0.0026289829356331003,2093.939990234375,2095.059401855469,2094.137064424596,2118.1778670904628,2069.702113378287,48.4757537121759,45.149394068149796,0.006451452004466243,9.330078125,12.849853515625,3.599853515625,0.028699057429498964
2015-08-19,2095.68994140625,2096.169921875,2070.530029296875,2079.610107421875,3512920000,-0.008254876246131082,-0.008289136409597112,2092.213000488281,2095.048605957031,2092.753544710051,2115.2815930633355,2069.1444079132266,46.13718515010896,39.43502985549549,0.0066710429078396406,25.639892578125,-6.43994140625,-20.22998046875,0.19082437567584964
2015-08-20,2076.610107421875,2076.610107421875,2035.72998046875,2035.72998046875,3922470000,-0.021100170073477753,-0.021325960454146156,2088.8920043945313,2093.6592065429686,2087.322729068022,2122.60525044683,2055.178758342233,67.42649210459695,30.697689221857672,0.008019424909792499,40.880126953125,-47.659912109375,-47.830078125,0.11658392448447441
2015-08-21,2034.0799560546875,2034.0799560546875,1970.8900146484375,1970.8900146484375,5018240000,-0.031850965718637325,-0.03236924252187817,2083.4540100097656,2090.8998046875,2076.2338991232996,2146.1082601402513,2020.79975987928,125.30850026097141,23.00078435682481,0.010343895838829817,63.18994140625,-120.6500244140625,-106.6800537109375,0.27935713976142584
2015-08-24,1965.1500244140625,1965.1500244140625,1867.010009765625,1893.2099609375,6612690000,-0.03941369286646568,-0.04021144434651928,2074.7325134277344,2086.8818017578124,2058.803047867509,2180.4310005720895,1969.0340262833795,211.39697428871,17.55987553519313,0.013217705559983778,98.1400146484375,-209.22998046875,-210.969970703125,0.31773091761254935
2015-08-25,1898.0799560546875,1948.0400390625,1867.0799560546875,1867.6099853515625,5183560000,-0.01352199497897244,-0.013614249742655897,2063.4505126953127,2082.5454028320314,2040.5941847707522,2203.4347087161186,1923.4663166745067,279.9683920416119,14.546092917489304,0.012756515406049152,80.9600830078125,-229.3099365234375,-216.4600830078125,-0.21611930999336126
2015-08-26,1872.75,1943.0899658203125,1872.75,1940.510009765625,5338250000,0.03903385877450183,0.03829129943453164,2055.047509765625,2079.429802246094,2031.0623585797878,2203.545509530013,1906.5495100012367,296.99599952877634,31.379989525840926,0.01600551360600027,70.3399658203125,-139.10009765625,-145.5400390625,0.029842424897174924
2015-08-27,1942.77001953125,1989.5999755859375,1942.77001953125,1987.6600341796875,5006390000,0.024297748621125326,0.02400725448969004,2048.9990173339843,2077.1742041015623,2026.9288038750162,2198.1606616469585,1899.8373730210099,298.32328862594863,39.429559626575966,0.017203920001883394,46.8299560546875,-48.0699462890625,-95.7298583984375,-0.06216644031283658
2015-08-28,1986.06005859375,1993.47998046875,1975.18994140625,1988.8699951171875,3949080000,0.0006087363616984476,0.0006085511568762156,2043.2505126953124,2074.5268041992185,2023.3041554218896,2192.374785715853,1894.126239674772,298.2485460410808,35.58229359330065,0.017220701992739125,18.2900390625,17.97998046875,-102.6700439453125,-0.21119209650067217
2015-08-31,1986.72998046875,1986.72998046875,1965.97998046875,1972.1800537109375,3915100000,-0.008391670369217175,-0.008427078663984055,2036.9575134277343,2071.77060546875,2018.43519335418,2186.9665047116755,1886.9485221437928,300.01798256788265,35.889223842115,0.017268314788681204,20.75,78.9700927734375,-130.2598876953125,-0.008604535739969776
2015-09-01,1970.0899658203125,1970.0899658203125,1903.0699462890625,1913.8499755859375,4371850000,-0.029576446640986798,-0.030022649842427997,2027.9840087890625,2067.5906030273436,2008.4746964238711,2185.100167982567,1870.8678495955578,314.2323183870094,30.9858220899134,0.01826273790516959,67.02001953125,46.239990234375,-183.0699462890625,0.11666368675129624
2015-09-02,1916.52001953125,1948.9100341796875,1916.52001953125,1948.8599853515625,3742620000,0.01829297500443139,0.01812767142321464,2020.4350036621095,2064.0838037109374,2002.7971048931752,2177.5227303706138,1863.3472769536052,314.1754534170086,36.13579827264372,0.01889216393817377,32.3900146484375,8.3499755859375,-130.7501220703125,-0.14392762789208224
2015-09-03,1950.7900390625,1975.010009765625,1944.719970703125,1951.1300048828125,3520700000,0.0011647935451044589,0.0011641156994188924,2013.8135009765624,2060.9348022460936,1997.876428701712,2170.862038750884,1856.764963202241,314.09707554864303,35.3522858293328,0.018893082888196383,30.2900390625,-36.530029296875,-84.5999755859375,-0.05929535993501878
2015-09-04,1947.760009765625,1947.760009765625,1911.2099609375,1921.219970703125,3167090000,-0.015329595723932221,-0.015448308754276238,2005.99599609375,2057.3130004882814,1990.5758136542277,2165.23203379826,1846.75995838924,318.47207540902014,31.816179716487255,0.019089231723772908,36.550048828125,-67.6500244140625,-49.6700439453125,-0.1004374130144573
2015-09-08,1927.300048828125,1970.4200439453125,1927.300048828125,1969.4100341796875,3548650000,0.02508305358648033,0.024773637197038505,1999.257501220703,2054.6714013671876,1988.5600251328428,2152.284399949979,1846.230602491427,306.05379745855225,38.214700831094305,0.019831853135975668,43.1199951171875,-2.77001953125,76.2000732421875,0.1204765257697129
2015-09-09,1971.449951171875,1988.6300048828125,1937.8800048828125,1942.0400390625,3652120000,-0.01389756050907287,-0.013995035769084717,1992.1559997558593,2052.359404296875,1984.1295502690007,2141.7546844601084,1842.5573150516102,299.19736940849816,37.5170135842837,0.019929544339013314,50.75,28.1900634765625,74.4300537109375,0.02915756696208427
2015-09-10,1941.5899658203125,1965.2900390625,1937.18994140625,1952.2900390625,3626320000,0.005277955033794246,0.005264075444935658,1985.467999267578,2050.1430029296876,1981.0972158683815,2129.2386544024625,1841.6973441326934,287.54131026976916,41.93661405266244,0.02000187552690255,28.10009765625,3.4300537109375,11.780029296875,-0.0070643899981380764
2015-09-11,1951.449951171875,1961.050048828125,1939.18994140625,1961.050048828125,3218590000,0.004487043210972708,0.004477006444986281,1979.351007080078,2047.81560546875,1979.1879618645476,2115.80357706671,1842.898437093446,272.9051399732641,48.93349933251922,0.02007119347227064,21.860107421875,9.9200439453125,-26.6099853515625,-0.11243629905799823
2015-09-14,1963.06005859375,1963.06005859375,1948.27001953125,1953.030029296875,3000200000,-0.004089655710746709,-0.00409804122304381,1972.4255065917969,2045.34060546875,1976.6967301914358,2098.5740048408566,1846.277008342737,252.2969964981196,57.636731411758845,0.02000939297527476,14.7900390625,31.81005859375,-35.8399658203125,-0.06785269326009213
2015-09-15,1955.0999755859375,1983.18994140625,1954.300048828125,1978.0899658203125,3239860000,0.01283131142251781,0.01274968763143236,1966.2080078125,2043.5272045898437,1976.8294192989479,2076.6559418825846,1855.7600737424157,220.8958681401689,64.12353591822365,0.0202496798528792,28.889892578125,8.679931640625,5.909912109375,0.07988134124391699
2015-09-16,1978.02001953125,1997.260009765625,1977.9300537109375,1995.31005859375,3630680000,0.008705414349693852,0.0086677407153759,1961.1275146484375,2041.8066040039062,1978.589480184167,2054.2478565186857,1868.007172778189,186.2406837404967,58.16837862446077,0.020414094926381052,19.3299560546875,53.27001953125,81.4600830078125,0.12062866914002446
2015-09-17,1995.3299560546875,2020.8599853515625,1986.72998046875,1990.199951171875,4183790000,-0.002561059320011938,-0.002564344442560099,1956.6570068359374,2040.677001953125,1979.6952393258537,2032.8790009068748,1880.435012765,152.4439881418748,50.4328416270202,0.020366063020794488,34.1300048828125,37.909912109375,41.3399658203125,0.15234336267586235
2015-09-18,1989.6600341796875,1989.6600341796875,1953.449951171875,1958.030029296875,6021240000,-0.016164165744279924,-0.01629623095438354,1952.7720092773438,2038.8114013671875,1977.6318859897603,2019.3326262352798,1886.2113923194079,133.12123391587193,45.2460315698082,0.020151163092081075,36.2100830078125,-3.02001953125,6.9000244140625,0.4391831329966369
2015-09-21,1960.8399658203125,1979.6400146484375,1955.800048828125,1966.969970703125,3269350000,0.004565783605198437,0.004555392033672697,1952.5760070800782,2036.6183984375,1976.6164654862712,2018.9347630873333,1886.217251072823,132.71751201451025,49.17720867450035,0.0188942775975523,23.8399658203125,13.93994140625,45.75,-0.45703044555606487
2015-09-22,1961.3900146484375,1961.3900146484375,1929.219970703125,1942.739990234375,3808260000,-0.012318429274285614,-0.012394930019378313,1955.052508544922,2033.4811962890626,1973.3901345099002,2015.5179140036557,1894.587103086188,120.93081091746762,55.113093548307646,0.01676568649975423,32.1700439453125,-35.3499755859375,-26.6700439453125,0.164837047119458
2015-09-23,1943.239990234375,1949.52001953125,1932.5699462890625,1938.760009765625,3190530000,-0.002048642890328245,-0.002050744229593947,1958.610009765625,2030.0773974609374,1970.0920273913978,2003.8751801274848,1913.344839403765,90.53034072371975,47.991893695770884,0.016420062284911347,16.9500732421875,-56.550048828125,-3.280029296875,-0.16220793748326012
2015-09-24,1934.81005859375,1937.1700439453125,1908.9200439453125,1932.239990234375,4091530000,-0.003362984329369434,-0.00336865187130644,1958.1965087890626,2026.57419921875,1966.4870714716812,2004.3011782555006,1912.0918393226245,92.20933893287611,46.30665016341749,0.013935961997274012,28.25,-57.9599609375,-20.050048828125,0.2823982222389383
2015-09-25,1935.9300537109375,1952.8900146484375,1921.5,1931.3399658203125,3721870000,-0.00046579328582951884,-0.00046590180122054944,1955.3805053710937,2022.7151977539063,1963.1397280763128,2000.782498518122,1909.9785122240653,90.80398629405681,52.23182581512537,0.01269724024088151,31.3900146484375,-26.6900634765625,-29.7100830078125,-0.09034762057225532
2015-09-28,1929.1800537109375,1929.1800537109375,1879.2099609375,1881.77001953125,4326660000,-0.02566609046896018,-0.026001211162809106,1950.0255065917968,2017.8178002929687,1955.3902320244022,2003.3661341940929,1896.6848789895007,106.68125520459216,30.7891223084724,0.013794734189446019,49.9700927734375,-85.199951171875,-71.260009765625,0.16249627203529404
2015-09-29,1881.9000244140625,1899.47998046875,1871.9100341796875,1884.0899658203125,4132390000,0.001232853252514099,0.001232093912981713,1945.6210021972656,2012.9339990234375,1948.5997304811556,2005.4162414485772,1885.825762945954,119.59047850262323,35.73009255223535,0.013752557054184716,27.5699462890625,-58.6500244140625,-94.0,-0.04490068551723503
2015-09-30,1887.1400146484375,1920.530029296875,1887.1400146484375,1920.030029296875,4525070000,0.019075555906861608,0.01889589860356512,1945.9300048828125,2008.950400390625,1945.878806558843,2005.09449571835,1886.765514047275,118.32898167107487,42.948323174148456,0.012932151163567522,33.3900146484375,-18.72998046875,-75.280029296875,0.09502491294384119
2015-10-01,1919.6500244140625,1927.2099609375,1900.699951171875,1923.8199462890625,3983600000,0.001973884228037459,0.001971938678337173,1944.6780029296874,2005.1438012695312,1943.777962723626,2004.6358747412996,1884.7201311180752,119.91574362322444,41.6811637844269,0.012228895414930996,26.510009765625,-8.4200439453125,-66.3800048828125,-0.11966002735869274
2015-10-02,1921.77001953125,1951.3599853515625,1893.699951171875,1951.3599853515625,4378570000,0.014315289284541954,0.014213793016405511,1944.689501953125,2002.1280029296875,1944.5000601167628,2004.6526718390976,1884.7263320671525,119.9263397719451,49.656779046587836,0.012672861924738031,57.6600341796875,20.02001953125,-6.6700439453125,0.09914901094487405
2015-10-05,1954.3299560546875,1989.1700439453125,1954.3299560546875,1987.050048828125,4334490000,0.018289840800508328,0.018124593518502156,1947.981005859375,2000.276005859375,1948.5524399940355,2009.7205783492143,1886.2414333695358,123.4791449796785,51.76435126360924,0.012750455117159517,34.840087890625,105.280029296875,20.080078125,-0.010067213725028945
2015-10-06,1986.6300048828125,1991.6199951171875,1971.989990234375,1979.9200439453125,4202400000,-0.0035882361830883447,-0.0035946893441432997,1948.5065063476563,1998.5216088867187,1951.539830846538,2011.1858175271113,1885.8271951682013,125.35862235891,46.844109128866485,0.011545395585865561,19.6300048828125,95.830078125,37.1800537109375,-0.030474173432168516
2015-10-07,1982.3399658203125,1999.31005859375,1976.43994140625,1995.8299560546875,4666470000,0.008035633639867479,0.008003519857552759,1951.1960021972657,1996.5732080078126,1955.757938009219,2017.2332041075995,1885.1588002869319,132.0744038206676,51.105527662281574,0.011158060447704515,22.8701171875,75.7999267578125,57.0699462890625,0.11042975442604219
2015-10-08,1994.010009765625,2016.5,1987.530029296875,2013.4300537109375,3939140000,0.008818435459823082,0.008779780144558488,1954.2530029296875,1994.6704077148438,1961.2505204570018,2025.9237520879078,1882.582253771467,143.34149831644072,61.538790107247586,0.011250089568231711,28.969970703125,89.610107421875,81.1900634765625,-0.15586299708344853
2015-10-09,2013.72998046875,2020.1300048828125,2007.6099853515625,2014.8900146484375,3706900000,0.000725111326717931,0.0007248485605153577,1956.945001220703,1992.7956103515626,1966.3590437133291,2033.5643853484332,1880.3256170929728,153.2387682554604,60.30184302168431,0.011230769341186327,12.52001953125,63.530029296875,83.550048828125,-0.058957031230167045
2015-10-12,2015.6500244140625,2018.6600341796875,2010.550048828125,2017.4599609375,2893250000,0.0012754772073804155,0.0012746644773328382,1960.1664978027343,1991.0680078125,1971.2257977346787,2041.3734331486833,1878.9595624567853,162.41387069189796,67.71287653600763,0.011156188377858164,8.1099853515625,30.409912109375,135.68994140625,-0.21949607488737222
2015-10-13,2015.0,2022.3399658203125,2001.780029296875,2003.68994140625,3401920000,-0.006825423947869114,-0.006848823690127077,1961.4464965820312,1989.181005859375,1974.317620941495,2044.6260255086613,1878.266967655401,166.3590578532603,64.70933422416121,0.010986971648525676,20.5599365234375,23.7698974609375,119.5999755859375,0.17581266741553625
2015-10-14,2003.6600341796875,2009.56005859375,1990.72998046875,1994.239990234375,3644590000,-0.0047162741982138545,-0.0047274309119391435,1961.3929931640625,1987.199404296875,1976.2149894455788,2044.4821359035977,1878.3038504245274,166.17828547907038,63.86156988479623,0.010881699678740607,18.830078125,-1.5899658203125,74.2099609375,0.07133324710751565
2015-10-15,1996.469970703125,2024.1500244140625,1996.469970703125,2023.8599853515625,3746290000,0.01485277361914017,0.014743551351355088,1963.075994873047,1985.6798022460937,1980.7526081032915,2049.9015443312287,1876.2504454148652,173.65109891636348,68.33096957818097,0.011350101789723895,27.6800537109375,10.429931640625,100.0400390625,0.02790437333143103
2015-10-16,2024.3699951171875,2033.5400390625,2020.4599609375,2033.1099853515625,3595430000,0.004570474275370051,0.004560061373697022,1966.8299926757813,1984.67080078125,1985.7390249840792,2059.0610061235216,1874.5989792280411,184.46202689548045,85.68666880441397,0.010633740324083183,13.080078125,18.219970703125,81.75,-0.04026917296845678
2015-10-19,2031.72998046875,2034.449951171875,2022.31005859375,2033.6600341796875,3287320000,0.00027054553471672627,0.0002705089438730595,1970.1644958496095,1983.7926000976563,1990.302930621756,2067.118110231167,1873.2108814680516,193.90722876311543,85.56618977180105,0.010621220117177815,12.139892578125,16.2000732421875,46.6099853515625,-0.08569489602078195
2015-10-20,2033.1300048828125,2039.1199951171875,2026.6099853515625,2030.77001953125,3331500000,-0.0014210903493528937,-0.0014221010558937615,1974.5659973144532,1982.3244018554688,1994.156939089327,2074.232258894538,1874.899735734368,199.33252316017,81.2436543677925,0.010131242514435373,12.510009765625,27.080078125,50.8499755859375,0.01343951912195962
2015-10-21,2033.469970703125,2037.969970703125,2017.219970703125,2018.93994140625,3627790000,-0.005825414995899281,-0.005842448911134253,1978.5749938964843,1981.0217993164063,1996.517225024272,2078.6265749728495,1878.5234128201191,200.10316215273042,75.6720089137753,0.010250414972440185,20.75,24.699951171875,23.1099853515625,0.08893591475311413
2015-10-22,2021.8800048828125,2055.199951171875,2021.8800048828125,2052.510009765625,4430850000,0.01662757156411132,0.016490847012594123,1984.5884948730468,1980.3509985351564,2001.8498711901152,2087.335219536153,1881.8417702099403,205.49344932621284,76.43889884745148,0.010658440223045986,33.3199462890625,28.6500244140625,39.0799560546875,0.221363419602568
2015-10-23,2058.18994140625,2079.739990234375,2058.18994140625,2075.14990234375,4108460000,0.011030344539323389,0.010969953969042788,1991.7789916992188,1980.1861987304687,2008.8308265380804,2098.8717921573975,1884.68619124104,214.18560091635754,74.71382920291313,0.010766721321780253,21.550048828125,42.0399169921875,60.2598876953125,-0.07276030558470725
2015-10-26,2075.080078125,2075.139892578125,2066.530029296875,2071.179931640625,3385800000,-0.0019131006866738298,-0.0019149330011001104,2001.2494873046876,1979.7789965820311,2014.7688365478466,2100.600912625689,1901.8980619836864,198.70285064200266,76.06234595661162,0.00841585726339822,8.60986328125,37.5198974609375,53.719970703125,-0.1758955910487141
2015-10-27,2068.75,2070.3701171875,2058.840087890625,2065.889892578125,4216880000,-0.002554118539720318,-0.00255738586508774,2010.3394836425782,1979.0479956054687,2019.6375085507302,2097.0153104059027,1923.663656879254,173.35165352664876,71.29998211180198,0.008542933211300122,11.530029296875,35.119873046875,62.199951171875,0.24546045247799642
2015-10-28,2066.47998046875,2090.35009765625,2063.110107421875,2090.35009765625,4698110000,0.01184003327863703,0.011770488488143476,2018.855487060547,1978.9165991210937,2026.372040846494,2101.5480368625326,1936.162937258561,165.38509960397164,72.44920571019378,0.008038221939518059,27.239990234375,71.41015625,96.110107421875,0.11411991804367205
2015-10-29,2088.35009765625,2092.52001953125,2082.6298828125,2089.409912109375,4008940000,-0.0004497742019048401,-0.00044987538066072313,2027.1349853515626,1979.1125952148439,2032.375647633435,2102.606758479777,1951.6632122233482,150.94354625642882,71.81490526351901,0.008093044988330498,9.89013671875,36.89990234375,65.5499267578125,-0.1466909033632674
2015-10-30,2090.0,2094.320068359375,2079.340087890625,2079.360107421875,4256200000,-0.004809877003672414,-0.004821481688425431,2033.5349914550782,1979.9851977539063,2036.850358089477,2103.4557838577934,1963.614199052363,139.84158480543056,67.36034651811195,0.007959743199273646,14.97998046875,4.210205078125,46.2501220703125,0.06167715156624953
2015-11-02,2080.760009765625,2106.199951171875,2080.760009765625,2104.050048828125,3760020000,0.011873817006551102,0.011803876338814608,2039.384991455078,1982.6483984375,2043.2503286360147,2112.4378636906317,1966.3321192195242,146.10574447110753,76.5221997408912,0.007431850769543928,25.43994140625,32.8701171875,70.3900146484375,-0.1165781683191579
2015-11-03,2102.6298828125,2116.47998046875,2097.510009765625,2109.7900390625,4272060000,0.002728067346863705,0.0027243529250675206,2045.8784912109375,1986.98,2049.587443914728,2119.758778644527,1971.9982037773482,147.76057486717878,81.1472054627202,0.0072745733309078206,18.969970703125,43.900146484375,79.02001953125,0.13618012670145374
2015-11-04,2110.60009765625,2114.590087890625,2096.97998046875,2102.31005859375,4078870000,-0.003545367230984642,-0.003551666939647187,2051.202496337891,1991.6740014648437,2054.60864531273,2125.2432752195873,1977.1617174561945,148.08155776339277,74.01284594949054,0.0073306632307036015,17.610107421875,11.9599609375,83.3701171875,-0.04522174314031169
2015-11-05,2101.679931640625,2108.780029296875,2090.409912109375,2099.929931640625,4051890000,-0.0011321483923818487,-0.0011327897564983025,2055.527490234375,1994.8623999023437,2058.924958296339,2130.37916045133,1980.6758200174197,149.70334043391017,71.35090690521083,0.007225294064086015,18.3701171875,10.52001953125,47.419921875,-0.006614577076494266
2015-11-06,2098.60009765625,2101.909912109375,2083.739990234375,2099.199951171875,4369020000,-0.0003476213457177524,-0.00034768178002366065,2059.742987060547,1997.0931982421876,2062.760671903533,2134.4545597430374,1985.0314143780568,149.42314536498066,70.91784774510056,0.007240238960724922,18.169921875,19.83984375,24.050048828125,0.078267179020161
2015-11-09,2096.56005859375,2096.56005859375,2068.239990234375,2078.580078125,3882350000,-0.009822729385718598,-0.009871290656502512,2062.798992919922,1998.8873999023438,2064.267282019863,2135.192419425343,1990.4055664145014,144.78685301084147,63.70778746244586,0.007714615073458385,28.320068359375,-25.469970703125,7.400146484375,-0.11139111288114956
2015-11-10,2077.18994140625,2083.669921875,2069.909912109375,2081.719970703125,3821440000,0.0015105949543003927,0.0015094551534496445,2066.7004943847655,2001.0781982421875,2065.9294428468406,2133.9056447379976,1999.4953440315333,134.41030070646434,68.94388889461874,0.007460931137326621,13.760009765625,-28.070068359375,15.830078125,-0.015688951279508534
2015-11-11,2083.409912109375,2086.93994140625,2074.85009765625,2075.0,3692410000,-0.003228085812548187,-0.003233307321568946,2070.738494873047,2004.3011987304687,2066.793305432856,2128.67816637324,2012.7988233728538,115.87934300038614,58.098672654287014,0.007398227809197945,12.08984375,-27.31005859375,-15.35009765625,-0.03376475883436614
2015-11-12,2072.2900390625,2072.2900390625,2045.6600341796875,2045.969970703125,4016370000,-0.013990375564759017,-0.014089163336632673,2071.843994140625,2006.2433984375,2064.810130696691,2126.7836142921133,2016.9043739891367,109.87924030297654,39.954580830824526,0.007572731110420558,26.6300048828125,-53.9599609375,-43.43994140625,0.08773673562795037
2015-11-13,2044.6400146484375,2044.6400146484375,2022.02001953125,2023.0400390625,4278750000,-0.011207364706699363,-0.011270640432155438,2071.340496826172,2007.6815991210938,2060.83202673153,2127.934435965745,2014.7465576865995,113.18787827914525,35.34107585460396,0.00794670709314427,22.6199951171875,-76.159912109375,-56.320068359375,0.06532764660626378
2015-11-16,2022.0799560546875,2053.219970703125,2019.3900146484375,2053.18994140625,3741240000,0.014903265264943455,0.014793302794234362,2072.3169921875,2010.3209985351561,2060.104209081503,2126.8083353586276,2017.8256490163726,108.98268634225496,46.641287518288614,0.00863764709118566,33.8299560546875,-25.39013671875,-50.860107421875,-0.12562313759859767
2015-11-17,2053.669921875,2066.68994140625,2045.9000244140625,2050.43994140625,4427350000,-0.0013393792481354305,-0.0013402770182465746,2073.30048828125,2011.9415966796876,2059.1838026362407,2125.286953939914,2021.3140226225864,103.9729313173275,38.075814338900365,0.00863670323795673,20.7899169921875,-31.280029296875,-59.35009765625,0.18339106820198658
2015-11-18,2051.989990234375,2085.31005859375,2051.989990234375,2083.580078125,3926390000,0.01616245179852549,0.016033229877172244,2076.5324951171874,2014.7723974609376,2061.507257444694,2121.9057969181663,2031.1591933162085,90.74660360195776,48.539251610377384,0.00916980887807738,33.320068359375,8.580078125,-18.72998046875,-0.11315120783312815
2015-11-19,2083.699951171875,2086.739990234375,2078.760009765625,2081.239990234375,3628110000,-0.00112310916925773,-0.0011237403289792015,2077.968994140625,2017.351396484375,2063.3865653294256,2121.9374243735674,2034.0005639076824,87.93686046588505,50.48996151575003,0.008473029563809579,7.97998046875,35.27001953125,-18.68994140625,-0.07596800114099722
2015-11-20,2082.820068359375,2097.06005859375,2082.820068359375,2089.169921875,3929600000,0.003810195689989637,0.0038029552801494165,2078.6699951171877,2019.9137939453126,2065.842123095671,2122.895479619909,2034.4445106144665,88.45096900544263,45.750473765455766,0.008159030829646042,14.239990234375,66.1298828125,-10.030029296875,0.08309836250830327
2015-11-23,2089.409912109375,2095.610107421875,2081.389892578125,2086.590087890625,3587980000,-0.0012348607728660532,-0.0012356238416840882,2079.4405029296877,2022.5849951171874,2067.8181197428094,2123.6534974484503,2035.2275084109253,88.42598903752491,43.25267721600777,0.008150454539662382,14.22021484375,33.400146484375,8.010009765625,-0.08693505700325732
2015-11-24,2084.419921875,2094.1201171875,2070.2900390625,2089.139892578125,3884930000,0.0012219959743400288,0.0012212499449607925,2080.6030029296876,2024.8059936523437,2069.8487647747443,2124.537591136185,2036.6684147231902,87.86917641299465,46.0565886293493,0.00812205481752945,23.830078125,38.699951171875,7.419921875,0.08276244572154812
2015-11-25,2089.300048828125,2093.0,2086.300048828125,2088.8701171875,2852940000,-0.00012913227667687988,-0.00012914061496715576,2080.52900390625,2026.6771948242188,2071.660322147388,2124.399406348438,2036.6586014640627,87.74080488437517,46.64608459380021,0.007678411925721704,6.699951171875,5.2900390625,13.8701171875,-0.26563927792778763
2015-11-27,2088.820068359375,2093.2900390625,2084.1298828125,2090.110107421875,1466840000,0.0005936176807606053,0.0005934415594808398,2080.564013671875,2028.6753979492187,2073.417444554482,2124.4653636091066,2036.662663734643,87.80269987446354,47.251983219029455,0.007678793176324544,9.16015625,8.8701171875,44.14013671875,-0.48584968488646796
2015-11-30,2090.949951171875,2093.81005859375,2080.409912109375,2080.409912109375,4275030000,-0.004640997274763192,-0.004651800139618441,2080.61650390625,2031.1229956054688,2074.083393845424,2124.5143032816586,2036.718704530841,87.79559875081759,50.59229627615942,0.0076732647414726384,13.400146484375,-8.760009765625,57.369873046875,1.9144487469662677
2015-12-01,2082.929931640625,2103.3701171875,2082.929931640625,2102.6298828125,3712120000,0.01068057336863748,0.01062393894673922,2080.5454956054687,2033.8361938476562,2076.8021070803834,2124.2880119150736,2036.8029792958637,87.48503261920996,56.02419045127093,0.007580597087215932,20.440185546875,16.039794921875,49.43994140625,-0.13167392977359227
2015-12-02,2101.7099609375,2104.27001953125,2077.110107421875,2079.510009765625,3950640000,-0.010995693172566212,-0.011056592639448921,2079.031494140625,2036.5715942382812,2077.060002574216,2120.5517406473714,2037.5112476338786,83.04049301349278,51.18716044178075,0.007932977333833302,27.159912109375,-9.6298828125,29.070068359375,0.0642543883279636
2015-12-03,2080.7099609375,2085.0,2042.3499755859375,2049.6201171875,4306490000,-0.014373526666262015,-0.014477826444150087,2076.3969970703124,2038.7887963867188,2074.4466801564336,2118.3819509351897,2034.412043205435,83.9699077297546,50.9564905860752,0.00848799502281087,42.6500244140625,-39.25,-33.9599609375,0.09007401332442333
2015-12-04,2051.239990234375,2093.840087890625,2051.239990234375,2091.68994140625,4214910000,0.0205256690573854,0.02031785636385123,2075.984997558594,2041.9777954101562,2076.088895513559,2117.1513556487644,2034.8186394684233,82.3327161803411,66.34916832567399,0.00978425143243599,42.60009765625,1.579833984375,10.449951171875,-0.02126557823192432
2015-12-07,2090.419921875,2090.419921875,2066.780029296875,2077.070068359375,4043820000,-0.006989502964787397,-0.007014043960397749,2074.8785034179687,2044.8923974609374,2076.182340546494,2114.581173762073,2035.1758330738646,79.4053406882083,56.1414017361909,0.009903262839475784,23.639892578125,-3.33984375,-12.099853515625,-0.04059161405581613
2015-12-08,2073.389892578125,2073.85009765625,2052.320068359375,2063.590087890625,4173570000,-0.0064899016523778386,-0.006511052625594547,2074.12900390625,2048.528798828125,2074.983078388792,2114.10248546747,2034.15552234503,79.94696312244014,53.205020641658656,0.00976491234408907,21.530029296875,-39.039794921875,-23.0,0.0320859978930812
2015-12-09,2061.169921875,2080.330078125,2036.530029296875,2047.6199951171875,4385250000,-0.007738985017979982,-0.007769086365692726,2072.424005126953,2051.7993994140625,2072.377070458163,2113.9143735385405,2030.9336367153655,82.980736823175,40.435086124324236,0.009892024225083004,43.800048828125,-31.8900146484375,-41.5198974609375,0.05071916848165969
2015-12-10,2047.9300537109375,2067.64990234375,2045.6700439453125,2052.22998046875,3715150000,0.0022513871531610885,0.0022488565785946774,2071.285504150391,2054.4433984375,2070.458299982981,2113.717195086967,2028.8538132138144,84.86338187315255,42.375779585760846,0.009896507729214833,21.9798583984375,2.60986328125,-36.64013671875,-0.152807707656348
2015-12-11,2047.27001953125,2047.27001953125,2008.800048828125,2012.3699951171875,4301060000,-0.019422767297482935,-0.01961386775581532,2069.605505371094,2056.2143994140624,2064.926080471953,2118.435700802123,2020.7753099400647,97.6603908620582,32.71666087025319,0.01035024908373164,38.469970703125,-79.3199462890625,-77.7401123046875,0.1577083024911512
2015-12-14,2013.3699951171875,2022.9200439453125,1993.260009765625,2021.93994140625,4612440000,0.004755560017433602,0.0047442880640680245,2069.550500488281,2057.625998535156,2060.8321624656955,2118.603523910335,2020.4974770662277,98.10604684410714,35.89466877317757,0.010116414871823392,29.6600341796875,-55.130126953125,-58.469970703125,0.07239610700617982
2015-12-15,2025.550048828125,2053.8701171875,2025.550048828125,2043.4100341796875,4353540000,0.010618561082731848,0.010562580105914385,2069.0615051269533,2058.7531982421874,2059.1729121527424,2118.988440191785,2019.1345700621218,99.85387012966294,40.78359573085135,0.009825869812376497,28.320068359375,-20.1800537109375,-59.2198486328125,-0.05613081145771004
2015-12-16,2046.5,2076.719970703125,2042.4300537109375,2073.070068359375,4635450000,0.014514969430300617,0.014410635650771483,2070.193011474609,2060.6161987304686,2060.4964508390885,2119.3630051594314,2021.0230177897868,98.33998736964463,47.15293645633259,0.010353858614362941,34.2899169921875,25.4500732421875,-6.43994140625,0.06475420003032006
2015-12-17,2073.760009765625,2076.3701171875,2041.6600341796875,2041.8900146484375,4327390000,-0.015040520909943678,-0.015154776635876313,2068.108508300781,2061.5373999023436,2058.724409297122,2118.410673852767,2017.806342748795,100.60433110397207,42.15728902236077,0.010235616823783765,34.7100830078125,-10.3399658203125,-7.7301025390625,-0.06645740974446923
2015-12-18,2040.81005859375,2040.81005859375,2005.3299560546875,2005.550048828125,6683070000,-0.01779722000676387,-0.017957495007106937,2064.324011230469,2061.3797998046875,2053.660184490551,2121.3994719056645,2007.2485505552731,114.1509213503914,38.7954320226148,0.010906643251993359,35.4801025390625,-6.8199462890625,-86.139892578125,0.5443650791816776
2015-12-21,2010.27001953125,2022.9000244140625,2005.9300537109375,2021.1500244140625,3760280000,0.0077784025360287945,0.0077483067271562,2060.923016357422,2061.505,2050.5639787689806,2119.841296146054,2002.00473656879,117.8365595772641,37.55803137879163,0.011049122972539955,16.969970703125,-0.7899169921875,-55.9200439453125,-0.43734241897810433
2015-12-22,2023.1500244140625,2042.739990234375,2020.489990234375,2038.969970703125,3520860000,0.008816736053143037,0.008778095591568889,2058.5420104980467,2061.9352001953125,2049.4597875246136,2116.9394354904953,2000.1445855055981,116.79484998489716,43.70769179467125,0.011292322738479065,22.25,-4.4400634765625,-24.6201171875,-0.06367079047304991
2015-12-23,2042.199951171875,2064.72998046875,2042.199951171875,2064.2900390625,3484090000,0.01241806830075265,0.012341596527553888,2057.2995178222654,2063.1472021484374,2050.872192432984,2113.988261903033,2000.610773741498,113.37748816153521,52.30971596736077,0.01168385645109603,22.530029296875,-8.780029296875,16.6700439453125,-0.010443471197377874
2015-12-24,2063.52001953125,2067.360107421875,2058.72998046875,2060.989990234375,1411860000,-0.001598636221499028,-0.0015999154038633197,2055.9055114746093,2064.4822021484374,2051.8357922235928,2110.6637684714137,2001.147254477805,109.51651399360867,44.494270840174615,0.01168580186224662,8.630126953125,19.0999755859375,8.760009765625,-0.5947693658889408
2015-12-28,2057.77001953125,2057.77001953125,2044.199951171875,2056.5,2492510000,-0.00217855994238203,-0.002180936456306017,2054.2250061035156,2065.1350024414064,2052.2800024880125,2106.5733010759077,2001.8767111311233,104.69658994478436,46.17187336717939,0.011687255797771775,13.570068359375,50.949951171875,44.1300048828125,0.7654087515759354
2015-12-29,2060.5400390625,2081.56005859375,2060.5400390625,2078.360107421875,2542000000,0.010629762908764828,0.010573664173022947,2054.1225158691404,2066.0400048828124,2054.7638220055233,2106.262565460506,2001.9824662777748,104.28009918273096,52.66558453574997,0.011915941099067679,21.02001953125,57.2100830078125,56.420166015625,0.019855487039169395
2015-12-30,2077.340087890625,2077.340087890625,2061.969970703125,2063.360107421875,2367430000,-0.007217228595965963,-0.007243398783778549,2052.1590270996094,2066.6340063476564,2055.5825158546995,2099.328464910344,2004.9895892888749,94.33887562146901,52.85064127988029,0.011743873479320694,15.3701171875,24.39013671875,19.9500732421875,-0.06867427222659328
2015-12-31,2060.590087890625,2062.5400390625,2043.6199951171875,2043.93994140625,2655330000,-0.00941191309542666,-0.009456485041467845,2050.3805236816406,2066.897404785156,2054.4736992405615,2095.8598561299705,2004.901191233311,90.95866489665946,48.57505788984689,0.011677200125244768,18.9200439453125,-20.35009765625,-29.130126953125,0.12160866424772854
2016-01-04,2038.199951171875,2038.199951171875,1989.6800537109375,2012.6600341796875,4304880000,-0.015303731089594375,-0.015422041797805928,2048.53251953125,2066.771806640625,2050.4914454252403,2097.044505468911,2000.0205335935884,97.02397187532279,50.05136884125211,0.011735824734655424,48.5198974609375,-48.3299560546875,-29.22998046875,0.6212222209668854
2016-01-05,2013.780029296875,2021.93994140625,2004.1700439453125,2016.7099609375,3706620000,0.0020122259542274534,0.0020102041393599396,2044.7835205078125,2066.0558056640625,2047.2741611883125,2090.776021045632,1998.7910199699927,91.9850010756395,49.05524492980269,0.010640588209358546,17.7698974609375,-39.7900390625,11.159912109375,-0.13897251491330764
2016-01-06,2011.7099609375,2011.7099609375,1979.050048828125,1990.260009765625,4336660000,-0.013115396702646942,-0.01320216300262602,2040.443017578125,2064.3580078125,2041.8442420051995,2089.863481568803,1991.0225535874472,98.84092798135566,40.56854922385293,0.01088413337273967,32.659912109375,-88.10009765625,-30.8900146484375,0.1699769601415846
2016-01-07,1985.3199462890625,1985.3199462890625,1938.8299560546875,1943.0899658203125,5076590000,-0.023700443014411654,-0.023985816519344776,2034.4180114746093,2061.7962084960936,2032.439072844734,2099.0092469751585,1969.8267759740602,129.1824710010983,28.284543437765493,0.011885745767352681,46.489990234375,-120.2701416015625,-95.8800048828125,0.17062209165579034
2016-01-08,1945.969970703125,1960.4000244140625,1918.4599609375,1922.030029296875,4664940000,-0.010838374390218508,-0.010897537445847908,2028.1385131835937,2058.9190112304686,2021.923925840176,2109.553959515435,1946.7230668517523,162.8308926636828,29.27445511417389,0.011971553182539608,41.9400634765625,-121.909912109375,-142.260009765625,-0.08108789561496987
2016-01-11,1926.1199951171875,1935.6500244140625,1901.0999755859375,1923.6700439453125,4607290000,0.0008532721255336551,0.0008529082958226729,2021.710516357422,2055.58541015625,2012.5664132787604,2114.607896283994,1928.8131364308504,185.79475985314343,33.9110315624045,0.011942759968176496,34.550048828125,-88.989990234375,-137.3199462890625,-0.01235814394182988
2016-01-12,1927.8299560546875,1947.3800048828125,1914.3499755859375,1938.6800537109375,4887260000,0.00780279851675636,0.00777251411777486,2018.0260192871094,2052.5708129882814,2005.529617129444,2118.0548963848655,1917.9971421893533,200.0577541955122,33.75744817531725,0.011536392576581159,33.030029296875,-78.0299072265625,-117.8199462890625,0.06076674140329774
2016-01-13,1940.3399658203125,1950.3299560546875,1886.4100341796875,1890.280029296875,5087030000,-0.02496545230421965,-0.025282375077909022,2011.4430236816406,2048.789211425781,1994.5534659072946,2126.576300917179,1896.309746446102,230.26655447107714,23.8636246596882,0.012519815136443258,63.919921875,-99.97998046875,-188.080078125,0.04087566448275726
2016-01-14,1891.6800537109375,1934.469970703125,1878.9300537109375,1921.8399658203125,5241110000,0.016695905386662213,0.016558060934383972,2005.364520263672,2045.145009765625,1987.6283706609154,2126.092395120267,1884.6366454070767,241.45574971319047,25.497945898368698,0.012941699832618779,55.5399169921875,-21.25,-141.5201416015625,0.030288793264439118
2016-01-15,1916.6800537109375,1916.6800537109375,1857.8299560546875,1880.3299560546875,5468460000,-0.021599098001850003,-0.021835772698162375,1995.7275146484376,2040.5558081054687,1977.4094740317507,2124.2203629888727,1867.2346663080027,256.98569668087,22.53572198701802,0.012891217195726487,58.85009765625,-41.7000732421875,-163.6099853515625,0.0433782156833189
2016-01-19,1888.6600341796875,1901.43994140625,1864.5999755859375,1881.3299560546875,4928350000,0.0005318215543925753,0.0005316801874288286,1987.69951171875,2036.1362060546876,1968.2590437482208,2123.8815151203194,1851.5175083171807,272.36400680313864,23.084719961556914,0.012708361583023804,36.8399658203125,-42.340087890625,-131.330078125,-0.09876820896559546
2016-01-20,1876.1800537109375,1876.1800537109375,1812.2900390625,1859.3299560546875,6416070000,-0.011693855152413501,-0.011762766025898373,1980.3885070800782,2031.3242065429688,1957.8848449202653,2127.7744245030985,1833.0025896570578,294.77183484604075,16.35997532720512,0.012430078909003738,63.8900146484375,-79.35009765625,-157.3800048828125,0.301869794150172
2016-01-21,1861.4599609375,1889.8499755859375,1848.97998046875,1868.989990234375,5078810000,0.005195438361131455,0.005181988635948063,1972.7805053710938,2026.7200073242188,1949.4186682835139,2126.8637949254235,1818.6972158167644,308.1665791086591,19.649582945760073,0.012317403749625692,40.8699951171875,-21.2900390625,-121.27001953125,-0.20842353652625356
2016-01-22,1877.4000244140625,1908.8499755859375,1877.4000244140625,1906.9000244140625,4901760000,0.020283701024494727,0.02008072688221347,1966.1770080566407,2023.28640625,1945.3692736292803,2119.6353545285538,1812.7186615847274,306.9166929438263,29.769709752186685,0.013174302709112021,31.449951171875,-14.93994140625,-36.18994140625,-0.03486052835211395
2016-01-25,1906.280029296875,1906.280029296875,1875.969970703125,1877.0799560546875,4401380000,-0.015637982053378963,-0.015761545172821467,1956.81650390625,2019.1936059570312,1938.8655290983668,2107.8966092162527,1805.7363985962475,302.1602106200053,29.898576377200314,0.012908053705886404,30.31005859375,-3.25,-44.9500732421875,-0.10208170126648386
2016-01-26,1878.7900390625,1906.72998046875,1878.7900390625,1903.6300048828125,4357940000,0.014144335590226431,0.014045237830367907,1948.948504638672,2015.7662060546875,1935.5097648873616,2093.4318103378782,1804.4651989394658,288.9666113984124,34.28310435966719,0.013567891564304402,27.93994140625,22.300048828125,-20.0400390625,-0.009869631797299938
2016-01-27,1902.52001953125,1916.989990234375,1872.699951171875,1882.949951171875,4754040000,-0.010863483795639506,-0.010922922300528425,1940.2710021972657,2012.5058056640626,1930.5040683430295,2078.257100395025,1802.2849039995065,275.9721963955187,34.84193668087032,0.013649454311640512,44.2900390625,23.6199951171875,-55.7301025390625,0.09089156803443821
2016-01-28,1885.219970703125,1902.9599609375,1873.6500244140625,1893.3599853515625,4693010000,0.005528577205787588,0.005513350717591524,1931.02099609375,2009.9122045898437,1926.9665366295565,2054.0199827534275,1808.0220094340727,245.99797331935474,42.161352366248416,0.013400992918652214,29.3099365234375,24.3699951171875,3.0799560546875,-0.012837502418995173
2016-01-29,1894.0,1940.239990234375,1894.0,1940.239990234375,5497570000,0.0247602174153414,0.024458650994556432,1924.864990234375,2007.6532055664063,1928.2306750681107,2031.166435706296,1818.563544762454,212.60289094384189,52.65427898753926,0.01489250649897189,46.239990234375,33.3399658203125,18.4000244140625,0.1714379470744789
2016-02-01,1936.93994140625,1947.199951171875,1920.300048828125,1939.3800048828125,4322530000,-0.00044323658717015935,-0.00044333484554180534,1919.6369934082031,2005.4320068359375,1929.2925160028442,2010.4348485383473,1828.839138278059,181.59571026028834,52.295098572821615,0.014823065626216889,26.89990234375,62.300048828125,59.050048828125,-0.21373806972898934
2016-02-02,1935.260009765625,1935.260009765625,1897.2900390625,1903.030029296875,4463190000,-0.018743090830274922,-0.01892096871823143,1914.1554931640626,2001.821005859375,1926.791326792752,1993.8678155307828,1834.4431707973424,159.42464473344035,45.09749940490799,0.014998126023148652,37.969970703125,-0.5999755859375,21.7000732421875,0.032541127534106096
2016-02-03,1907.0699462890625,1918.010009765625,1872.22998046875,1912.530029296875,5172950000,0.004992038934619414,0.0049796200215740235,1908.9464965820312,1998.446806640625,1925.4331079836209,1972.398606108348,1845.4943870557142,126.90421905263383,53.42634317118707,0.015061956923137427,45.780029296875,29.580078125,53.2000732421875,0.15902527116255416
2016-02-04,1911.6700439453125,1927.3499755859375,1900.52001953125,1915.449951171875,5193320000,0.0015267325638141926,0.0015255682925234377,1905.2059936523438,1994.9724072265626,1924.482331144407,1956.0408940505774,1854.37109325411,101.66980079646737,48.92078855603336,0.014875600122778715,26.8299560546875,22.0899658203125,46.4599609375,0.003937791782251843
2016-02-05,1913.0699462890625,1913.0699462890625,1872.6500244140625,1880.050048828125,4929940000,-0.018481246310869337,-0.018654158276351848,1902.0539978027343,1990.8416064453124,1920.250685209523,1950.7719041053479,1853.3360915001208,97.43581260522706,49.951730157052765,0.014512694069145097,40.419921875,-60.18994140625,-26.8499755859375,-0.05071514946123101
2016-02-08,1873.25,1873.25,1828.4599609375,1853.43994140625,5636460000,-0.014153935656373462,-0.014255057923057347,1898.624493408203,1986.127607421875,1913.8877572282588,1950.9451002193207,1846.3038865970855,104.64121362223523,45.58073212747298,0.014642762527453631,44.7900390625,-85.9400634765625,-23.6400146484375,0.14331208899094117
2016-02-09,1848.4599609375,1868.25,1834.93994140625,1852.2099609375,5183220000,-0.0006636203533073592,-0.0006638406467602255,1895.0514892578126,1981.394404296875,1908.0136813910437,1949.870944238378,1840.2320342772473,109.6389099611306,48.79232114439099,0.01463269374560465,33.31005859375,-50.820068359375,-51.4200439453125,-0.08041217359832231
2016-02-10,1857.0999755859375,1881.5999755859375,1850.3199462890625,1851.8599853515625,4471170000,-0.00018895027740828407,-0.00018896813076091644,1890.7104858398438,1976.6294018554688,1902.6657103396647,1944.7275167227758,1836.6934549569119,108.03406176586395,46.99968485027822,0.014465130872349566,31.280029296875,-60.6700439453125,-31.0899658203125,-0.13737599407318235
2016-02-11,1847.0,1847.0,1810.0999755859375,1829.0799560546875,5500800000,-0.012301161792504733,-0.012377447329256216,1887.6504821777344,1971.602802734375,1895.657543264905,1948.2971771997738,1827.003787155695,121.29339004407893,35.60700542664992,0.013670991062035748,36.9000244140625,-86.3699951171875,-64.280029296875,0.23028200672307242
2016-02-12,1833.4000244140625,1864.780029296875,1833.4000244140625,1864.780029296875,4696920000,0.019518049565855122,0.01933001520704595,1884.7974853515625,1966.8458056640625,1892.7168276489022,1944.0239866862178,1825.5709840169072,118.45300266931054,47.77352787150405,0.01388222387676664,31.3800048828125,-15.27001953125,-75.4599609375,-0.14613874345549738
2016-02-16,1871.43994140625,1895.77001953125,1871.43994140625,1895.5799560546875,4570670000,0.01651665412216241,0.016381737741684915,1885.5599853515625,1963.1672045898438,1892.9895065446913,1944.9367882260485,1826.1831824770766,118.75360574897195,48.564900048311074,0.013578368341175207,24.330078125,42.1400146484375,-43.800048828125,-0.026879316658576236
2016-02-17,1898.800048828125,1930.6800537109375,1898.800048828125,1926.8199462890625,5011540000,0.01648043921048603,0.016346110625641338,1887.8344848632812,1960.711201171875,1896.2114531870122,1949.9509233795056,1825.7180463470568,124.23287703244887,57.53702523827479,0.014041294473451964,31.8800048828125,74.6099853515625,23.7899169921875,0.09645631822030465
2016-02-18,1927.5699462890625,1930.0,1915.0899658203125,1917.8299560546875,4436490000,-0.004665713707027619,-0.004676632123934705,1890.7594848632812,1957.2340014648437,1898.270358222029,1952.7335954436962,1828.785374282866,123.94822116083014,54.22464387536438,0.013784885860631967,14.9100341796875,65.969970703125,5.2999267578125,-0.11474516815190539
2016-02-19,1916.739990234375,1918.780029296875,1902.1700439453125,1917.780029296875,4142850000,-2.6032942938902792e-05,-2.60332818018429e-05,1893.1989868164062,1954.0482006835937,1900.1284221339192,1955.4056539918502,1830.9923196409623,124.41333435088791,45.374417000360005,0.013763437043900812,16.6099853515625,88.7000732421875,2.330078125,-0.06618745900475376
2016-02-22,1924.43994140625,1946.699951171875,1924.43994140625,1945.5,4054710000,0.014454197186153817,0.014350731099076084,1895.1289855957032,1951.6863989257813,1904.4495247878317,1961.3886176472488,1828.8693535441575,132.51926410309125,51.13484652239203,0.0133989139909046,22.260009765625,80.719970703125,65.449951171875,-0.021275209095188097
2016-02-23,1942.3800048828125,1942.3800048828125,1919.43994140625,1921.27001953125,3890650000,-0.012454371867771763,-0.01253257757078849,1897.3384887695313,1949.1593994140626,1906.0514766681572,1964.0098076097129,1830.6671699293497,133.34263768036317,53.541473699778436,0.013207294464213997,22.9400634765625,25.6900634765625,67.830078125,-0.040461586648613546
2016-02-24,1917.56005859375,1932.0799560546875,1891.0,1929.800048828125,4317250000,0.004439786812972857,0.0044299600346319485,1898.646990966797,1946.71080078125,1908.313245445297,1966.8479073627125,1830.4460745708814,136.4018327918311,53.3658219994138,0.012882791719529359,41.0799560546875,2.9801025390625,77.590087890625,0.10964748820891113
2016-02-25,1931.8699951171875,1951.8299560546875,1925.4100341796875,1951.699951171875,4118210000,0.011348275359951865,0.011284366730450844,1902.084490966797,1945.4973999023437,1912.4453126573521,1973.794249739081,1830.374732194513,143.41951754456795,56.5782361749825,0.012784916014786115,26.419921875,33.8699951171875,99.8399658203125,-0.04610342231744746
2016-02-26,1954.949951171875,1962.9599609375,1945.780029296875,1948.050048828125,4348510000,-0.0018701144822791393,-0.0018718653295646535,1904.818994140625,1944.0196020507813,1915.8362399117113,1979.2473991586025,1830.3905891226473,148.85681003595528,63.947013686228246,0.012780589670288594,17.179931640625,30.27001953125,118.9700927734375,0.05592235461523343
2016-02-29,1947.1300048828125,1958.27001953125,1931.81005859375,1932.22998046875,4588180000,-0.008120976341902342,-0.008154131091571704,1904.4184936523438,1941.7960009765625,1917.3975485361912,1978.1270915848788,1830.7098957198089,147.41719586506997,66.90847781575687,0.011700518411519369,26.4599609375,-13.27001953125,67.449951171875,0.05511543034280697
2016-03-01,1937.0899658203125,1978.3499755859375,1937.0899658203125,1978.3499755859375,4819750000,0.023868791801894718,0.023588385401618943,1906.3669921875,1939.9015991210938,1923.202541588548,1985.804715582231,1826.929268792769,158.87544678946188,72.69686973810738,0.012871848277928056,41.260009765625,57.0799560546875,82.77001953125,0.0504709928555549
2016-03-02,1976.5999755859375,1986.510009765625,1968.800048828125,1986.449951171875,4666610000,0.004094308735004493,0.0040859498611017005,1910.53798828125,1938.7927978515625,1929.2261044060076,1997.629437310094,1823.4465392524057,174.18289805768836,73.56021401106638,0.01200513623032828,17.7099609375,56.64990234375,59.6300048828125,-0.03177343223196227
2016-03-03,1985.5999755859375,1993.68994140625,1977.3699951171875,1993.4000244140625,5081700000,0.0034987406745825567,0.003492634320316937,1914.5814880371095,1938.5497973632812,1935.3379063115367,2009.2426826044916,1819.9202934697273,189.3223891347643,80.45222151841463,0.011991596035135131,16.3199462890625,41.7000732421875,75.570068359375,0.08894893723709507
2016-03-04,1994.010009765625,2009.1300048828125,1986.77001953125,1999.989990234375,6049930000,0.0033058923144386743,0.0033004398659416986,1918.8084899902344,1938.1265966796875,1941.4952476375213,2020.8920785001233,1816.7249014803456,204.16717701977768,78.08802422238338,0.011993398489774045,22.3599853515625,51.93994140625,82.2099609375,0.19053269575142173
2016-03-07,1996.1099853515625,2006.1199951171875,1989.3800048828125,2001.760009765625,4968180000,0.0008850141950174084,0.0008846228008639487,1924.8939880371095,1937.3823974609375,1947.2347487925788,2031.6530405034512,1818.1349355707678,213.5181049326834,75.08271733883456,0.01097147764699168,16.739990234375,69.530029296875,56.260009765625,-0.1788037216959535
2016-03-08,1996.8800048828125,1996.8800048828125,1977.4300537109375,1979.260009765625,4641650000,-0.011240108649505087,-0.011303756056006186,1931.184991455078,1935.681796875,1950.2847736471547,2035.0032046987246,1827.3667782114314,207.6364264872932,62.921376703268145,0.010745957301136467,19.449951171875,0.9100341796875,57.989990234375,-0.06572426924950381
2016-03-09,1981.43994140625,1992.68994140625,1979.8399658203125,1989.260009765625,4038120000,0.0050523932937867055,0.00503967278281425,1938.0374938964844,1934.247197265625,1953.9967008965327,2037.924870652898,1838.1501171400707,199.77475351282737,67.51339195124126,0.010709712337969229,12.8499755859375,2.81005859375,59.4599609375,-0.13002488339275908
2016-03-10,1990.969970703125,2005.0799560546875,1969.25,1989.5699462890625,4376790000,0.00015580493345068724,0.00015579279712262694,1944.9229919433594,1932.9085961914063,1957.3846290291547,2038.589699134428,1851.2562847522909,187.3334143821371,67.5792106642881,0.010703518124737016,35.8299560546875,-3.830078125,37.8699951171875,0.08386823571364888
2016-03-11,1994.7099609375,2022.3699951171875,1994.7099609375,2022.18994140625,4078620000,0.01639550053418848,0.016262545588851488,1954.5784912109375,1931.7851928710938,1963.556563541259,2037.117026216818,1872.039956205057,165.07707001176095,68.33899247108936,0.010371384118525418,27.6600341796875,22.199951171875,74.139892578125,-0.06812526988957657
2016-03-14,2019.27001953125,2024.5699462890625,2012.050048828125,2019.6400146484375,3487850000,-0.001260972921287129,-0.0012617686166117468,1962.3214904785157,1930.910791015625,1968.8978445990856,2038.1746084882984,1886.468372468733,151.7062360195655,76.2446255066728,0.009878165030475502,12.5198974609375,17.8800048828125,87.4100341796875,-0.14484556050821107
2016-03-15,2015.27001953125,2015.93994140625,2005.22998046875,2015.9300537109375,3560280000,-0.0018369416879204792,-0.0018386309343179589,1968.3389953613282,1930.3505932617188,1973.3771026097381,2040.9233086084364,1895.75468211422,145.16862649421637,73.58566629339306,0.009503791799832018,10.7099609375,36.6700439453125,37.580078125,0.020766374700746937
2016-03-16,2014.239990234375,2032.02001953125,2010.0400390625,2027.219970703125,4057020000,0.005600351545632654,0.005584727881779697,1973.3589965820313,1930.6417919921876,1978.5049948091082,2047.7186086978938,1898.9993844661687,148.7192242317251,71.95608074057145,0.008996970727292993,21.97998046875,37.9599609375,40.77001953125,0.13952273416697558
2016-03-17,2026.9000244140625,2046.239990234375,2022.1600341796875,2040.5899658203125,4530480000,0.006595236486620859,0.006573583068596323,1979.4969970703125,1931.1193920898438,1984.4178491911277,2054.817294851191,1904.1766992894338,150.6405955617572,75.46505339321524,0.008871060700450044,24.0799560546875,51.02001953125,47.18994140625,0.11670142124022065
2016-03-18,2041.1600341796875,2052.360107421875,2041.1600341796875,2049.580078125,6503140000,0.004405643688967897,0.004395967251026178,1986.0869995117187,1932.3057934570313,1990.6237757562585,2061.733742190355,1910.4402568330825,151.2934853572724,83.55354916532522,0.00884300845748434,11.2000732421875,27.39013671875,49.590087890625,0.43541964648337483
2016-03-21,2047.8800048828125,2053.909912109375,2043.1400146484375,2051.60009765625,3376600000,0.0009855772666846896,0.0009850919042923014,1991.3920043945313,1934.47599609375,1996.4310445086387,2069.8821525298763,1912.9018562591866,156.98029627068968,78.00725682766294,0.008458631540553919,10.7698974609375,31.9600830078125,49.840087890625,-0.4807739030683639
2016-03-22,2048.639892578125,2056.60009765625,2040.5699462890625,2049.800048828125,3418460000,-0.000877387766836879,-0.0008777728967722512,1997.818505859375,1937.031396484375,2001.5138068247802,2073.116858961939,1922.5201527568104,150.59670620512884,75.44794431073949,0.007732494854184415,16.0301513671875,33.8699951171875,70.5400390625,0.01239708582597876
2016-03-23,2048.550048828125,2048.550048828125,2034.8599853515625,2036.7099609375,3639510000,-0.006386031602501285,-0.00640650953066712,2003.1640014648438,1939.2921948242188,2004.8658215021821,2073.1208268278347,1933.2071761018526,139.91365072598205,66.57987190139417,0.008019960459804175,13.6900634765625,9.489990234375,47.449951171875,0.0646636204606752
2016-03-24,2032.47998046875,2036.0400390625,2022.489990234375,2035.93994140625,3407720000,-0.0003780702927851376,-0.0003781417793768198,2007.3760009765624,1941.237392578125,2007.8252614930457,2074.36726936184,1940.3847325912848,133.98253677055527,64.40417498141409,0.007781842718104372,13.550048828125,-4.6500244140625,46.3699951171875,-0.06368714469805004
2016-03-28,2037.8900146484375,2042.6700439453125,2031.9599609375,2037.050048828125,2809090000,0.0005452554858313974,0.000545106888072358,2011.8260009765625,1944.17279296875,2010.608574572577,2073.865246971086,1949.7867549820387,124.07849198904728,64.21493715052209,0.0077348745062380654,10.7100830078125,-12.530029296875,14.860107421875,-0.17566877560362937
2016-03-29,2035.75,2055.909912109375,2028.31005859375,2055.010009765625,3822330000,0.008816651779288476,0.00877801205423741,2017.9650024414063,1946.8361938476562,2014.8372826862008,2070.395826163134,1965.5341787196783,104.86164744345592,81.6706849773702,0.007460313071856071,27.599853515625,3.409912109375,35.3699951171875,0.3607004403561296
2016-03-30,2058.27001953125,2072.2099609375,2058.27001953125,2063.949951171875,3590310000,0.004350315260639448,0.0043408799935662195,2022.2450012207032,1950.50859375,2019.5146796848364,2075.0337678240326,1969.4562346173736,105.57753320665893,81.5067590252503,0.005661883704345723,13.93994140625,14.14990234375,48.0198974609375,-0.06070119534420104
2016-03-31,2063.77001953125,2067.919921875,2057.4599609375,2059.739990234375,3715280000,-0.00203975921756705,-0.0020418423596207116,2025.9095031738282,1954.0767944335937,2023.3456616419353,2078.4103764086253,1973.408629939031,105.00174646959431,78.6571972397345,0.005716064154767871,10.4599609375,23.030029296875,32.52001953125,0.0348075792898106
2016-04-01,2056.6201171875,2075.070068359375,2043.97998046875,2072.780029296875,3749990000,0.006330915127309877,0.006310959066599757,2029.8785034179687,1958.3457958984375,2028.0536966566915,2084.0080629668437,1975.7489438690939,108.25911909774982,74.59408840801947,0.005794164473562046,31.090087890625,36.840087890625,32.1900634765625,0.00934249908486029
2016-04-04,2073.18994140625,2074.02001953125,2062.570068359375,2066.1298828125,3485710000,-0.003208322345054082,-0.003213480045854618,2033.185498046875,1962.28859375,2031.6800001001018,2087.706684269259,1978.6643118244908,109.04237244476803,71.73432922020186,0.005897308042197854,11.449951171875,29.079833984375,16.5498046875,-0.07047485459961222
2016-04-05,2062.5,2062.5,2042.56005859375,2045.1700439453125,4154920000,-0.010144492387214377,-0.01019629841179453,2035.3559997558593,1965.053994140625,2032.964766180598,2088.0347786091643,1982.6772209025544,105.3575577066099,61.77131411138456,0.00646084888328582,19.93994140625,-9.8399658203125,-6.4300537109375,0.19198671145907142
2016-04-06,2045.56005859375,2067.330078125,2043.0899658203125,2066.659912109375,3750800000,0.010507619269939372,0.01045279793201316,2039.7259948730468,1968.8455932617187,2036.1738276976243,2087.0384900762465,1992.4134996698472,94.62499040639932,64.6725812575045,0.0060956702134106,24.2401123046875,2.7099609375,16.85986328125,-0.09726300386048348
2016-04-07,2063.010009765625,2063.010009765625,2033.800048828125,2041.9100341796875,3801250000,-0.011975786526205012,-0.012048073970004866,2042.35849609375,1971.6111938476563,2036.7201330768685,2083.27457473095,2001.4424174565502,81.83215727439983,50.452760356045324,0.0068196319870642555,29.2099609375,-17.8299560546875,5.2000732421875,0.013450463901034437
2016-04-08,2045.5400390625,2060.6298828125,2041.68994140625,2047.5999755859375,3359530000,0.0027865779152880243,0.002782702604616504,2045.2599975585938,1974.9041943359375,2037.7563085539227,2077.7838802304223,2012.736114886765,65.04776534365715,49.30512896302674,0.006821182316108092,18.93994140625,-25.1800537109375,11.6600341796875,-0.11620388030253204
2016-04-11,2050.22998046875,2062.929931640625,2041.8800048828125,2041.989990234375,3567840000,-0.0027397858070188352,-0.0027435458896039448,2046.25,1977.8767944335937,2038.1595163330135,2076.9726209976675,2015.5273790023325,61.44524199533498,46.71044054674729,0.0058952515817567224,21.0499267578125,-24.139892578125,4.93994140625,0.06200569722550475
2016-04-12,2043.719970703125,2065.050048828125,2039.739990234375,2061.719970703125,4239740000,0.0096621337827838,0.009615753881389974,2048.3539978027343,1980.3063940429688,2040.403369130167,2077.103807441123,2019.6041881643453,57.49961927677782,53.63412793285527,0.006220171457293775,25.31005859375,16.5499267578125,6.7099609375,0.18832122516704786
2016-04-13,2065.919921875,2083.179931640625,2065.919921875,2082.419921875,4191830000,0.01004013710204088,0.009990069768557895,2051.6784912109374,1983.1671923828126,2044.404945582056,2080.0157450490733,2023.3412373728015,56.67450767627179,63.318006638090345,0.006491108758263146,17.260009765625,15.760009765625,18.469970703125,-0.011300221239981645
2016-04-14,2082.889892578125,2087.840087890625,2078.1298828125,2082.780029296875,3765870000,0.0001729273803483533,0.00017291243013242585,2054.456494140625,1986.7621923828126,2048.0597154596576,2083.580512902487,2025.3324753787635,58.2480375237235,63.67995562109082,0.006430159642227782,9.710205078125,40.8699951171875,23.0400390625,-0.1016167163267594
2016-04-15,2083.10009765625,2083.219970703125,2076.31005859375,2080.72998046875,3701450000,-0.0009842848497145784,-0.000984769576145959,2056.463494873047,1990.12619140625,2051.1711692700474,2087.059141843691,2025.8678479024022,61.191293941288905,62.68735356354704,0.006328700787594337,6.909912109375,33.1300048828125,7.949951171875,-0.017106272919670595
2016-04-18,2078.830078125,2094.659912109375,2073.64990234375,2094.340087890625,3316880000,0.006541025289023228,0.006519725613797989,2058.701495361328,1993.703994140625,2055.2824948529596,2093.4442389828146,2023.9587517398415,69.48548724297302,61.72004475698673,0.006406826025390473,21.010009765625,52.35009765625,28.210205078125,-0.10389712139837093
2016-04-19,2096.050048828125,2104.050048828125,2091.679931640625,2100.800048828125,3896830000,0.0030844851678346608,0.0030797379028665328,2061.161492919922,1998.118994140625,2059.6174999934515,2100.4562045180896,2021.866781321754,78.5894231963357,61.145768258877084,0.00642202090762463,12.3701171875,39.080078125,55.6300048828125,0.17484804997467496
2016-04-20,2101.52001953125,2111.050048828125,2096.320068359375,2102.39990234375,4184880000,0.0007615448773992117,0.0007612550492345003,2063.7914855957033,2003.098193359375,2063.6920145030035,2106.75423562648,2020.8287355649265,85.9255000615533,63.110015035608285,0.006404480467657724,14.72998046875,19.97998046875,35.739990234375,0.0739190572850239
2016-04-21,2102.090087890625,2103.780029296875,2088.52001953125,2091.47998046875,4175290000,-0.005194027008290192,-0.005207562857292034,2066.5299865722654,2007.88359375,2066.338487452122,2109.205743272078,2023.8542298724526,85.35151339962545,55.822642588037105,0.006334479251254547,15.260009765625,8.699951171875,49.5699462890625,-0.0022915830322494113
2016-04-22,2091.489990234375,2094.320068359375,2081.199951171875,2091.580078125,3790580000,4.785972478082989e-05,4.785857954074228e-05,2069.3119934082033,2012.6779956054688,2068.7424484685866,2110.829931141873,2027.7940556745334,83.03587546733979,58.261465672327844,0.00632908889192895,13.1201171875,10.85009765625,43.9801025390625,-0.09213970766102475
2016-04-25,2089.3701171875,2089.3701171875,2077.52001953125,2087.7900390625,3319740000,-0.0018120458796383465,-0.0018136896207629953,2071.848992919922,2017.852197265625,2070.556504715626,2111.211381466766,2032.4866043730776,78.72477709368832,65.57068380375594,0.006367053896051835,11.85009765625,-6.550048828125,45.800048828125,-0.12421318109629664
2016-04-26,2089.840087890625,2096.8701171875,2085.800048828125,2091.699951171875,3557190000,0.0018727515871905798,0.0018710001742369307,2073.683489990234,2022.390595703125,2072.570166282888,2113.1612394924696,2034.2057404879988,78.95549900447077,60.49634648054527,0.00611716052658287,11.070068359375,-9.10009765625,29.97998046875,0.0715266858247936
2016-04-27,2092.330078125,2099.889892578125,2082.31005859375,2095.14990234375,4100110000,0.001649352800310755,0.0016479941117468401,2075.243487548828,2026.3819946289063,2074.7206173363033,2115.5586501296534,2034.9283249680025,80.63032516165094,77.16878194881711,0.006066654537206103,17.579833984375,-7.25,12.72998046875,0.15262608969439362
2016-04-28,2090.929931640625,2099.300048828125,2071.6201171875,2075.81005859375,4309840000,-0.009230768513682652,-0.00927363606156167,2076.046990966797,2029.361796875,2074.8243736465365,2115.696199640199,2036.3977822933944,79.29841734680485,62.63555651300041,0.0064432221965650465,27.679931640625,-15.669921875,-6.969970703125,0.05115228615817635
2016-04-29,2071.820068359375,2073.85009765625,2052.280029296875,2065.300048828125,4704720000,-0.005063088369821722,-0.005075949230557177,2075.672991943359,2032.3111987304687,2073.917295092402,2115.592147156488,2035.7538367302304,79.83831042625752,60.00175987731141,0.006395544329459266,21.570068359375,-26.280029296875,-15.429931640625,0.09162289087297903
2016-05-02,2067.169921875,2083.419921875,2066.110107421875,2081.429931640625,3841110000,0.007809946463542827,0.007779606697244105,2076.4379943847657,2035.5841967773438,2074.632784287471,2116.1731091071483,2036.7028796623833,79.47022944476498,58.7266516776202,0.006590836048619108,17.309814453125,-6.360107421875,-12.91015625,-0.18356246492883743
2016-05-03,2077.179931640625,2077.179931640625,2054.889892578125,2063.3701171875,4173390000,-0.008676638198860664,-0.008714499388395887,2077.347998046875,2037.9415991210938,2073.560149325569,2114.8382056973564,2039.857790396394,74.98041530096248,41.36373094615115,0.006474505091416504,22.2900390625,-28.329833984375,-37.429931640625,0.0865062442887603
2016-05-04,2060.300048828125,2060.300048828125,2045.550048828125,2051.1201171875,4058560000,-0.005936889314214544,-0.00595458270547255,2076.571008300781,2040.5386010742188,2071.4230034076577,2115.6061927617056,2037.5358238398567,78.07036892184897,37.04368294744498,0.006168716134958244,14.75,-44.02978515625,-51.27978515625,-0.02751480211530677
2016-05-05,2052.949951171875,2060.22998046875,2045.77001953125,2050.6298828125,4008530000,-0.0002390081258001331,-0.00023903669279415213,2077.007000732422,2042.9551977539063,2069.442706208119,2114.5795237262664,2039.4344777385777,75.14504598768872,37.52272000453388,0.005530730195015569,14.4599609375,-25.18017578125,-40.85009765625,-0.01232703224789089
2016-05-06,2047.77001953125,2057.719970703125,2039.449951171875,2057.139892578125,3796350000,0.0031746390805036384,0.0031696105535526063,2077.483996582031,2045.0639965820312,2068.2710096719293,2113.702419219723,2041.2655739443392,72.43684527538403,33.61506830460067,0.0055408515738904285,18.27001953125,-8.16015625,-34.440185546875,-0.052932122249303326
2016-05-09,2057.550048828125,2064.14990234375,2054.31005859375,2058.68994140625,3788620000,0.0007534970439868616,0.0007532133076099479,2078.318994140625,2047.2767944335938,2067.3585269799596,2111.755106865161,2044.8828814160886,66.8722254490724,30.614006496352815,0.005496626201215673,9.83984375,-22.739990234375,-29.10009765625,-0.0020361663176472478
2016-05-10,2062.6298828125,2084.8701171875,2062.6298828125,2084.389892578125,3600200000,0.012483643435067249,0.012406365236037333,2079.452490234375,2050.319992675781,2068.9805617988327,2112.0456981899774,2046.8592822787728,65.18641591120468,43.21450975847117,0.005775410836967641,22.240234375,21.019775390625,-7.31005859375,-0.04973314821755681
2016-05-11,2083.2900390625,2083.2900390625,2064.4599609375,2064.4599609375,3821980000,-0.009561518078546327,-0.009607522877868724,2078.5544921875,2052.0421923828126,2068.5500283834676,2111.786844836556,2045.3221395384435,66.46470529811268,40.46709297758422,0.005745574255295267,18.830078125,13.33984375,-30.68994140625,0.06160213321482133
2016-05-12,2067.169921875,2073.989990234375,2053.1298828125,2064.110107421875,3782390000,-0.0001694649071644072,-0.00016947926796424465,2077.62099609375,2053.5953955078126,2068.127178768078,2111.3979916460394,2043.8440005414602,67.55399110457915,40.32539591096926,0.005744232891842842,20.860107421875,13.480224609375,-11.699951171875,-0.010358505277369368
2016-05-13,2062.5,2066.7900390625,2043.1300048828125,2046.6099853515625,3579880000,-0.00847828902508041,-0.008514434161752484,2075.9149963378904,2054.6595947265623,2066.077922252219,2112.371211130087,2039.4587815456937,72.9124295843933,36.77409793723493,0.0060197965122536405,23.6600341796875,-10.5299072265625,-18.6900634765625,-0.053540221923175535
2016-05-16,2046.530029296875,2071.8798828125,2046.530029296875,2066.659912109375,3501360000,0.009796652464963085,0.009748976389612767,2074.5309875488283,2055.9929931640627,2066.133349857663,2110.1336990493996,2038.928276048257,71.20542300114266,42.713275445349566,0.00626791773549864,25.349853515625,7.969970703125,-14.77001953125,-0.021933696101545275
2016-05-17,2065.0400390625,2065.68994140625,2040.8199462890625,2047.2099609375,4108960000,-0.009411297455333645,-0.009455863552162807,2071.851483154297,2056.9019921875,2064.3311223414566,2107.195378936384,2036.5075873722103,70.6877915641735,37.23776791900264,0.006495125904950263,24.8699951171875,-37.179931640625,-16.16015625,0.1735325702012933
2016-05-18,2044.3800048828125,2060.610107421875,2034.489990234375,2047.6300048828125,4101320000,0.00020517873267866804,0.00020515768640127935,2069.11298828125,2058.2693920898437,2062.740539726348,2102.9458409366157,2035.2801356258847,67.66570531073103,41.65775891913066,0.0064871482770457595,26.1201171875,-16.8299560546875,-3.4901123046875,-0.0018593512713679372
2016-05-19,2044.2099609375,2044.2099609375,2025.9100341796875,2040.0400390625,3846770000,-0.003706707658226005,-0.0037135945227206248,2066.5409912109376,2059.2849926757813,2060.578587282172,2101.029112041357,2032.0528703805182,68.97624166083892,42.39063444597581,0.006448557182882743,18.2999267578125,-24.070068359375,-10.58984375,-0.062065383827645704
2016-05-20,2041.8800048828125,2058.35009765625,2041.8800048828125,2052.320068359375,3507650000,0.006019504059596059,0.006001459222804671,2064.577990722656,2060.5399951171876,2059.7920616704773,2097.4989682849937,2031.6570131603182,65.84195512467545,41.022671830672024,0.006645809459686103,16.4700927734375,5.7100830078125,-4.81982421875,-0.08815707723622679
2016-05-23,2052.22998046875,2055.580078125,2047.260009765625,2048.0400390625,3055480000,-0.0020854589704891735,-0.0020876365681016884,2062.5904907226563,2061.0569970703127,2058.6728214220984,2094.391542209301,2030.789439236012,63.60210297328899,44.833141882884995,0.006648008800220092,8.320068359375,-18.619873046875,-10.64990234375,-0.12890966886662014
2016-05-24,2052.64990234375,2079.669921875,2052.64990234375,2076.06005859375,3627340000,0.013681382686285826,0.013588637533990108,2061.80849609375,2062.185397949219,2060.3287487717794,2091.2794306363357,2032.337561551164,58.941869085171675,57.59807567580434,0.007393519003914854,27.02001953125,28.85009765625,-8.329833984375,0.18715880974511379
2016-05-25,2078.929931640625,2094.72998046875,2078.929931640625,2090.5400390625,3859160000,0.006974740643369559,0.006950529651583447,2061.5780029296875,2063.67759765625,2063.206014513753,2090.004586362981,2033.1514194963938,56.853166866587344,61.2038029547467,0.0075632315451089945,15.800048828125,42.9100341796875,26.080078125,0.06390909040784698
2016-05-26,2091.43994140625,2094.300048828125,2087.080078125,2090.10009765625,3230990000,-0.00021044390350322129,-0.0002104660499285901,2062.2925048828124,2064.9352001953125,2065.7673557654193,2092.8628165399646,2031.7221932256602,61.14062331430432,59.57923865611807,0.007251544904549906,7.219970703125,50.06005859375,25.989990234375,-0.16277376423884993
2016-05-27,2090.06005859375,2099.06005859375,2090.06005859375,2099.06005859375,3079150000,0.004286857336424754,0.004277694939439437,2063.980505371094,2066.104602050781,2068.9380893681173,2098.6971161616175,2029.2638945805704,69.43322158104706,61.24830958360657,0.0071840556585459105,9.0,46.739990234375,52.4500732421875,-0.04699488392102735
2016-05-31,2100.1298828125,2103.47998046875,2088.659912109375,2096.949951171875,4514410000,-0.0010052630048559275,-0.0010057686205899895,2064.7565063476563,2067.051999511719,2071.60588573038,2101.7354844060947,2027.777528289218,73.95795611687663,54.02927935689424,0.007001739840600724,14.820068359375,48.909912109375,30.2900390625,0.46612214409820885
2016-06-01,2093.93994140625,2100.969970703125,2085.10009765625,2099.330078125,3525170000,0.0011350423274503196,0.001134398653926189,2066.5545043945312,2068.0065991210936,2074.2462850060583,2106.617919225677,2026.4910895633855,80.12682966229136,62.605777751104114,0.006668493223681068,15.869873046875,23.27001953125,52.1201171875,-0.21912941004472342
2016-06-02,2097.7099609375,2105.260009765625,2088.590087890625,2105.260009765625,3632720000,0.0028246780734553223,0.002820696166986195,2069.2614990234374,2069.115798339844,2077.199973078398,2112.1504773078555,2026.3725207390194,85.77795656883609,64.29906986056392,0.0064819068186645085,16.669921875,14.719970703125,57.6300048828125,0.030509166933793352
2016-06-03,2104.070068359375,2104.070068359375,2085.360107421875,2099.1298828125,3627780000,-0.002911814656949452,-0.002916062236694851,2071.6864990234376,2070.3641967773438,2079.2885359102174,2115.611858931199,2027.761139115676,87.85071981552301,69.81581698684144,0.0065430800364493615,18.7099609375,9.02978515625,59.08984375,-0.0013598625823074695
2016-06-06,2100.830078125,2113.360107421875,2100.830078125,2109.409912109375,3442020000,0.004897281193053882,0.004885328519363624,2074.3,2071.8335961914063,2082.157238405375,2120.729734785198,2027.8702652148024,92.85946957039573,67.4134073212208,0.0065818073139265205,12.530029296875,10.349853515625,57.08984375,-0.0512048690934952
2016-06-07,2110.179931640625,2119.219970703125,2110.179931640625,2112.1298828125,3534730000,0.0012894462510633087,0.001288615629197613,2076.9719970703127,2073.3351928710936,2085.0117759679583,2125.712569233974,2028.231424906651,97.48114432732314,80.61675175413751,0.006580659336160428,9.0400390625,15.179931640625,64.08984375,0.026934765050754983
2016-06-08,2112.7099609375,2120.550048828125,2112.7099609375,2119.1201171875,3562060000,0.0033095665337075086,0.0033041019719547236,2078.7085083007814,2074.617395019531,2088.2601894174386,2130.913439427161,2026.5035771744022,104.40986225275878,81.74785681217683,0.006059366124142844,7.840087890625,19.7900390625,43.06005859375,0.007731849391608314
2016-06-09,2115.64990234375,2117.639892578125,2107.72998046875,2115.47998046875,3290320000,-0.0017177585589538413,-0.0017192355978938075,2081.2595092773436,2075.6479956054686,2090.8525504699446,2135.4801179148644,2027.0389006398225,108.44121727504194,84.71995002157342,0.005585761758278045,9.909912109375,10.219970703125,24.93994140625,-0.07628731688966495
2016-06-10,2109.570068359375,2109.570068359375,2089.9599609375,2096.070068359375,3515010000,-0.009175181182794367,-0.009217532410166119,2082.8575073242187,2076.3745971679687,2091.349456935605,2136.833295514317,2028.8817191341207,107.95157638019623,68.8951404060768,0.006048834689227091,19.610107421875,-3.059814453125,5.969970703125,0.0682881908142674
2016-06-13,2091.75,2098.1201171875,2078.4599609375,2079.06005859375,3392030000,-0.008115191387155773,-0.008148298789709478,2084.480010986328,2076.5001977539064,2090.1790380459042,2135.7511571368777,2033.2088648357785,102.54229230109922,62.07000064597274,0.006020042202343329,19.66015625,-30.349853515625,-20.0,-0.03498709818748735
2016-06-14,2076.64990234375,2081.300048828125,2064.10009765625,2075.320068359375,3759770000,-0.0017988851350955182,-0.0018005050719719037,2084.913018798828,2076.6840014648437,2088.763898075759,2135.6944249290837,2034.1316126685724,101.56281226051124,49.64498801790637,0.005655751843766735,17.199951171875,-36.809814453125,-21.6298828125,0.10841295625333491
2016-06-15,2077.60009765625,2085.64990234375,2069.800048828125,2071.5,3544720000,-0.0018407128700851372,-0.0018424090638101951,2086.127520751953,2077.2106005859373,2087.119717306639,2134.2019289608265,2038.0531125430796,96.14881641774696,39.82475001565664,0.00521292496475975,15.849853515625,-47.6201171875,-27.830078125,-0.057197647728451484
2016-06-16,2066.360107421875,2079.6201171875,2050.3701171875,2077.989990234375,3628280000,0.0031329906996742096,0.0031280931110455722,2087.6455200195314,2077.4372021484373,2086.2502194902327,2132.404595973756,2042.886444065307,89.518151908449,43.92127547456527,0.005242198358476954,29.25,-37.489990234375,-27.27001953125,0.023573088988693147
2016-06-17,2078.199951171875,2078.199951171875,2062.840087890625,2071.219970703125,4952630000,-0.0032579654199809127,-0.003263284144608922,2089.2045166015623,2078.023400878906,2084.8187672247936,2128.863425808769,2049.5456073943556,79.31781841441352,35.7114037615748,0.0052230482069738505,15.35986328125,-24.85009765625,-27.909912109375,0.36500766203269874
2016-06-20,2075.580078125,2100.659912109375,2075.580078125,2083.25,3467440000,0.00580818525653326,0.0057913827784231015,2090.751013183594,2078.7364013671877,2084.6693608224323,2126.581311564813,2054.9207148023747,71.66059676243822,43.618465793430026,0.005212075540397069,25.079833984375,4.18994140625,-26.159912109375,-0.2998790541591033
2016-06-21,2085.18994140625,2093.659912109375,2083.02001953125,2088.89990234375,3232880000,0.002712061607464289,0.002708390604209703,2092.7940063476562,2079.674599609375,2085.072269538748,2122.5078050897782,2063.0802076055343,59.42759748424396,45.28517194190615,0.005184499581046201,10.639892578125,13.579833984375,-23.22998046875,-0.06764644810003917
2016-06-22,2089.75,2099.7099609375,2084.360107421875,2085.449951171875,3168160000,-0.0016515636618127383,-0.00165292899657585,2093.2635009765627,2080.14919921875,2085.1082392180933,2122.1492044313786,2064.3777975217467,57.77140690963188,40.839734297880796,0.004262376412304039,15.349853515625,13.949951171875,-33.670166015625,-0.020019301675286427
2016-06-23,2092.800048828125,2113.320068359375,2092.800048828125,2113.320068359375,3297940000,0.01336407865930278,0.013275567071955107,2094.4025024414063,2080.7672021484377,2087.7950800886915,2124.602626240468,2064.2023786423447,60.400247598123315,55.46321169886588,0.004974172883738621,20.52001953125,35.330078125,-2.159912109375,0.040963840210090474
2016-06-24,2103.81005859375,2103.81005859375,2032.5699462890625,2037.4100341796875,7597450000,-0.035919799994431734,-0.03658079280558263,2091.767999267578,2079.8598022460938,2082.996504287834,2131.2995832564875,2052.2364152786686,79.06316797781892,31.585743463006523,0.00955891683586305,71.2401123046875,-33.8099365234375,-58.6600341796875,1.3036956403087987
2016-06-27,2031.449951171875,2031.449951171875,1991.6800537109375,2000.5400390625,5431220000,-0.01809650217612302,-0.018262246511702756,2086.8419982910154,2078.2560034179687,2075.143507599707,2143.423752857648,2030.2602437243827,113.1635091332655,25.704408025106105,0.010169617767428018,39.7698974609375,-82.7099609375,-78.52001953125,-0.28512593041086154
2016-06-28,2006.6700439453125,2036.0899658203125,2006.6700439453125,2036.0899658203125,4385810000,0.01777016508725926,0.01761412160408792,2083.7989990234373,2077.0910009765626,2071.424122668336,2144.488896230641,2023.1091018162338,121.37979441440712,33.92197732946872,0.011122335922766303,29.419921875,-52.8099365234375,-39.2301025390625,-0.19248161554862442
2016-06-29,2042.68994140625,2073.1298828125,2042.68994140625,2070.77001953125,4241740000,0.017032672570028273,0.016889242971253916,2082.37099609375,2076.490400390625,2071.361827131471,2142.865899316304,2021.876092871196,120.98980644510789,42.27139828219533,0.011857721331107211,30.43994140625,-14.679931640625,-0.72998046875,-0.032849120230926565
2016-06-30,2073.169921875,2098.93994140625,2070.0,2098.860107421875,4622820000,0.013565044705922347,0.013473863149466128,2082.0510009765626,2076.4196044921873,2073.980710968652,2142.1021969567187,2021.9998049964065,120.10239196031216,50.468237071854794,0.012258246595163887,28.93994140625,-14.4599609375,20.8701171875,0.08984048998759953
2016-07-01,2099.340087890625,2108.7099609375,2097.89990234375,2102.949951171875,3458890000,0.00194860235588723,0.0019467062930320223,2082.2420043945312,2076.64900390625,2076.739686226102,2142.5456962200005,2021.938312569062,120.60738365093857,54.19106202581632,0.012247329117652845,10.81005859375,65.5399169921875,31.72998046875,-0.2517792170147226
2016-07-05,2095.050048828125,2095.050048828125,2080.860107421875,2088.550048828125,3658380000,-0.006847477437932237,-0.006871028985598719,2081.199011230469,2076.5884033203124,2077.86448266439,2140.2324218368076,2022.16560062413,118.0668212126775,52.237288863346606,0.012289868907328513,14.18994140625,88.010009765625,5.300048828125,0.05767457190023384
2016-07-06,2084.429931640625,2100.719970703125,2074.02001953125,2099.72998046875,3909380000,0.005352963242081676,0.0053386870582759595,2080.5790161132813,2076.8272021484377,2079.94691102671,2138.49451185321,2022.6635203733526,115.8309914798574,54.65795473771562,0.01235311982122085,26.699951171875,63.6400146484375,10.830078125,0.06860960315768172
2016-07-07,2100.419921875,2109.080078125,2089.389892578125,2097.89990234375,3604550000,-0.0008715778419239317,-0.0008719578867330009,2079.5180053710938,2076.951201171875,2081.656719723571,2135.1948054610166,2023.8412052811707,111.3536001798459,53.33644813165288,0.012325570557920237,19.690185546875,27.1298828125,12.449951171875,-0.07797400099248475
2016-07-08,2106.969970703125,2131.7099609375,2106.969970703125,2129.89990234375,3607500000,0.015253349296718177,0.0151381865659924,2080.2390014648436,2077.646201171875,2086.2513085445403,2138.203108337791,2022.2748945918959,115.92821374589516,59.06674261485592,0.012807054451119482,24.739990234375,31.039794921875,16.579833984375,0.0008184100650565629
2016-07-11,2131.719970703125,2143.159912109375,2131.719970703125,2137.159912109375,3253340000,0.003408615474199461,0.0034028193119982385,2082.293493652344,2078.8731982421873,2091.0997469792865,2145.3125845494455,2019.2744027552421,126.03818179420341,58.45433933137151,0.012618663443371755,11.43994140625,34.2099609375,99.7498779296875,-0.09817325017325018
2016-07-12,2139.5,2155.39990234375,2139.5,2152.139892578125,4097820000,0.007009293213798395,0.006984842307345719,2085.9474853515626,2080.6099951171873,2096.913094179176,2156.232931725577,2015.6620389775478,140.57089274802934,59.63554472998781,0.012493229050870492,15.89990234375,63.58984375,151.599853515625,0.25957323857942916
2016-07-13,2153.81005859375,2156.449951171875,2146.2099609375,2152.429931640625,3502320000,0.00013476775533982632,0.00013475867498170382,2089.802978515625,2082.0299951171874,2102.2004120326474,2165.856818155523,2013.749138875727,152.10767927979578,60.30461237980769,0.012471345101440838,10.239990234375,52.699951171875,116.3399658203125,-0.14532117076884787
2016-07-14,2157.8798828125,2168.989990234375,2157.8798828125,2163.75,3465610000,0.00525920411762093,0.005245422801696999,2094.415478515625,2084.0375927734376,2108.0622775533475,2176.727523842164,2012.1034331890864,164.62409065307747,58.17473490416025,0.012460295462831969,11.110107421875,65.85009765625,92.97998046875,-0.010481623609493118
2016-07-15,2165.1298828125,2169.050048828125,2155.7900390625,2161.739990234375,3122600000,-0.0009289473209127541,-0.0009293790598711438,2098.602978515625,2086.249990234375,2113.1744406658263,2185.7744802755374,2011.4314767557132,174.34300351982415,76.50394263031811,0.012478328308830356,13.260009765625,31.840087890625,62.8798828125,-0.0989753607590006
2016-07-18,2162.0400390625,2168.35009765625,2159.6298828125,2166.889892578125,3009310000,0.002382294987840705,0.0023794618218687365,2103.386474609375,2088.5751904296876,2118.290197990807,2194.6354373816935,2012.1375118370565,182.49792554463693,91.0072449027493,0.012415577417722902,8.72021484375,29.72998046875,63.93994140625,-0.03628066354960613
2016-07-19,2163.7900390625,2164.6298828125,2159.010009765625,2163.780029296875,2968340000,-0.0014351736522938419,-0.0014362045004153862,2107.412976074219,2090.7079931640624,2122.622562877099,2201.967802598622,2012.8581495498163,189.1096530488055,87.4699910376098,0.01241455431332929,5.619873046875,11.64013671875,75.22998046875,-0.013614416593837109
2016-07-20,2166.10009765625,2175.6298828125,2164.889892578125,2173.02001953125,3211860000,0.004270300173431885,0.004261208315763991,2111.6189819335937,2092.9945947265624,2127.422320653685,2210.1082683795134,2013.1296954876736,196.9785728918398,85.27085431706175,0.012424328387221927,10.739990234375,20.590087890625,73.2900390625,0.08203911950787313
2016-07-21,2172.909912109375,2174.56005859375,2159.75,2165.169921875,3438900000,-0.003612528916297486,-0.003619069856524976,2115.60498046875,2094.6101953125,2131.01733029381,2216.067892345544,2015.1420685919563,200.92582375358757,76.5856647566321,0.012462755531347444,14.81005859375,1.419921875,67.27001953125,0.07068801255347368
2016-07-22,2166.469970703125,2175.110107421875,2163.239990234375,2175.030029296875,3023280000,0.004553964713003289,0.004543626789510244,2118.690478515625,2096.8215966796874,2135.2090159131494,2222.589714913268,2014.7912421179817,207.79847279528622,77.62112542707776,0.01219089054046668,11.8701171875,13.2900390625,45.130126953125,-0.12085841402774145
2016-07-25,2173.7099609375,2173.7099609375,2161.949951171875,2168.47998046875,3057240000,-0.0030114751244342264,-0.0030160187399297005,2125.243975830078,2098.908994140625,2138.377679204159,2223.9620871330735,2026.5258645270824,197.43622260599113,82.5898429800933,0.008550002020367377,11.760009765625,1.590087890625,31.320068359375,0.011232833214257276
2016-07-26,2168.969970703125,2173.5400390625,2160.179931640625,2169.179931640625,3442350000,0.0003227842443460638,0.0003227321607194127,2133.6759704589845,2101.3603930664062,2141.311227055251,2214.7832247527012,2052.5687161652677,162.21450858743356,80.96293377626168,0.006989882079078345,13.360107421875,5.39990234375,17.0400390625,0.12596655807198642
2016-07-27,2169.81005859375,2174.97998046875,2159.070068359375,2166.580078125,3995500000,-0.0011985421207814095,-0.001199260946808637,2140.200476074219,2103.358796386719,2143.717784299989,2208.1874800181704,2072.2134721302673,135.9740078879031,80.4110092536539,0.006285658305907138,15.909912109375,-6.43994140625,14.150146484375,0.16068964515519912
2016-07-28,2166.050048828125,2172.85009765625,2159.739990234375,2170.06005859375,3664240000,0.0016062090221755643,0.001604920448092453,2145.1649780273438,2105.8157983398437,2146.226572327966,2205.9210669657414,2084.408889088946,121.51217787679525,73.79158928788378,0.005369509668583322,13.110107421875,4.89013671875,6.31005859375,-0.08290827180578153
2016-07-29,2168.830078125,2177.090087890625,2163.489990234375,2173.60009765625,4038840000,0.0016313092573088106,0.0016299801176578648,2148.9019775390625,2108.3352001953126,2148.8335747401834,2206.7926145589313,2091.0113405191937,115.78127403973758,72.58317824883119,0.0046770017827414455,13.60009765625,-1.429931640625,11.860107421875,0.1022312948933477
2016-08-01,2173.14990234375,2178.2900390625,2166.2099609375,2170.840087890625,3505990000,-0.0012697872845152114,-0.0012705941474910585,2152.296484375,2110.951201171875,2150.9294331354636,2206.6985668323387,2097.8944019176615,108.80416491467713,63.65776072350684,0.00472533873527804,12.080078125,2.360107421875,3.9501953125,-0.13193144566261605
2016-08-02,2169.93994140625,2170.199951171875,2147.580078125,2157.030029296875,3848750000,-0.006361619481225378,-0.006381940812667669,2155.7204833984374,2113.045400390625,2151.5104422936934,2201.10158136687,2110.3393854300048,90.76219593686528,52.80562256172012,0.004680659760685915,22.619873046875,-12.14990234375,-6.75,0.09776411227641835
2016-08-03,2156.81005859375,2163.7900390625,2152.56005859375,2163.7900390625,3786530000,0.0031339432802557354,0.0031290427160710972,2158.923486328125,2115.360400390625,2152.6799277002465,2195.936587865829,2121.9103847904207,74.02620307540838,50.02585837180554,0.004613452398345037,11.22998046875,-2.7900390625,-9.22998046875,-0.016166287755764897
2016-08-04,2163.510009765625,2168.18994140625,2159.070068359375,2164.25,3709200000,0.00021257188969192597,0.00021254929948908707,2162.2409912109374,2117.12419921875,2153.781839347842,2185.5996734849236,2138.882308936951,46.717364547972466,51.65415445210658,0.004590260135441376,9.119873046875,-5.81005859375,-0.919921875,-0.020422392005345236
2016-08-05,2168.7900390625,2182.8701171875,2168.7900390625,2182.8701171875,3663070000,0.008603496447961101,0.00856669728938006,2164.889501953125,2118.97080078125,2156.5521515230475,2184.5232848950636,2145.2557190111866,39.26756588387707,58.94347934207254,0.0037016214558548855,14.080078125,9.27001953125,7.840087890625,-0.01243664402027389
2016-08-08,2183.760009765625,2185.43994140625,2177.85009765625,2180.889892578125,3327550000,-0.0009071655678379864,-0.0009075772915415996,2167.0760009765627,2120.7865966796876,2158.8700316235313,2183.1188553791226,2151.033146574003,32.08570880511979,59.69832000221416,0.003694060716615479,7.58984375,10.0498046875,12.409912109375,-0.09159530120909509
2016-08-09,2182.239990234375,2187.659912109375,2178.610107421875,2181.739990234375,3334300000,0.0003897939364765346,0.00038971798655598234,2168.556005859375,2122.4401953125,2161.048122919802,2184.254879773826,2152.8571319449243,31.39774782890163,55.462233709033626,0.0034151895126866183,9.0498046875,24.7099609375,12.56005859375,0.0020285194813001173
2016-08-10,2182.81005859375,2183.409912109375,2172.0,2175.489990234375,3254950000,-0.0028646859974036376,-0.0028687970634882847,2169.7090087890624,2124.01099609375,2162.4235388545235,2183.7172853264337,2155.700732251691,28.01655307474266,56.59678330539872,0.0035054631329165735,11.409912109375,11.699951171875,8.909912109375,-0.02379809855142012
2016-08-11,2177.969970703125,2188.449951171875,2177.969970703125,2185.7900390625,3423160000,0.004734588012062169,0.004723415102443644,2170.8110107421876,2125.7401953125,2164.648919826712,2186.241006735391,2155.3810147489844,30.859991986406385,56.83953406808963,0.0034700661441662757,10.47998046875,21.5400390625,15.72998046875,0.051678213182998256
2016-08-12,2183.739990234375,2186.280029296875,2179.419921875,2184.050048828125,3000660000,-0.0007960463737501922,-0.0007963633869140575,2171.926513671875,2127.31599609375,2166.496646398275,2187.814307519114,2156.038719824636,31.775587694478418,60.541635949499316,0.003467286549197223,6.860107421875,1.179931640625,10.449951171875,-0.12342397083396628
2016-08-15,2186.080078125,2193.81005859375,2186.080078125,2190.14990234375,3078530000,0.0027929092187690685,0.002789016294521772,2173.0895141601563,2129.136396484375,2168.7493374407013,2190.7332242859125,2155.4458040344,35.28742025151223,63.23022467029565,0.0034800910094164223,7.72998046875,9.260009765625,19.309814453125,0.02595095745602638
2016-08-16,2186.239990234375,2186.239990234375,2178.139892578125,2178.14990234375,3196400000,-0.00547907701986905,-0.0054941422164782264,2173.8080078125,2130.5111962890624,2169.6446293362296,2191.020572169834,2156.595443455166,34.42512871466806,56.52553482121218,0.0037107090425887463,8.10009765625,-3.590087890625,21.119873046875,0.03828775422035835
2016-08-17,2177.840087890625,2183.080078125,2168.5,2182.219970703125,3388910000,0.001868589648029051,0.0018668460061555662,2174.2680053710938,2131.912998046875,2170.8422808949817,2191.879018700985,2156.6569920412026,35.22202665978239,56.81300252510744,0.0036143500858998798,14.580078125,6.72998046875,18.429931640625,0.06022713052183715
2016-08-18,2181.89990234375,2187.030029296875,2180.4599609375,2187.02001953125,3300570000,0.0021996173129046337,0.002197201696382422,2175.3605102539063,2133.27099609375,2172.3830179079596,2193.3029293148984,2157.4180911929143,35.8848381219841,57.414281475087,0.0035226938419400016,6.570068359375,1.22998046875,22.77001953125,-0.026067378596657975
2016-08-19,2184.239990234375,2185.0,2175.1298828125,2183.8701171875,3084800000,-0.0014402713809749113,-0.0014413095687681864,2175.8025146484374,2134.638798828125,2173.477027363154,2194.141809493211,2157.463219803664,36.67858968954715,57.16799136150336,0.0034136589397977817,9.8701171875,-0.179931640625,1.0,-0.06537355668869316
2016-08-22,2181.580078125,2185.14990234375,2175.9599609375,2182.639892578125,2777550000,-0.000563323157221185,-0.0005634818833231075,2176.5105102539064,2136.3701953125,2174.349681193151,2194.752574528603,2158.26844597921,36.48412854939306,66.35147774036663,0.003335114440322458,9.18994140625,-7.510009765625,1.75,-0.09960127074688796
2016-08-23,2187.81005859375,2193.419921875,2186.800048828125,2186.89990234375,3041490000,0.0019517694055308787,0.001949867178361733,2177.3965087890624,2138.5269921875,2175.5449403503508,2195.859407773756,2158.9336098043686,36.92579796938753,65.2418523766585,0.0033547428423236856,6.619873046875,8.75,5.159912109375,0.0950261921477562
2016-08-24,2185.090087890625,2186.659912109375,2171.25,2175.43994140625,3148280000,-0.005240276852734871,-0.005254055259671874,2177.839501953125,2140.5293896484377,2175.5349404509125,2195.6222946981543,2160.0567092080955,35.565585490058766,56.44503566044953,0.0035716060622699108,15.409912109375,-6.780029296875,-0.050048828125,0.035111080424397256
2016-08-25,2173.2900390625,2179.0,2169.739990234375,2172.469970703125,2969310000,-0.0013652276243513173,-0.001366160396645455,2177.959997558594,2142.5487890625,2175.243038570171,2195.5524804189067,2160.367514698281,35.18496572062577,42.692462080535755,0.00357227816218012,9.260009765625,-14.550048828125,-13.320068359375,-0.05684691323516333
2016-08-26,2175.10009765625,2187.93994140625,2160.389892578125,2169.0400390625,3342340000,-0.0015788165944199406,-0.001580064238713279,2177.7319946289062,2144.3697900390625,2174.6522767122974,2195.6770606762047,2159.7869285816078,35.89013209459699,41.84007988944592,0.0035701518594703613,27.550048828125,-14.830078125,-15.010009765625,0.12562851302154376
2016-08-29,2170.18994140625,2183.47998046875,2170.18994140625,2180.3798828125,2654780000,0.005228047221710774,0.005214428428674345,2178.208984375,2146.55298828125,2175.197763007555,2195.8878934705126,2160.5300752794874,35.35781819102522,49.18164270793855,0.0037491659444290827,13.2900390625,-2.260009765625,-9.77001953125,-0.2057121657282024
2016-08-30,2179.449951171875,2182.27001953125,2170.409912109375,2176.1201171875,3006800000,-0.0019536804841114863,-0.001955591407122778,2179.1634887695313,2148.410390625,2175.2856062627875,2193.8330191855607,2164.493958353502,29.33906083205875,50.38844156821431,0.0034599358248466406,11.860107421875,-10.77978515625,-2.02978515625,0.13259855807260856
2016-08-31,2173.56005859375,2173.7900390625,2161.35009765625,2170.949951171875,3766390000,-0.0023758642617150993,-0.0023786911055626065,2179.521484375,2150.0513916015625,2174.87268673032,2192.9043710070514,2166.1385977429486,26.76577326410279,40.23418044876017,0.003454026363360406,12.43994140625,-4.489990234375,-11.27001953125,0.2526240521484635
2016-09-01,2171.330078125,2173.56005859375,2157.090087890625,2170.860107421875,3392120000,-4.1384533048027805e-05,-4.138538941144249e-05,2179.8519897460938,2151.7595947265627,2174.490536319992,2191.907557571634,2167.7964219205537,24.111135651080076,41.12739527153527,0.003454331689636402,16.469970703125,-1.60986328125,-16.159912109375,-0.09937101574717433
2016-09-02,2177.489990234375,2184.8701171875,2173.590087890625,2179.97998046875,3091120000,0.004201041336424849,0.004192241599034617,2179.707482910156,2153.09279296875,2175.0133405246356,2191.6797231080545,2167.735242712258,23.944480395796745,43.42600308057471,0.0029979620305398635,11.280029296875,10.93994140625,-3.89013671875,-0.08873506833484668
2016-09-06,2181.610107421875,2186.570068359375,2175.10009765625,2186.47998046875,3447650000,0.0029816787577114923,0.002977242370005349,2179.9869873046873,2156.0741918945314,2176.105401471694,2192.330706946836,2167.6432676625386,24.687439284297398,55.79688476907603,0.003065607709060362,11.469970703125,6.10009765625,3.840087890625,0.11534007091280829
2016-09-07,2185.169921875,2187.8701171875,2179.070068359375,2186.159912109375,3319420000,-0.0001463852229309781,-0.00014639593829345095,2180.2079833984376,2159.7865893554685,2177.0629739133783,2192.83877630827,2167.577190488605,25.261585819665015,52.89277827171825,0.00306558340864546,8.800048828125,10.039794921875,-0.739990234375,-0.03719345061128598
2016-09-08,2182.760009765625,2184.93994140625,2177.489990234375,2181.300048828125,3727840000,-0.0022230136296667036,-0.0022254881924702883,2180.498486328125,2162.690791015625,2177.46650485764,2192.938199674256,2168.0587729819945,24.879426692261404,45.803976631647565,0.0030360761496171372,7.449951171875,10.35009765625,5.860107421875,0.12303956715329778
2016-09-09,2169.080078125,2169.080078125,2127.81005859375,2127.81005859375,4233960000,-0.02452206896667508,-0.024827742410836417,2177.5994873046875,2163.831591796875,2172.737319499174,2204.017311047313,2151.181663562062,52.835647485250774,26.345869370835686,0.006152941927661518,41.27001953125,-43.050048828125,-44.659912109375,0.13576762951199628
2016-09-12,2120.860107421875,2163.300048828125,2119.1201171875,2159.0400390625,4010480000,0.01467705274849096,0.014570387233434434,2176.348986816406,2165.0351904296876,2171.4328166004434,2203.827591122191,2148.8703825106213,54.95720861156951,42.053882183893876,0.007119776062808921,44.179931640625,-20.93994140625,-10.0,-0.0527827376734783
2016-09-13,2150.469970703125,2150.469970703125,2120.27001953125,2127.02001953125,4141670000,-0.014830674258895948,-0.014941748278210834,2173.192492675781,2165.516591796875,2167.2030264033774,2207.620794033063,2138.7641913184993,68.85660271456345,33.0136933173398,0.007747038624009046,30.199951171875,-59.4599609375,-53.35986328125,0.0327117950968463
2016-09-14,2127.860107421875,2141.330078125,2119.89990234375,2125.77001953125,3664100000,-0.0005876766502063147,-0.0005878493998128358,2170.5734985351564,2166.2609912109374,2163.257025748889,2210.8811186336134,2130.2658784366995,80.61524019691387,35.043623499936785,0.007689566757982816,21.43017578125,-60.389892578125,-50.35009765625,-0.11530855910779947
2016-09-15,2125.360107421875,2151.31005859375,2122.360107421875,2147.260009765625,3373720000,0.010109273363029914,0.01005851644943989,2168.8255004882812,2167.211591796875,2161.7335004171496,2210.0287544009657,2127.622246575597,82.40650782536886,43.170598786236965,0.008073185694705469,28.949951171875,-34.0400390625,-23.68994140625,-0.07925002046887364
2016-09-16,2146.47998046875,2146.47998046875,2131.199951171875,2139.159912109375,5014360000,-0.0037722947474507773,-0.0037794277955721,2166.4324951171875,2168.0367919921873,2159.583634864028,2208.7311593943623,2124.1338308400127,84.59732855434959,42.10520883728431,0.008067773466841947,15.280029296875,11.349853515625,-31.7001953125,0.4862999893292863
2016-09-19,2143.989990234375,2153.610107421875,2135.909912109375,2139.1201171875,3141820000,-1.8603060785604697e-05,-1.8603233824686035e-05,2164.1949951171873,2168.2211962890624,2157.6347284186445,2207.33578775067,2121.0542024837046,86.28158526696552,38.406234564513476,0.00807064458408844,17.7001953125,-19.919921875,-40.85986328125,-0.3734354932633477
2016-09-20,2145.93994140625,2150.800048828125,2139.169921875,2139.760009765625,3117380000,0.0002991382171499968,0.0002990934842341777,2162.0510009765626,2168.2731982421874,2155.932374261214,2205.5923376512806,2118.5096643018446,87.08267334943594,39.5708481498236,0.008075423181307976,11.630126953125,12.739990234375,-46.719970703125,-0.007778930683489227
2016-09-21,2144.580078125,2165.110107421875,2139.570068359375,2163.1201171875,3685450000,0.010917162352442444,0.010858000333635954,2160.86201171875,2168.492802734375,2156.6169212065747,2202.8160697960097,2118.9079536414906,83.90811615451912,47.96637747473429,0.008484082756654297,25.5400390625,37.35009765625,-23.039794921875,0.18222674168692943
2016-09-22,2170.93994140625,2179.989990234375,2170.93994140625,2177.179931640625,3523860000,0.006499784427785649,0.006478751917642122,2160.949011230469,2168.987802734375,2158.5753031526747,2203.0373551519847,2118.860667308953,84.17668784303169,51.530375765601725,0.008545647189079396,9.050048828125,29.919921875,-4.1201171875,-0.04384539201454363
2016-09-23,2173.2900390625,2173.75,2163.969970703125,2164.68994140625,3289860000,-0.00573677446354337,-0.005753292959718776,2160.560009765625,2169.0066015625,2159.157649653015,2202.342710556066,2118.7773089751845,83.56540158088137,46.35690552199772,0.008639808353987819,9.780029296875,25.530029296875,36.8798828125,-0.06640445420646679
2016-09-26,2158.5400390625,2158.5400390625,2145.0400390625,2146.10009765625,3199910000,-0.008587762798917709,-0.008624850117916047,2159.4130126953123,2168.6938037109376,2157.914073272371,2201.4740911436593,2117.3519342469654,84.12215689669392,40.90295072734153,0.00884089126574067,13.5,6.97998046875,-12.93994140625,-0.02734158900378736
2016-09-27,2146.0400390625,2161.1298828125,2141.550048828125,2159.929931640625,3414090000,0.006444170055012188,0.006423495165298114,2158.390515136719,2168.5546044921875,2158.106059783633,2199.283534895388,2117.4974953780497,81.7860395173384,44.429800912484446,0.008886384043641315,19.579833984375,20.169921875,32.909912109375,0.0669331324943514
2016-09-28,2161.85009765625,2172.39990234375,2151.7900390625,2171.3701171875,3860390000,0.005296554012835575,0.005282576603642458,2158.1530151367188,2168.70640625,2159.3693033459062,2198.6658817457524,2117.640148527685,81.02573321806722,47.9486116448934,0.0089686020167717,20.60986328125,8.25,45.60009765625,0.13072297449686454
2016-09-29,2168.89990234375,2172.669921875,2145.199951171875,2151.1298828125,4215620000,-0.009321411497187015,-0.009365127730081198,2157.16201171875,2168.268603515625,2158.584596628439,2197.324994870832,2116.9990285666677,80.32596630416447,55.58478978252074,0.009194187613205526,27.469970703125,-26.050048828125,3.869873046875,0.09201920013262899
2016-09-30,2156.510009765625,2175.300048828125,2156.510009765625,2168.27001953125,4158800000,0.007967969231286176,0.0079363925880277,2157.032507324219,2168.33060546875,2159.5070178572782,2197.025860346572,2117.039154301866,79.9867060447059,52.370430748009284,0.009383932355280466,18.7900390625,3.580078125,29.110107421875,-0.013478444451824445
2016-10-03,2164.330078125,2164.409912109375,2154.77001953125,2161.199951171875,3113850000,-0.0032606955294726125,-0.003266023181527122,2156.093505859375,2168.05400390625,2159.6682496015255,2194.6752603359882,2117.5117513827618,77.16350895322648,60.06832025659651,0.009355667500385962,9.639892578125,15.099853515625,22.079833984375,-0.2512623833798211
2016-10-04,2163.3701171875,2165.4599609375,2144.010009765625,2150.489990234375,3716100000,-0.0049555622707156965,-0.004967881786362002,2154.2940063476562,2167.6942041015627,2158.794129661797,2190.1707501011033,2118.417262594209,71.75348750689409,56.89731513358937,0.00937341243816534,21.449951171875,-9.43994140625,10.72998046875,0.19341008719109776
2016-10-05,2155.14990234375,2163.949951171875,2155.14990234375,2159.72998046875,3883710000,0.0042966906501935576,0.004287486231196994,2152.972509765625,2167.505205078125,2158.883258310078,2185.717474268725,2120.2275452625254,65.48992900619942,53.73464341127215,0.009441810938835568,8.800048828125,-11.64013671875,-3.39013671875,0.04510373778961818
2016-10-06,2158.219970703125,2162.929931640625,2150.280029296875,2160.77001953125,3438040000,0.00048155976529717925,0.0004814438526045025,2151.946008300781,2167.38900390625,2159.0629498549515,2182.1397089701527,2121.7523076314096,60.387401338743075,56.7578091001956,0.009436187313048716,12.64990234375,9.64013671875,-16.409912109375,-0.11475367625286126
2016-10-07,2164.18994140625,2165.860107421875,2144.85009765625,2153.739990234375,3578770000,-0.0032534833570118105,-0.0032587874416142044,2153.2425048828127,2167.0626025390625,2158.5560013196587,2181.217829143963,2125.267180621662,55.95064852230098,54.380351727255565,0.007597529000584476,21.010009765625,-14.530029296875,-10.949951171875,0.040933206129073474
2016-10-10,2160.389892578125,2169.60009765625,2160.389892578125,2163.659912109375,2881970000,0.004605905039596125,0.004595330317324387,2153.473498535156,2166.863798828125,2159.0420880615366,2181.725309674544,2125.221687395768,56.503622278775765,56.78357207796528,0.006921393588880652,9.210205078125,2.4599609375,17.559814453125,-0.1947037669366849
2016-10-11,2161.35009765625,2161.56005859375,2128.840087890625,2136.72998046875,3393060000,-0.012446471596532338,-0.012524577697755964,2153.9589965820314,2166.1815966796876,2156.917125433652,2180.5835900165307,2127.334403147532,53.24918686899855,42.65839326028901,0.006665983334036056,32.719970703125,-13.760009765625,-23.199951171875,0.1773404997276169
2016-10-12,2137.669921875,2145.360107421875,2132.77001953125,2139.179931640625,2959510000,0.001146589037580359,0.0011459322063988205,2154.6294921875,2165.8245947265623,2155.227868881935,2178.8301388952905,2130.4288454797097,48.40129341558077,38.698556533356566,0.0066658084176043735,12.590087890625,-20.550048828125,-32.190185546875,-0.1277755182637501
2016-10-13,2130.260009765625,2138.18994140625,2114.719970703125,2132.550048828125,3538030000,-0.0030992637479612117,-0.0031040764122339942,2153.893994140625,2165.199794921875,2153.068076495858,2179.866903429717,2127.9210848515336,51.94581857818321,40.09617569216556,0.006290247309441766,23.469970703125,-28.219970703125,-18.579833984375,0.19547830553030732
2016-10-14,2139.679931640625,2149.18994140625,2132.97998046875,2132.97998046875,3187910000,0.00020160447857309194,0.0002015841591211507,2153.584997558594,2164.57439453125,2151.154924493276,2180.4284238724554,2126.7415712447323,53.686852627723056,45.447568252591346,0.006238166139839857,16.2099609375,-20.760009765625,-35.2900390625,-0.09895902522024969
2016-10-17,2132.949951171875,2135.610107421875,2124.429931640625,2126.5,2832440000,-0.003037994040303138,-0.0030426181118402627,2152.953991699219,2163.4469921875,2148.8068364462974,2181.751309768714,2124.156673629724,57.5946361389897,37.77701208114559,0.006271871550312442,11.18017578125,-37.159912109375,-34.699951171875,-0.11150565731153017
2016-10-18,2138.31005859375,2144.3798828125,2135.489990234375,2139.60009765625,3172940000,0.006160403318245855,0.00614150560569863,2152.94599609375,2162.6211962890625,2147.9300041805786,2181.7588233038373,2124.133168883663,57.625654420174214,38.52323399091243,0.006435031306339483,8.889892578125,2.8701171875,-10.889892578125,0.12021437347304786
2016-10-19,2140.81005859375,2148.43994140625,2138.14990234375,2144.2900390625,3364990000,0.0021919710189710617,0.0021895721553504997,2152.0044921875,2161.872197265625,2147.583340836,2180.6476122991485,2123.3613720758517,57.28624022329677,47.21640429700695,0.005933291867838056,10.2900390625,5.110107421875,-15.43994140625,0.06052746033647027
2016-10-20,2142.510009765625,2147.179931640625,2133.43994140625,2141.340087890625,3339320000,-0.0013757239543792377,-0.0013766711313809553,2150.2125,2161.18919921875,2146.988745317393,2176.621177256447,2123.803822743553,52.81735451289387,37.60927049657276,0.005706870320870282,13.739990234375,8.7900390625,-19.429931640625,-0.007628551645027182
2016-10-21,2139.429931640625,2142.6298828125,2130.090087890625,2141.159912109375,3456390000,-8.414160005176807e-05,-8.414514015477906e-05,2149.035998535156,2160.2965966796874,2146.4336183452006,2174.8181079481733,2123.253889122139,51.56421882603445,40.15519681450743,0.005588999328035894,12.539794921875,8.179931640625,-12.580078125,0.03505803576776101
2016-10-24,2148.5,2154.7900390625,2146.909912109375,2151.330078125,3359950000,0.004749839541692946,0.004738594647427366,2149.297497558594,2159.642197265625,2146.8999478480387,2175.0603111916553,2123.5346839255326,51.52562726612268,50.414899235312134,0.005368498481016879,7.880126953125,24.830078125,-12.329833984375,-0.02790194393572487
2016-10-25,2149.719970703125,2151.43994140625,2141.929931640625,2143.159912109375,3756200000,-0.0037977277864983394,-0.0038049574647063588,2148.4589965820314,2158.7023974609374,2146.543753968166,2173.853740392804,2123.064252771259,50.78948762154505,41.72904018308689,0.005221510946573553,9.510009765625,3.559814453125,6.429931640625,0.11793330257890733
2016-10-26,2136.969970703125,2145.72998046875,2131.590087890625,2139.429931640625,3778120000,-0.0017404116452881535,-0.001741927921187231,2146.8619873046873,2157.927998046875,2145.866247079829,2170.117264493904,2123.606710115471,46.51055437843297,39.62664514674294,0.005053491438025149,14.139892578125,-4.860107421875,0.25,0.005835685000798785
2016-10-27,2144.06005859375,2147.1298828125,2132.52001953125,2133.0400390625,4209400000,-0.0029867267366989747,-0.0029911959060088668,2145.9574951171876,2156.9443994140624,2144.644703459131,2169.910549225276,2122.004441009099,47.90610821617702,39.87480086841672,0.00467058551418288,14.60986328125,-8.300048828125,0.489990234375,0.114152012111844
2016-10-28,2132.22998046875,2140.719970703125,2119.360107421875,2126.409912109375,4028270000,-0.0031082993435224138,-0.00311314013962507,2143.8644897460936,2155.732197265625,2142.9080566639163,2166.9065685599303,2120.822410932257,46.08415762767345,31.17359051177391,0.00426361452314314,21.35986328125,-14.75,-6.570068359375,-0.0430298854943697
2016-10-31,2129.780029296875,2133.25,2125.530029296875,2126.14990234375,3926560000,-0.00012227640782913607,-0.0001222838841985538,2142.1119873046873,2154.57779296875,2141.3120419667575,2164.933102730849,2119.2908718785256,45.64223085232334,42.67918561514707,0.004232337884976378,7.719970703125,-25.18017578125,-0.35009765625,-0.025249052322709242
2016-11-01,2128.679931640625,2131.449951171875,2097.85009765625,2111.719970703125,4539190000,-0.006786883476427641,-0.006810019108735079,2140.173486328125,2153.15939453125,2138.493749465459,2166.3395299662557,2114.007442689994,52.33208727626152,33.70139806635599,0.004345085594015521,33.599853515625,-31.43994140625,-27.880126953125,0.15602206511552086
2016-11-02,2109.429931640625,2111.760009765625,2094.0,2097.93994140625,4289120000,-0.00652550029741239,-0.006546884453454001,2137.083984375,2151.3801953125,2134.6314820312487,2167.734679037595,2106.433289712405,61.30138932519003,31.064688046803,0.004337686976113375,17.760009765625,-41.489990234375,-46.35009765625,-0.05509132686668772
2016-11-03,2098.800048828125,2102.56005859375,2085.22998046875,2088.659912109375,3892100000,-0.004423400838946101,-0.004433213022609399,2133.478479003906,2149.6445947265624,2130.2532372767846,2168.97889643486,2097.9780615729524,71.0008348619076,27.89312809771424,0.00436183891370675,17.330078125,-44.380126953125,-52.68017578125,-0.09256444212332604
2016-11-04,2083.7900390625,2099.070068359375,2083.7900390625,2085.179931640625,3841910000,-0.0016661307322337615,-0.0016675202716929607,2130.0504760742188,2147.8987939453127,2125.9605415019123,2170.2434973007653,2089.857454847672,80.38604245309307,28.753668744680482,0.0043462412398517156,15.280029296875,-41.22998046875,-55.97998046875,-0.012895352123532322
2016-11-07,2100.590087890625,2132.0,2100.590087890625,2131.52001953125,3739720000,0.022223543967337278,0.021980199729464904,2128.4434814453125,2147.1483935546876,2126.4900155999444,2165.4198373910785,2091.4671254995465,73.95271189153209,46.90372122264468,0.006777245971638655,31.409912109375,5.3701171875,-19.81005859375,-0.02659874905971249
2016-11-08,2129.919921875,2146.8701171875,2123.56005859375,2139.56005859375,3921850000,0.0037719744542996647,0.0037648783971575305,2128.5849853515624,2146.3319970703124,2127.7347815993544,2165.716199415105,2091.4537712880197,74.26242812708551,48.232847474323655,0.006250945068127889,23.31005859375,27.840087890625,-3.599853515625,0.04870150706470011
2016-11-09,2131.56005859375,2170.10009765625,2125.35009765625,2163.260009765625,6267590000,0.011077020753253342,0.011016119879656035,2129.7889892578123,2146.074794921875,2131.118136662809,2169.815468514023,2089.7625100016016,80.05295851242136,57.09012859268245,0.00671677922965744,44.75,65.320068359375,23.830078125,0.5981207848336882
2016-11-10,2167.489990234375,2182.300048828125,2151.169921875,2167.47998046875,6458450000,0.0019507459501284519,0.001948845716095396,2131.5354858398437,2146.0053955078124,2134.5811694062318,2174.972185845638,2088.0987858340495,86.87340001158827,58.29656046014447,0.00666587194180427,31.130126953125,78.820068359375,34.43994140625,0.03045189618338151
2016-11-11,2162.7099609375,2165.919921875,2152.489990234375,2164.449951171875,4993990000,-0.0013979503036608554,-0.0013989283477976058,2133.108984375,2145.8771923828126,2137.425815288674,2178.977917378496,2087.2400513715043,91.73786600699168,54.33055637483621,0.006683426389031482,13.429931640625,79.27001953125,38.0400390625,-0.22675100062708542
2016-11-14,2165.639892578125,2171.360107421875,2156.080078125,2164.199951171875,5373670000,-0.00011550278622274313,-0.00011550945718323702,2134.9939819335937,2145.561591796875,2139.975732991836,2182.777948737387,2087.2100151298005,95.56793360758638,57.32795711725071,0.0066278820432455,15.280029296875,32.679931640625,38.050048828125,0.07602738491666994
2016-11-15,2168.2900390625,2180.840087890625,2166.3798828125,2180.389892578125,4548110000,0.007480797417763307,0.007452955022089459,2137.0334716796874,2145.4397900390627,2143.8247005714825,2188.9485695330923,2085.1183738262825,103.83019570680972,63.12650807907889,0.006689332239170014,14.460205078125,40.829833984375,68.669921875,-0.1536305727742865
2016-11-16,2177.530029296875,2179.219970703125,2172.199951171875,2176.93994140625,3847900000,-0.0015822634216101639,-0.0015835165223759536,2138.665966796875,2145.255390625,2146.9785330319364,2193.5124709392994,2083.819462654451,109.69300828484847,64.33886854561925,0.006706135228740422,7.02001953125,13.679931640625,79.0,-0.15395625875363617
2016-11-17,2178.610107421875,2188.06005859375,2176.64990234375,2187.1201171875,3811730000,0.004676369608375142,0.004665469361197901,2140.954968261719,2145.3717919921874,2150.801541046752,2199.9367201969276,2081.9732163265103,117.9635038704173,69.38011743305739,0.0067403405377798485,11.41015625,19.64013671875,98.460205078125,-0.009399932430676494
2016-11-18,2186.85009765625,2189.889892578125,2180.3798828125,2181.89990234375,3580900000,-0.002386798421690206,-0.00238965136554844,2142.9919677734374,2146.4535888671876,2153.7632897417043,2204.752084057385,2081.2318514894896,123.52023256789562,67.2504132206432,0.006780810309684556,9.510009765625,17.449951171875,96.719970703125,-0.06055780446149128
2016-11-21,2186.429931640625,2198.699951171875,2186.429931640625,2198.179931640625,3611500000,0.0074614006258433285,0.007433702070873876,2145.3344604492186,2147.23638671875,2157.99344611303,2211.800793294512,2078.868127603925,132.93266569058687,76.449991933701,0.006886759076718423,12.27001953125,33.97998046875,66.659912109375,0.008545337764249261
2016-11-22,2201.56005859375,2204.800048828125,2194.510009765625,2202.93994140625,3960520000,0.002165432272904111,0.002163091103593048,2148.3234619140626,2148.75478515625,2162.274064712384,2219.581929687452,2077.064994140673,142.51693554677877,83.99809646074503,0.0067919837600790706,10.2900390625,22.550048828125,63.3798828125,0.09664128478471556
2016-11-23,2198.550048828125,2204.719970703125,2194.510009765625,2204.719970703125,3419850000,0.0008080244329033981,0.000807698156908801,2151.5879638671877,2150.3337841796874,2166.3165319495974,2226.9924670170017,2076.1834607173737,150.80900629962798,89.49759549075586,0.006753799054410672,10.2099609375,27.780029296875,41.4599609375,-0.13651490208356476
2016-11-25,2206.27001953125,2213.35009765625,2206.27001953125,2213.35009765625,1584590000,0.003914386891670674,0.003906745613423708,2155.603466796875,2151.6555859375,2170.7959191597547,2235.281484742241,2075.9254488515094,159.35603589073162,92.14167714218286,0.006687085295904367,7.080078125,26.22998046875,45.8701171875,-0.5366492682427592
2016-11-28,2210.2099609375,2211.139892578125,2200.360107421875,2201.719970703125,3515100000,-0.005254535631502799,-0.0052683892547352165,2159.3689697265627,2152.906787109375,2173.74106692579,2240.345475914674,2078.3924635384515,161.95301237622243,79.90780284954099,0.006787657007334354,10.77978515625,19.820068359375,37.27001953125,1.218302526205517
2016-11-29,2200.760009765625,2210.4599609375,2198.14990234375,2204.659912109375,3709190000,0.0013352930642269722,0.001334402353261901,2163.294470214844,2154.2175830078127,2176.6857188480362,2245.0981454327925,2081.490794996895,163.6073504358974,78.9949958570655,0.006774156283639409,12.31005859375,6.47998046875,40.4599609375,0.055216067821683534
2016-11-30,2204.969970703125,2214.10009765625,2198.81005859375,2198.81005859375,5538400000,-0.0026534040390964186,-0.0026569305551563936,2167.648974609375,2155.398583984375,2178.7927988238184,2247.1320941990452,2088.1658550197044,158.96623917934085,68.827400731824,0.00655679049575883,15.2900390625,-4.1298828125,18.420166015625,0.49315618773910197
2016-12-01,2200.169921875,2202.60009765625,2187.43994140625,2191.080078125,5067470000,-0.0035155289737457407,-0.003521722966763813,2172.3059814453127,2155.957783203125,2179.9630159001213,2245.2361614259644,2099.375801464661,145.8603599613034,62.05065298367915,0.00638198010331331,15.16015625,-13.639892578125,14.14013671875,-0.08502997255525058
2016-12-02,2191.1201171875,2197.949951171875,2188.3701171875,2191.949951171875,3782370000,0.00039700650631591117,0.0003969277200846238,2177.4704833984374,2156.25318359375,2181.1046287831455,2239.2342642938142,2115.7067025030606,123.52756179075368,64.3587756288338,0.006207576779388145,9.579833984375,-21.400146484375,4.829833984375,-0.25359794927251667
2016-12-05,2200.64990234375,2209.419921875,2199.969970703125,2204.7099609375,3898530000,0.005821305253253195,0.005804426926743671,2183.446984863281,2157.053583984375,2183.352755654989,2228.473769389105,2138.420200337457,90.05356905164808,68.70781893004116,0.0061729395076299135,9.449951171875,2.989990234375,22.81005859375,0.030710903481150797
2016-12-06,2207.260009765625,2212.780029296875,2202.2099609375,2212.22998046875,3857290000,0.0034108883546988267,0.0034050844688746093,2187.4824829101562,2158.376181640625,2186.1029675420136,2227.0500134854965,2147.914952334816,79.13506115068049,65.98392501280753,0.004165872414073647,10.570068359375,7.570068359375,14.050048828125,-0.010578346197156363
2016-12-07,2210.719970703125,2241.6298828125,2208.929931640625,2241.35009765625,4504070000,0.013163241364864575,0.013077358744723351,2192.571984863281,2160.0045849609373,2191.364598981465,2232.3705581612994,2152.773411565263,79.59714659603651,75.7084278553443,0.004862739926587074,32.699951171875,42.5400390625,38.41015625,0.16767730712495044
2016-12-08,2241.1298828125,2251.68994140625,2237.570068359375,2246.18994140625,4203270000,0.0021593430473272335,0.0021570150168711013,2196.7184814453126,2161.5009814453124,2196.586060164778,2240.717226105087,2152.7197367855383,87.99748931954855,74.62675629129906,0.00440669411605705,14.119873046875,55.10986328125,41.469970703125,-0.06678404198869026
2016-12-09,2249.72998046875,2259.800048828125,2249.22998046875,2259.530029296875,3886460000,0.005938984786955759,0.005921418532969715,2201.3209838867188,2163.668984375,2202.580723891644,2251.2940614911136,2151.347906282324,99.9461552087896,80.3124159902992,0.004498772565955513,10.570068359375,67.580078125,46.179931640625,-0.07537226968526889
2016-12-12,2258.830078125,2264.030029296875,2252.3701171875,2256.9599609375,4038850000,-0.0011374349205595102,-0.001138082290599516,2205.946484375,2165.442783203125,2207.7596988483924,2258.6033336289283,2153.289635121072,105.31369850785632,75.70403363390038,0.004488503400381804,11.659912109375,52.25,55.239990234375,0.03921048975159924
2016-12-13,2263.320068359375,2277.530029296875,2263.320068359375,2271.719970703125,3875630000,0.006539774750587091,0.00651848320123699,2211.3224853515626,2167.65318359375,2213.851153310748,2267.846134175364,2154.798836527761,113.04729764760305,77.65802665242481,0.004561377905188916,14.2099609375,59.489990234375,67.06005859375,-0.04041249365537225
2016-12-14,2268.35009765625,2276.199951171875,2248.43994140625,2253.280029296875,4409670000,-0.00811717185395111,-0.008150295461858616,2214.9669921875,2169.708984375,2217.6062843570458,2272.483754521137,2157.450229853863,115.03352466727392,67.21987893395391,0.004968885183212281,27.760009765625,11.929931640625,54.469970703125,0.13779437149573104
2016-12-15,2253.77001953125,2272.1201171875,2253.77001953125,2262.030029296875,4173360000,0.0038832279549072535,0.0038757076875535726,2219.2214965820312,2171.7549853515625,2221.837117208458,2277.478101316893,2160.9648918471694,116.51320946972373,67.24772372224827,0.0049314986793302165,18.35009765625,15.840087890625,70.949951171875,-0.053589044078128256
2016-12-16,2266.81005859375,2268.050048828125,2254.239990234375,2258.070068359375,5928980000,-0.0017506226204834219,-0.0017521567509802415,2222.768994140625,2173.700986328125,2225.287874460926,2281.4343612554458,2164.1036270258046,117.33073422964117,71.11285925980133,0.004952507777125166,13.81005859375,-1.4599609375,66.1201171875,0.42067303084325336
2016-12-19,2259.239990234375,2267.469970703125,2258.2099609375,2262.530029296875,3252840000,0.001975120701520394,0.0019731727152112587,2226.800500488281,2175.876787109375,2228.834746350064,2284.7175310763746,2168.8834699001877,115.83406117618688,71.43818419929238,0.0048625011316260165,9.260009765625,5.570068359375,57.820068359375,-0.4513660022465922
2016-12-20,2266.5,2272.56005859375,2266.139892578125,2270.760009765625,3306250000,0.0036375121488696482,0.0036309124011527547,2230.4295043945312,2178.0187890625,2232.8276285801176,2289.8711602834605,2170.987848505602,118.88331177785858,76.19221984233494,0.00470182839560561,6.420166015625,-0.9599609375,58.530029296875,0.01641949803863696
2016-12-21,2270.5400390625,2271.22998046875,2265.14990234375,2265.179931640625,2854880000,-0.0024573614565177593,-0.0024603857246776667,2233.54150390625,2180.5877880859375,2235.9088003001657,2293.4386964626633,2173.6443113498367,119.7943851128266,77.40380187764433,0.004787284711610722,6.080078125,11.89990234375,23.829833984375,-0.13652022684310017
2016-12-22,2262.929931640625,2263.179931640625,2256.080078125,2260.9599609375,2880670000,-0.0018629737285675851,-0.0018647112223965044,2236.3535034179686,2183.023388671875,2238.294625122769,2295.832635798259,2176.874371037678,118.95826476058119,74.90436140200634,0.004841758289181164,7.099853515625,-1.070068359375,14.77001953125,0.009033654654486245
2016-12-23,2260.25,2263.7900390625,2258.840087890625,2263.7900390625,2021230000,0.0012517152775348706,0.0012509325350792359,2238.8755004882814,2185.6481884765626,2240.722759783696,2298.524988196788,2179.226012779775,119.29897541701303,72.96688862399114,0.004801699849949988,4.949951171875,5.719970703125,4.260009765625,-0.2983472594917155
2016-12-27,2266.22998046875,2273.820068359375,2266.14990234375,2268.8798828125,1989730000,0.0022483727122095676,0.0022458489045486347,2242.23349609375,2188.3661865234376,2243.404390548344,2300.624191907705,2183.842800279795,116.78139162791012,72.44628284649644,0.004563127709359908,7.670166015625,6.349853515625,11.919921875,-0.015584569791661562
2016-12-28,2270.22998046875,2271.31005859375,2249.110107421875,2249.919921875,2402750000,-0.008356529175972627,-0.008391640709771516,2244.4964965820313,2190.8345849609377,2244.024917341359,2300.202268658352,2188.790724505711,111.411544152641,53.6929415180807,0.0050695534660124865,22.199951171875,-20.840087890625,-21.800048828125,0.2075759022580954
2016-12-29,2249.5,2254.510009765625,2244.56005859375,2249.260009765625,2338700000,-0.000293304709629405,-0.00029334773186837293,2247.018994140625,2193.027783203125,2244.5234975722415,2298.4164393271235,2195.621548954127,102.79489037299663,51.37240607067319,0.005006406587110958,9.949951171875,-15.919921875,-4.02001953125,-0.026656955571740748
2016-12-30,2251.610107421875,2253.580078125,2233.6201171875,2238.830078125,2671550000,-0.004637050227782158,-0.004647834696854234,2249.406494140625,2194.918583984375,2243.9812671486948,2293.825445551454,2204.987542729796,88.83790282165774,40.49935345358873,0.0050672877836103235,19.9599609375,-22.1298828125,-23.199951171875,0.14232265788686016
2017-01-03,2251.570068359375,2263.8798828125,2245.1298828125,2257.830078125,3773010000,0.008486575281279274,0.008450766753157112,2252.7005004882812,2197.2483837890627,2245.3002015273905,2288.0175555360747,2217.383445440488,70.63411009558695,50.347020723875104,0.005325294025949063,18.75,-5.9599609375,-0.239990234375,0.4122924893788251
2017-01-04,2261.60009765625,2272.820068359375,2261.60009765625,2270.75,3768890000,0.005722273788525856,0.005705963770549438,2256.0025024414062,2199.840185546875,2247.7239918581154,2284.022331886815,2227.9826729959973,56.03965889081792,49.60739322143101,0.005321104182751069,11.219970703125,1.8701171875,8.219970703125,-0.001091966361075114
2017-01-05,2268.179931640625,2271.5,2260.449951171875,2269.0,3785080000,-0.0007706704833204681,-0.0007709676024811847,2258.8410034179688,2202.193583984375,2249.7502783478185,2278.420993242553,2239.2610135933846,39.159979649168235,57.35680906733087,0.005323815943318658,11.050048828125,19.080078125,-1.760009765625,0.004295694488297697
2017-01-06,2271.139892578125,2282.10009765625,2264.06005859375,2276.97998046875,3342080000,0.0035169592193697863,0.0035107891805790594,2260.6224975585938,2204.8699853515627,2252.343583311717,2279.9841649720715,2241.260830145116,38.72333482695558,57.0472378418316,0.004574986564871316,18.0400390625,27.719970703125,11.800048828125,-0.11703847739017403
2017-01-09,2273.590087890625,2275.489990234375,2268.89990234375,2268.89990234375,3219730000,-0.0035485942758867184,-0.003554905471559629,2261.7579956054688,2207.459384765625,2253.9203756004817,2280.1975521733225,2243.318439037615,36.879113135707485,54.91417721126342,0.004662841318997002,6.590087890625,30.06982421875,7.93994140625,-0.03660893814630406
2017-01-10,2269.719970703125,2279.27001953125,2265.27001953125,2268.89990234375,3640560000,0.0,0.0,2262.2264892578123,2210.17658203125,2255.3469971950785,2280.9023120322245,2243.5506664834,37.35164554882431,53.0123375258908,0.004484847022106409,14.0,11.06982421875,5.10986328125,0.1307035061946189
2017-01-11,2268.60009765625,2275.320068359375,2260.830078125,2275.320068359375,3625080000,0.0028296382793233654,0.0028256423891019514,2263.144494628906,2213.15478515625,2257.249194448821,2282.5221051944613,2243.766884063351,38.755221131110375,52.19402522224519,0.004509473909568307,14.489990234375,4.570068359375,6.440185546875,-0.004252093084580411
2017-01-12,2271.139892578125,2271.780029296875,2254.25,2270.43994140625,3466220000,-0.0021448089967596173,-0.002147112393729617,2263.0804931640623,2216.0405859375,2258.505456063814,2282.3469835082924,2243.8140028198322,38.53298068846016,52.54796127619214,0.0043020050463651064,17.530029296875,1.43994140625,20.52001953125,-0.04382248115903653
2017-01-13,2272.739990234375,2278.679931640625,2271.510009765625,2274.639892578125,3090680000,0.0018498402425362048,0.0018481313951466559,2264.148486328125,2219.298984375,2260.042069065177,2283.4954418792267,2244.801530777023,38.693911102203856,56.62787699281062,0.0038701997617420535,7.169921875,-2.340087890625,25.3798828125,-0.10834280570765853
2017-01-17,2269.139892578125,2272.080078125,2262.81005859375,2267.889892578125,3586950000,-0.0029675026899970147,-0.0029719144562184454,2264.4414794921877,2222.6979833984374,2260.789480828315,2283.8307908931038,2245.0521680912716,38.77862280183217,51.91367549223613,0.0038561843639580953,9.27001953125,-1.010009765625,29.059814453125,0.16056984223536563
2017-01-18,2269.139892578125,2272.010009765625,2263.35009765625,2271.889892578125,3317670000,0.0017637540575008437,0.0017622004698093201,2265.132470703125,2226.3625830078126,2261.8466628997253,2284.550721664861,2245.7142197413887,38.8365019234725,51.4194138139853,0.0038457267926949733,8.659912109375,2.989990234375,14.059814453125,-0.0750721364947936
2017-01-19,2271.89990234375,2274.330078125,2258.409912109375,2263.68994140625,3168390000,-0.003609308355419394,-0.003615837624319374,2265.190466308594,2229.932783203125,2262.02221323368,2284.5829019155426,2245.798030701645,38.78487121389753,57.22683778118321,0.003920631859618994,15.920166015625,-11.630126953125,-7.06005859375,-0.04499543354221491
2017-01-20,2269.9599609375,2276.9599609375,2265.010009765625,2271.31005859375,3536850000,0.003366237154707852,0.0033605840612999428,2265.21796875,2232.728583984375,2262.9067699346388,2284.645191223345,2245.790746276655,38.85444494668991,60.7845057136375,0.003907953915424399,11.949951171875,0.8701171875,2.31005859375,0.11629250187003493
2017-01-23,2267.780029296875,2271.780029296875,2257.02001953125,2265.199951171875,3155240000,-0.002690124758069401,-0.002693749646069815,2265.2189697265626,2235.2413818359373,2263.125168147709,2284.646186010937,2245.791753442188,38.85443256874896,63.46632887909217,0.003916056174540341,14.760009765625,-9.43994140625,-11.780029296875,-0.10789544368576554
2017-01-24,2267.8798828125,2284.6298828125,2266.679931640625,2280.070068359375,3816950000,0.006564593637664151,0.006543140528962317,2266.1744750976563,2237.5775830078123,2264.7389681678674,2286.575123405785,2245.773826789528,40.80129661625688,61.85746827204686,0.004150562691491063,17.949951171875,12.18017578125,11.170166015625,0.20971780276619212
2017-01-25,2288.8798828125,2299.550048828125,2288.8798828125,2298.3701171875,3849340000,0.008026090549617448,0.007994052795968681,2267.9034790039063,2240.1953857421877,2267.941934741166,2292.8158322631007,2242.991125744712,49.824706518388666,63.926955254307394,0.0044842364794436965,10.670166015625,26.480224609375,29.47021484375,0.008485832929433279
2017-01-26,2298.6298828125,2300.989990234375,2294.080078125,2296.679931640625,3611510000,-0.0007353844075136395,-0.0007356549352631034,2269.2934814453124,2242.8399853515625,2270.6788868268286,2297.34028111091,2241.246681779715,56.09359933119504,63.96553975320078,0.004482020329256652,6.909912109375,32.989990234375,21.35986328125,-0.06178461762276133
2017-01-27,2299.02001953125,2299.02001953125,2291.6201171875,2294.68994140625,3137420000,-0.000866463892926328,-0.0008668394897415927,2271.531982421875,2245.44978515625,2272.9656539296307,2300.2076157612646,2242.8563490824854,57.35126667877921,59.51014992841822,0.003977095760867041,7.39990234375,23.3798828125,24.25,-0.13127196103568872
2017-01-30,2286.010009765625,2286.010009765625,2268.0400390625,2280.89990234375,3595040000,-0.006009543517695892,-0.006027673496096654,2273.113977050781,2247.4599853515624,2273.7212966357374,2300.0546517102734,2246.173302391289,53.881349318984576,56.07159621513453,0.004269089397338845,17.969970703125,15.699951171875,6.260009765625,0.1458586991859554
2017-01-31,2274.02001953125,2279.090087890625,2267.2099609375,2278.8701171875,4089730000,-0.0008899054071440649,-0.0008903016080325452,2275.1159790039064,2249.4985888671877,2274.21166049781,2296.7596821362263,2253.4722758715866,43.287406264639685,54.94306242798075,0.004101117312942872,11.880126953125,-1.199951171875,10.980224609375,0.137603475900129
2017-02-01,2285.590087890625,2289.139892578125,2272.43994140625,2279.550048828125,3919190000,0.00029836348965073256,0.00029831898811628964,2276.2019775390627,2251.3471875,2274.7200784340307,2296.3195671441995,2256.084387933926,40.2351792102736,52.22372244411816,0.0036916016012242276,16.699951171875,-18.820068359375,7.66015625,-0.041699574299525866
2017-02-02,2276.68994140625,2283.969970703125,2271.64990234375,2280.85009765625,3809760000,0.0005703094032936118,0.0005701468386910137,2276.706982421875,2253.32619140625,2275.3038897885276,2296.755282350468,2256.6586824932824,40.09659985718554,55.68672847738645,0.0034806565768164257,12.320068359375,-15.829833984375,17.16015625,-0.02792158583788995
2017-02-03,2288.5400390625,2298.31005859375,2287.8798828125,2297.419921875,3605970000,0.007264758098647794,0.007238496854553608,2278.127978515625,2255.3109912109376,2277.4101785586677,2299.8362439916623,2256.4197130395874,43.416530952074936,60.96246255066675,0.0038077475714636475,10.43017578125,2.72998046875,26.10986328125,-0.05349155852337151
2017-02-06,2294.280029296875,2296.179931640625,2288.570068359375,2292.56005859375,3112390000,-0.002115356985885164,-0.002117597513709103,2278.906982421875,2257.1033935546875,2278.8530242762945,2301.540268791816,2256.273696051934,45.26657273988167,62.09203198407018,0.0037911943992502764,7.60986328125,11.66015625,27.360107421875,-0.13687856526815256
2017-02-07,2295.8701171875,2299.39990234375,2290.159912109375,2293.080078125,3452460000,0.00022682918569594257,0.00022680346384577153,2280.1159912109374,2258.870595703125,2280.207981785695,2303.0794073863835,2257.1525750354913,45.926832350892255,60.75316109113705,0.00367931469298671,9.239990234375,14.2099609375,13.010009765625,0.10926329926519496
2017-02-08,2289.550048828125,2295.909912109375,2285.3798828125,2294.669921875,3611950000,0.0006933223855400961,0.0006930821486096318,2281.4044921875,2260.4969921875,2281.585309413248,2304.6087311132596,2258.2002532617407,46.40847785151891,66.85161379427575,0.0036772584331130043,10.530029296875,15.119873046875,-3.7001953125,0.04619604571812563
2017-02-09,2296.699951171875,2311.080078125,2296.610107421875,2307.8701171875,3681600000,0.005752546449780516,0.00573606373596025,2283.0319946289064,2262.6199951171875,2284.0886244393673,2308.857352032954,2257.2066372248587,51.65071480809547,68.74874799679488,0.003826779662530606,14.469970703125,27.02001953125,11.190185546875,0.01928321266905697
2017-02-10,2312.27001953125,2319.22998046875,2311.10009765625,2316.10009765625,3496600000,0.003566050102845164,0.0035597068220090916,2285.3150024414062,2264.848798828125,2287.1373361743085,2314.329355673442,2256.3006492093705,58.02870646407155,75.54718497805378,0.0038150142465536987,8.1298828125,18.68017578125,21.41015625,-0.05024989135158631
2017-02-13,2321.719970703125,2331.580078125,2321.419921875,2328.25,3352370000,0.005245845097992419,0.005232133584011204,2287.9955078125,2267.43759765625,2291.0528279672317,2322.2836342148516,2253.707381410148,68.57625280470347,74.86073353304728,0.003928576801609761,10.16015625,35.68994140625,47.35009765625,-0.041248641537493524
2017-02-14,2326.1201171875,2337.580078125,2322.169921875,2337.580078125,3528040000,0.004007335176634763,0.003999327195672579,2291.480017089844,2270.36759765625,2295.4839946489237,2330.9395684222013,2252.0204657574864,78.91910266471496,72.29620168813861,0.003850504302016022,15.41015625,44.5,58.7099609375,0.05240173369884582
2017-02-15,2335.580078125,2351.300048828125,2334.81005859375,2349.25,3785870000,0.004992308919898214,0.00497988866573445,2295.3480224609375,2273.5135986328123,2300.6045665871216,2341.3466163638313,2249.3494285580437,91.99718780578769,76.84627602939379,0.003928090137132852,16.489990234375,54.580078125,69.699951171875,0.07308023718551948
2017-02-16,2349.639892578125,2351.31005859375,2338.8701171875,2347.219970703125,3675900000,-0.0008641180363413437,-0.0008644916015501692,2299.524523925781,2276.363798828125,2305.044128883884,2348.492799743399,2250.5562481081633,97.93655163523545,76.8148633727234,0.003778546368999025,12.43994140625,39.349853515625,66.369873046875,-0.029047484461959816
2017-02-17,2343.010009765625,2351.159912109375,2339.580078125,2351.159912109375,3516830000,0.0016785565287558146,0.001677149327237158,2303.5170166015623,2279.1423974609374,2309.4361082386927,2355.7136982407715,2251.320334962353,104.39336327841829,89.87543473140181,0.0037610063561835908,11.579833984375,35.059814453125,53.739990234375,-0.043273756086944726
2017-02-21,2354.909912109375,2366.7099609375,2354.909912109375,2365.3798828125,3587520000,0.006048066160828425,0.0060298500200691545,2308.526013183594,2281.6229931640623,2314.7640867695313,2364.3421780836275,2252.7098482835604,111.63232980006705,93.12999956181564,0.0037271918832808776,11.800048828125,37.1298828125,72.81982421875,0.02010048822376964
2017-02-22,2361.110107421875,2365.1298828125,2358.340087890625,2362.820068359375,3473170000,-0.001082200145408052,-0.001082786146804093,2312.6635131835938,2283.955595703125,2319.340846920945,2371.7692805774755,2253.557745789712,118.21153478776341,90.75094507343137,0.0036442409867351736,6.789794921875,25.239990234375,69.739990234375,-0.031874386763000584
2017-02-23,2367.5,2368.260009765625,2355.090087890625,2363.81005859375,4021770000,0.00041898672168572126,0.00041889897125923353,2315.935510253906,2286.0411962890626,2323.5760099374024,2378.833312747563,2253.0377077602493,125.79560498731371,90.72279107225035,0.003343748620261786,13.169921875,14.56005859375,69.14013671875,0.15795368496215278
2017-02-24,2355.72998046875,2367.340087890625,2352.8701171875,2367.340087890625,3832410000,0.0014933641914423035,0.0014922502320316529,2319.4685180664064,2288.248798828125,2327.7440173615187,2385.663834824326,2253.273201308487,132.390633515839,89.36078393644947,0.0033054045308688997,14.469970703125,20.1201171875,59.469970703125,-0.047083746708538765
2017-02-27,2365.22998046875,2371.5400390625,2361.8701171875,2369.75,3584680000,0.0010179830611165563,0.0010174652677336642,2323.2215209960937,2290.2093994140623,2331.744587136612,2391.963898575554,2254.479143416633,137.48475515892096,94.68581281623653,0.003260304007145415,9.669921875,18.590087890625,53.64990234375,-0.06464078738965817
2017-02-28,2366.080078125,2367.7900390625,2358.9599609375,2363.639892578125,4212460000,-0.0025783763780462543,-0.0025817061151949088,2327.3585205078125,2292.4165966796877,2334.782235273899,2395.3313073448303,2259.3857336707947,135.9455736740356,88.36452357121809,0.0029093273411457793,8.830078125,-1.739990234375,35.389892578125,0.175128602832052
2017-03-01,2380.1298828125,2400.97998046875,2380.1298828125,2395.9599609375,4347630000,0.013673854659866258,0.013581211083725323,2333.2130126953125,2295.0951953125,2340.608685337099,2403.723862344009,2262.702163046616,141.02169929739284,91.27886846367836,0.0038684898683471417,20.85009765625,33.139892578125,58.3798828125,0.03208813852238368
2017-03-02,2394.75,2394.75,2380.169921875,2381.919921875,3824030000,-0.005859880503598425,-0.0058771169721052695,2338.331506347656,2297.5721923828123,2344.543088816899,2407.285532796719,2269.3774798985933,137.9080528981258,79.97244939503298,0.004277685067314178,14.580078125,18.10986328125,32.669921875,-0.12043343154776276
2017-03-03,2380.919921875,2383.889892578125,2375.389892578125,2383.1201171875,3556670000,0.0005038772720600271,0.0005037503685347897,2343.4450073242188,2299.983994140625,2348.217091518861,2409.5606537690323,2277.329360879405,132.23129288962718,78.7639568803648,0.004279048831089494,8.5,15.780029296875,35.900146484375,-0.06991576948925615
2017-03-06,2375.22998046875,2378.800048828125,2367.97998046875,2375.31005859375,3251800000,-0.0032772408480052917,-0.0032826227635658124,2347.3395141601563,2302.0749951171874,2350.7973740974217,2411.176977471737,2283.502050848576,127.6749266231609,70.97895552537179,0.004272155354020949,10.820068359375,5.56005859375,24.150146484375,-0.0857178203206932
2017-03-07,2370.739990234375,2375.1201171875,2365.510009765625,2368.389892578125,3526300000,-0.0029133737680216987,-0.0029176259020898777,2351.131005859375,2304.1391943359376,2352.472852047965,2410.0906257129222,2292.1713860058276,117.91923970709468,64.03633071360088,0.0043129717083597195,9.610107421875,4.75,3.010009765625,0.08441478565717442
2017-03-08,2369.81005859375,2373.090087890625,2361.010009765625,2362.97998046875,3814080000,-0.002284215165048731,-0.002286827964063899,2354.6260009765624,2306.1795947265623,2353.4735309451826,2407.017870261674,2302.234131691451,104.78373857022325,56.6334666993791,0.0043920130370141775,12.080078125,-32.97998046875,0.159912109375,0.08160961914754838
2017-03-09,2363.489990234375,2369.080078125,2354.5400390625,2364.8701171875,3718450000,0.0007998953585612867,0.0007995756127663866,2358.1360107421874,2308.2011962890624,2354.5589201111175,2402.3891580433055,2313.8828634410693,88.50629460223627,58.538987959548614,0.0043910324994154105,14.5400390625,-17.0498046875,1.06005859375,-0.025072887826159906
2017-03-10,2372.52001953125,2376.860107421875,2363.0400390625,2372.60009765625,3434400000,0.003268670195698986,0.0032633397058585423,2361.372509765625,2310.2756005859374,2356.2771274963684,2399.1395831597333,2323.605436371517,75.53414678821628,60.005651172276444,0.004299094102195266,13.820068359375,-10.52001953125,5.260009765625,-0.07638935577996209
2017-03-13,2371.56005859375,2374.419921875,2368.52001953125,2373.469970703125,3166650000,0.0003666328125562224,0.0003665656191696328,2364.241003417969,2312.7466015625,2357.914541135107,2395.7215349183753,2332.7604719175624,62.96106300081283,54.31286035948095,0.004273418364339649,5.89990234375,-1.840087890625,3.719970703125,-0.07796121593291405
2017-03-14,2368.550048828125,2368.550048828125,2358.179931640625,2365.449951171875,3173760000,-0.0033790271755046453,-0.003384748980891005,2366.1010009765623,2315.070400390625,2358.6321992338467,2392.6351131269057,2339.566888826219,53.06822430068678,51.324871473200005,0.004282307290811654,10.3701171875,-2.93994140625,1.81005859375,0.002245274975131384
2017-03-15,2370.340087890625,2390.010009765625,2368.93994140625,2385.260009765625,3909490000,0.008374752796581397,0.008339879124686365,2368.484997558594,2317.9989990234376,2361.168181189254,2392.6956369968552,2344.2743581203326,48.42127887652259,59.08353097595824,0.0045569353785271565,21.070068359375,22.280029296875,-10.699951171875,0.23181652046783618
2017-03-16,2387.7099609375,2388.10009765625,2377.179931640625,2381.3798828125,3368880000,-0.0016267102694209612,-0.0016280347991836145,2370.0914916992188,2320.4699951171874,2363.0931051533726,2393.1653457139855,2347.017637684452,46.14770802953353,55.92793335133832,0.004493163376057239,10.920166015625,16.509765625,-0.5400390625,-0.13828146382264694
2017-03-17,2383.7099609375,2385.7099609375,2377.639892578125,2378.25,5179820000,-0.0013143147950017697,-0.0013151792642314352,2371.6429931640623,2322.6199951171875,2364.5366189482893,2392.2864560508992,2350.9995302772254,41.28692577367383,53.567213114754104,0.004502471621864102,8.070068359375,5.64990234375,-4.8701171875,0.5375495713709006
2017-03-20,2378.239990234375,2379.550048828125,2369.659912109375,2373.469970703125,3061560000,-0.0020098935338483948,-0.0020119160803802947,2372.75849609375,2324.70939453125,2365.3874143535118,2391.0146786746186,2354.5023135128818,36.51236516173685,54.17198560984101,0.004534261944330846,9.89013671875,0.0,-1.840087890625,-0.40894471236452234
2017-03-21,2379.320068359375,2381.929931640625,2341.89990234375,2344.02001953125,4278890000,-0.012407972940626899,-0.012485594590102116,2371.6905029296877,2326.0501953125,2363.352424370439,2393.8467085459974,2349.534297313378,44.312411232619525,27.405712877764458,0.005174694026622904,40.030029296875,-21.429931640625,-24.369873046875,0.39761755444936564
2017-03-22,2343.0,2351.81005859375,2336.449951171875,2348.449951171875,3575160000,0.0018898864360001877,0.0018881028474626675,2370.9719970703127,2327.6411962890625,2361.9331412086713,2395.176722567512,2346.7672715731132,48.40945099439887,34.111901500348836,0.005197927249341135,15.360107421875,-36.81005859375,-14.530029296875,-0.1644655506451439
2017-03-23,2345.969970703125,2358.919921875,2342.1298828125,2345.9599609375,3262400000,-0.001060269661328106,-0.001060832144830083,2370.0794921875,2329.1823974609374,2360.4118859447503,2396.601593347914,2343.557391027086,53.044202320827935,32.57357184073861,0.005197800007467019,16.7900390625,-35.419921875,-18.91015625,-0.08748139943387145
2017-03-24,2350.419921875,2356.219970703125,2335.739990234375,2343.97998046875,2978530000,-0.0008439958489141475,-0.0008443522139384829,2368.911486816406,2330.555595703125,2358.8469425660837,2397.885701241769,2339.9372723910433,57.94842885072558,34.45775077754847,0.005180037108499005,20.47998046875,-34.27001953125,-28.6201171875,-0.08701262873957827
2017-03-27,2329.110107421875,2344.89990234375,2322.25,2341.590087890625,3242300000,-0.001019587452981141,-0.0010201075858456302,2367.5034912109377,2331.9785986328125,2357.2034325969926,2398.9384899253946,2336.0684924964808,62.86999742891385,36.07943593385412,0.005168988260606383,22.64990234375,-31.8798828125,-31.8798828125,0.0885571070293063
2017-03-28,2339.7900390625,2363.780029296875,2337.6298828125,2358.570068359375,3369120000,0.007251474353500598,0.007225308829623951,2367.25,2333.6572021484376,2357.3335883838863,2398.8972312862775,2335.6027687137225,63.29446257255495,47.95515213812997,0.005430194193995173,26.150146484375,14.550048828125,-6.8798828125,0.039114209049131876
2017-03-29,2356.5400390625,2363.360107421875,2352.93994140625,2361.1298828125,3107670000,0.001085324742930105,0.0010847362038301697,2365.50849609375,2335.522001953125,2357.6951402342306,2394.198808739623,2336.8181834478773,57.38062529174567,48.27638193216235,0.004378069840032471,10.420166015625,12.679931640625,-24.130126953125,-0.0776018663627297
2017-03-30,2361.31005859375,2370.419921875,2358.580078125,2368.06005859375,3159680000,0.002935109936855751,0.0029308109117050134,2364.8155029296877,2337.4454052734377,2358.6822753160895,2392.4882425965015,2337.142763262874,55.345479333627736,47.89226953923716,0.004275422435110424,11.83984375,22.10009765625,-13.31982421875,0.01673601122384305
2017-03-31,2364.820068359375,2370.35009765625,2362.60009765625,2362.719970703125,3356740000,-0.002255047489714501,-0.0022575939382668176,2363.7954956054687,2339.426005859375,2359.0668177339026,2390.097312739113,2337.4936784718243,52.603634267288726,45.20816283888492,0.0042931674323574065,7.75,18.739990234375,-15.530029296875,0.06236707514685036
2017-04-03,2362.340087890625,2365.8701171875,2344.72998046875,2358.840087890625,3418730000,-0.0016421255420062675,-0.0016434753080133316,2362.9719970703127,2341.1766064453127,2359.0452244154953,2388.7826004996527,2337.1613936409726,51.621206858680125,46.94072182422201,0.004251277115697784,21.14013671875,17.25,-14.6298828125,0.01846732246167404
2017-04-04,2354.760009765625,2360.530029296875,2350.719970703125,2360.159912109375,3208340000,0.0005595225490382383,0.0005593660746613713,2362.560498046875,2343.0758056640625,2359.151385148246,2388.269628252862,2336.8513678408885,51.41826041197328,35.983792951133466,0.004211340202269059,9.81005859375,1.58984375,16.139892578125,-0.06154039658001653
2017-04-05,2366.590087890625,2378.360107421875,2350.52001953125,2352.949951171875,3780650000,-0.0030548611983906016,-0.003059536811522123,2362.0589965820313,2344.5334033203126,2358.5607723885914,2388.1225367830752,2335.9954563809874,52.12708040208781,34.69359320492228,0.004235203054840936,27.840087890625,-8.179931640625,4.5,0.17838196699851006
2017-04-06,2353.7900390625,2364.159912109375,2348.89990234375,2357.489990234375,3203250000,0.001929509405943275,0.001927650293734993,2361.689990234375,2345.71580078125,2358.4587931358087,2387.794894848596,2335.5850856201537,52.20980922844228,38.990183054569364,0.004256774755428324,15.260009765625,-10.570068359375,11.530029296875,-0.15272506050546863
2017-04-07,2356.590087890625,2363.760009765625,2350.739990234375,2355.5400390625,3054700000,-0.0008271302020167459,-0.0008274724629448716,2360.8369873046877,2346.8930029296876,2358.1808165573984,2386.552855389167,2335.1211192202086,51.431736168958196,40.19680866684286,0.004181627719720546,13.02001953125,-7.179931640625,11.56005859375,-0.04637477561851244
2017-04-10,2357.159912109375,2366.3701171875,2351.5,2357.159912109375,2792570000,0.0006876864837839225,0.000687450135783276,2360.021484375,2348.14240234375,2358.0835875623484,2385.076500054132,2334.966468695868,50.11003135826377,60.32695665521807,0.004185148167472238,14.8701171875,-1.68017578125,15.56982421875,-0.08581202736766291
2017-04-11,2353.919921875,2355.219970703125,2337.25,2353.780029296875,3120900000,-0.001433879303282093,-0.0014349082919582845,2359.43798828125,2349.6000048828123,2357.6737248703985,2384.504253120194,2334.371723442306,50.13252967788776,54.259337297685384,0.004132996076916958,17.969970703125,-6.3798828125,-4.7900390625,0.1175727018481183
2017-04-12,2352.14990234375,2352.719970703125,2341.179931640625,2344.929931640625,3201300000,-0.003759951034546627,-0.0037670374189869064,2357.421484375,2350.921201171875,2356.460030277087,2380.118063808943,2334.724904941057,45.393158867886086,49.25283794074415,0.003666248779514343,11.5400390625,-8.02001953125,-16.199951171875,0.025761799480918945
2017-04-13,2341.97998046875,2348.260009765625,2328.949951171875,2328.949951171875,3146380000,-0.006814694227374907,-0.006838020289804216,2354.7999877929688,2351.90919921875,2353.840022743257,2377.9519724579727,2331.648003127965,46.30396933000793,40.93806211158182,0.0039004568221449845,19.31005859375,-28.5400390625,-39.110107421875,-0.017155530565707733
2017-04-17,2332.6201171875,2349.139892578125,2332.510009765625,2349.010009765625,2826890000,0.008613348940219367,0.008576465691107291,2353.33798828125,2353.2723974609376,2353.380021507292,2373.7904507131675,2332.8855258493327,40.90492486383482,53.68784825363543,0.004463521413254783,16.6298828125,-6.530029296875,-13.7099609375,-0.10154208963952227
2017-04-18,2342.530029296875,2348.35009765625,2334.5400390625,2342.18994140625,3272210000,-0.0029033798625895946,-0.0029076028458332546,2351.7739868164062,2354.1677978515627,2352.314299592907,2370.451304971772,2333.0966686610404,37.35463631073162,40.944171946409824,0.004482711963422772,13.81005859375,-14.969970703125,-16.650146484375,0.1575300064735452
2017-04-19,2346.7900390625,2352.6298828125,2335.050048828125,2338.169921875,3521160000,-0.0017163507793208632,-0.0017178253968685745,2351.481481933594,2355.0799951171875,2350.9672160007253,2370.840885502897,2332.1220783642907,38.71880713860628,37.50816902306454,0.003547029937133384,17.579833984375,-15.610107421875,-21.989990234375,0.0760800804349353
2017-04-20,2342.68994140625,2361.3701171875,2340.909912109375,2355.840087890625,3648990000,0.007557263417987681,0.0075288503629738525,2351.8509887695313,2356.3351953125,2351.4312990378585,2371.2488316623526,2332.45314587671,38.79568578564249,44.04716314671525,0.003922473097863076,20.460205078125,10.91015625,2.89013671875,0.03630337729611832
2017-04-21,2354.739990234375,2356.179931640625,2344.510009765625,2348.68994140625,3524160000,-0.0030350729326357184,-0.0030396881071153782,2351.9874877929688,2357.415595703125,2351.1702173586577,2371.248726967711,2332.7262486182267,38.52247834948412,43.28385071535924,0.003979367321196584,11.669921875,19.739990234375,-8.800048828125,-0.034209466181052806
2017-04-24,2370.330078125,2376.97998046875,2369.18994140625,2374.14990234375,3711170000,0.01084006896297951,0.010781736588111827,2353.495983886719,2358.74119140625,2353.358758785809,2374.7402726546998,2332.251695118738,42.48857753596167,56.07387562255555,0.004641384262595175,7.7900390625,25.139892578125,18.60986328125,0.05306512757650039
2017-04-25,2381.510009765625,2392.47998046875,2381.14990234375,2388.610107421875,4005820000,0.006090687476747014,0.006072214211751177,2355.8469848632812,2360.1913916015624,2356.716030084482,2381.494294254568,2330.1996754719944,51.29461878257371,60.221352110897094,0.004777106796112345,11.330078125,46.420166015625,31.4501953125,0.07939544671895926
2017-04-26,2388.97998046875,2398.159912109375,2386.780029296875,2387.449951171875,4111350000,-0.00048570348354270987,-0.0004858214756873499,2357.290979003906,2361.375390625,2359.643070188043,2386.577606775211,2328.0043512326015,58.57325554260933,62.95817423550513,0.004552677651756541,11.3798828125,49.280029296875,33.669921875,0.026344169233764925
2017-04-27,2389.699951171875,2392.10009765625,2382.679931640625,2388.77001953125,4099940000,0.0005529198041311911,0.0005527670002992063,2358.672985839844,2362.399189453125,2362.4170653635865,2391.156504386947,2326.189467292741,64.9670370942058,62.03998323538312,0.00455136082735474,9.420166015625,32.929931640625,43.840087890625,-0.002775244141218769
2017-04-28,2393.679931640625,2393.679931640625,2382.360107421875,2384.199951171875,3721350000,-0.0019131470681601481,-0.0019149794714900413,2359.47998046875,2363.0981884765624,2364.4916259167567,2393.7008856192074,2325.2590753182926,68.44181030091477,60.813367599782616,0.004549101311491564,11.31982421875,35.510009765625,55.25,-0.09234037571281528
2017-05-01,2388.5,2394.489990234375,2384.830078125,2388.330078125,3201500000,0.0017322905115801923,0.0017307918268938255,2360.7604858398436,2363.920390625,2366.7619546984943,2397.3280034281192,2324.192968251568,73.13503517655136,61.541855078857395,0.004516203370936658,9.659912109375,14.18017578125,39.320068359375,-0.13969392827871607
2017-05-02,2391.050048828125,2392.929931640625,2385.820068359375,2391.169921875,3861360000,0.0011890499458222514,0.0011883435858115294,2362.3769775390624,2364.7205908203123,2369.0865230010186,2401.36525064946,2323.388704428665,77.97654622079517,63.90052189698208,0.004488197790551856,7.10986328125,2.559814453125,48.97998046875,0.2061096361080743
2017-05-03,2386.5,2389.820068359375,2379.75,2388.1298828125,3896760000,-0.0012713605313821041,-0.0012721693958273864,2363.7754760742187,2365.1755908203127,2370.900176316398,2404.401075026159,2323.149877122278,81.2511979038809,66.78568785964859,0.004509628704804976,10.070068359375,0.679931640625,49.9599609375,0.009167754366337322
2017-05-04,2389.7900390625,2391.429931640625,2380.35009765625,2389.52001953125,4367860000,0.0005821026438950216,0.0005819332878695465,2365.6039794921876,2365.70958984375,2372.6734947178124,2407.4515919170135,2323.7563670673617,83.69522484965182,76.54461532535731,0.0044271141999983965,11.079833984375,0.75,33.679931640625,0.1208953078968169
2017-05-05,2392.3701171875,2399.2900390625,2389.3798828125,2399.2900390625,3543240000,0.0040886954080285864,0.00408035940747836,2367.693981933594,2366.419189453125,2375.208403703021,2411.941751417608,2323.44621244958,88.49553896802809,74.21942803920324,0.004482582510305106,9.91015625,15.090087890625,50.60009765625,-0.18879268108410063
2017-05-08,2399.93994140625,2401.360107421875,2393.919921875,2399.3798828125,3429990000,3.744597299082386e-05,3.7445271907879016e-05,2369.8859741210936,2367.0599853515623,2377.510449332495,2415.906657429151,2323.865290813036,92.04136661611483,79.4578498096086,0.0044693141288599005,7.440185546875,11.0498046875,25.22998046875,-0.03196227181901312
2017-05-09,2401.580078125,2403.8701171875,2392.43994140625,2396.919921875,3657840000,-0.0010252486299153762,-0.0010257745567932176,2371.873974609375,2367.6033837890627,2379.3589705270197,2419.001750296273,2324.7461989224776,94.25555137379524,80.75570279030296,0.004490602430186967,11.43017578125,5.75,8.309814453125,0.06642876509844053
2017-05-10,2396.7900390625,2399.739990234375,2392.7900390625,2399.6298828125,3649370000,0.0011306013658478609,0.0011299627174494742,2374.166467285156,2368.32318359375,2381.2895336018273,2422.0429938388306,2326.2899407314817,95.75305310734893,77.18156606604332,0.004458567799788996,6.949951171875,11.5,12.179931640625,-0.0023155742186645734
2017-05-11,2394.840087890625,2395.719970703125,2381.739990234375,2394.43994140625,3727710000,-0.002162809124616749,-0.0021651513741066187,2376.6419677734375,2368.292783203125,2382.5419533927247,2423.2567275968136,2330.0272079500614,93.22951964675212,79.10663361353936,0.004382968939955393,13.97998046875,4.919921875,5.669921875,0.02146671891312746
2017-05-12,2392.43994140625,2392.43994140625,2387.18994140625,2390.89990234375,3304620000,-0.0014784413679722608,-0.0014795353407942593,2379.739465332031,2368.4723828125,2383.3379485309174,2420.9279042740577,2338.5510263900046,82.3768778840531,64.77843547789524,0.004026670748996012,5.25,-8.39013671875,6.699951171875,-0.11349863589174047
2017-05-15,2393.97998046875,2404.050048828125,2393.93994140625,2402.320068359375,3490080000,0.004776513648450997,0.0047651423030152336,2382.4049682617188,2368.8563818359376,2385.145769466961,2422.0927012547318,2342.7172352687057,79.37546598602603,62.78190012291164,0.0037423238017928254,10.110107421875,2.940185546875,13.989990234375,0.05612142999800285
2017-05-16,2404.550048828125,2405.77001953125,2396.050048828125,2400.669921875,3421810000,-0.0006868970151433507,-0.0006871330369860457,2385.328967285156,2369.3635791015627,2386.6242601724884,2420.950269169873,2349.707665400439,71.24260376943403,62.21349079967701,0.003648252346095067,9.719970703125,3.75,9.5,-0.019561156191262086
2017-05-17,2382.949951171875,2384.8701171875,2356.2099609375,2357.030029296875,4164760000,-0.018178214414433458,-0.018345468171115042,2386.27197265625,2369.1363818359373,2383.8057619938586,2417.34484319764,2355.19910211486,62.14574108277975,33.54420926588341,0.0056553041961001985,28.66015625,-42.599853515625,-31.099853515625,0.21712193254447198
2017-05-18,2354.68994140625,2375.739990234375,2352.719970703125,2365.719970703125,4319440000,0.003686818283279214,0.003680038627215951,2386.765966796875,2369.191181640625,2382.0833056804554,2416.0652937773366,2357.4666398164136,58.598653960923,40.81147091241922,0.005460993096007768,23.02001953125,-28.719970703125,-23.800048828125,0.037140195353393635
2017-05-19,2371.3701171875,2389.06005859375,2370.429931640625,2381.72998046875,3831700000,0.006767499942466504,0.0067447032082007,2388.41796875,2369.52837890625,2382.049655660293,2411.8077344239905,2365.0282030760095,46.77953134798099,47.0650564320362,0.005591475131114087,18.630126953125,-9.169921875,-17.56005859375,-0.11291741522049159
2017-05-22,2387.2099609375,2395.4599609375,2386.919921875,2394.02001953125,3176580000,0.005160131149745784,0.00514686329600843,2389.411474609375,2369.95677734375,2383.18969031467,2411.9208858948105,2366.9020633239397,45.018822570870725,51.16912562942904,0.005179112731892933,8.5400390625,-8.300048828125,-5.35986328125,-0.1709737192368922
2017-05-23,2397.0400390625,2400.85009765625,2393.8798828125,2398.419921875,3216560000,0.001837871992654172,0.0018361851723804105,2389.901965332031,2370.4557763671874,2384.640188558511,2412.7626320477693,2367.041298616293,45.72133343147652,54.174458037525355,0.005019290991792328,6.97021484375,-2.25,1.5,0.012585862783244917
2017-05-24,2401.409912109375,2405.580078125,2397.989990234375,2404.389892578125,3389240000,0.002489126548973042,0.0024860338045762944,2390.7489624023438,2371.2345751953126,2386.521112750855,2414.466322131464,2367.0316026732235,47.43471945824058,55.81627644478228,0.005041400233214251,7.590087890625,47.35986328125,4.760009765625,0.05368468177183083
2017-05-25,2409.5400390625,2418.7099609375,2408.010009765625,2415.070068359375,3538210000,0.00444194837709877,0.004432112041978175,2392.06396484375,2371.8307763671874,2389.2400609040474,2418.1203927854726,2366.0075369020274,52.11285588344526,56.12864319320943,0.005123335484447102,10.699951171875,49.35009765625,20.630126953125,0.043953806753136426
2017-05-26,2414.5,2416.679931640625,2412.199951171875,2415.820068359375,2806930000,0.00031054999597146526,0.00031050178530242343,2393.644970703125,2372.519580078125,2391.771490185507,2421.4694997483907,2365.8204416578596,55.64905809053107,56.35246017625649,0.005090860780195632,4.47998046875,34.090087890625,24.920166015625,-0.20668077926409112
2017-05-30,2411.669921875,2415.260009765625,2409.429931640625,2412.909912109375,3205860000,-0.0012046245861250249,-0.0012053507295338199,2394.8739624023438,2373.2127783203123,2393.7846732258754,2423.85726958039,2365.8906552242975,57.96661435609258,56.15708438387792,0.005100995860985893,5.830078125,18.889892578125,10.58984375,0.14212324496870243
2017-05-31,2415.6298828125,2415.989990234375,2403.590087890625,2411.800048828125,4518040000,-0.000459968801852062,-0.0004600746199513276,2395.90546875,2373.9793798828123,2395.5004232832325,2425.7882038805787,2366.0227336194216,59.765470261157134,54.74469506751213,0.005103016295921262,12.39990234375,13.380126953125,11.130126953125,0.4093067070926366
2017-06-01,2415.64990234375,2430.06005859375,2413.5400390625,2430.06005859375,3860620000,0.007571112611303388,0.0075425955848472245,2398.0019775390624,2375.7001806640624,2398.7918171223296,2431.2785351747043,2364.7254199034205,66.55311527128379,62.602617612913924,0.00532497772376628,16.52001953125,25.670166015625,73.030029296875,-0.14550999991146607
2017-06-02,2431.280029296875,2440.22998046875,2427.7099609375,2439.070068359375,3465500000,0.0037077313104922904,0.00370087461804602,2400.4794799804686,2377.5125830078123,2402.627841049667,2438.181073478572,2362.777886482365,75.4031869962073,66.40781833936796,0.005361386746402815,12.52001953125,24.0,73.35009765625,-0.10234625526469843
2017-06-05,2437.830078125,2439.550048828125,2434.320068359375,2436.10009765625,2916720000,-0.001217665183814387,-0.0012184071404286387,2402.3199829101563,2379.3153857421876,2405.815675012199,2443.234175111654,2361.4057907086585,81.82838440299565,62.209052998282864,0.005333828225158588,5.22998046875,20.280029296875,54.3701171875,-0.1583552156975906
2017-06-06,2431.919921875,2436.2099609375,2428.1201171875,2429.330078125,3376750000,-0.0027790399654609166,-0.0027829086662040834,2403.817492675781,2381.0223876953123,2408.055141975323,2446.4355347696574,2361.199450581905,85.23608418775257,59.98890424293582,0.00539120293371463,8.08984375,16.420166015625,35.31005859375,0.15772168737485948
2017-06-07,2432.030029296875,2435.280029296875,2424.75,2433.139892578125,3576220000,0.0015682572275503848,0.0015670287963475379,2405.6284912109377,2382.8533837890627,2410.4441658422566,2450.052395446555,2361.2045869753206,88.8478084712342,86.72196726254982,0.005380363492146693,10.530029296875,21.33984375,34.719970703125,0.059071592507588644
2017-06-08,2434.27001953125,2439.27001953125,2427.93994140625,2433.7900390625,3735980000,0.00026720472849017796,0.00026716903566476714,2407.3364990234377,2384.357783203125,2412.6675823394226,2453.386332857573,2361.2866651893023,92.09966766827074,85.60519184649216,0.005380731189206959,11.330078125,3.72998046875,29.400146484375,0.044672866881791284
2017-06-09,2436.389892578125,2446.199951171875,2415.699951171875,2431.77001953125,4029860000,-0.0008299892344156845,-0.0008303338661872762,2409.2030029296875,2385.7705859375,2414.4868620719776,2456.0707635268373,2362.3352423325377,93.73552119429951,80.66175194624125,0.00535131008248113,30.5,-7.300048828125,16.699951171875,0.07866209133881874
2017-06-12,2425.8798828125,2430.3798828125,2419.969970703125,2429.389892578125,4031840000,-0.000978763178264619,-0.0009792424797181137,2411.1275024414062,2386.9971826171877,2415.9061983106585,2457.991743609673,2364.2632612731395,93.72848233653349,74.6685601223254,0.005341331331827069,10.409912109375,-6.710205078125,13.56982421875,0.0004913322050890123
2017-06-13,2434.14990234375,2441.489990234375,2431.280029296875,2440.35009765625,3278240000,0.004511505177332342,0.00450135884323014,2413.02900390625,2388.54978515625,2418.2341887245243,2461.4488698724626,2364.6091379400377,96.83973193242491,76.79227740441915,0.005331299341198829,10.2099609375,11.02001953125,27.440185546875,-0.18691217905472435
2017-06-14,2443.75,2443.75,2428.340087890625,2437.919921875,3558640000,-0.0009958307964025304,-0.0009963269653176028,2414.89150390625,2390.1313818359376,2420.109020453141,2464.167801207243,2365.615206605257,98.55259460198613,72.4399130761564,0.005336277029826056,15.409912109375,4.780029296875,26.119873046875,0.08553370101029811
2017-06-15,2424.139892578125,2433.949951171875,2418.530029296875,2432.4599609375,3371980000,-0.0022395981461527104,-0.002242109796840374,2418.6630004882813,2391.5773828125,2421.2853004992703,2460.237146600796,2377.0888543757665,83.14829222502976,62.51242828484399,0.0030601230585543043,15.419921875,-1.330078125,2.39990234375,-0.05245262235011128
2017-06-16,2431.239990234375,2433.14990234375,2422.8798828125,2433.14990234375,5299380000,0.0002836393681004967,0.00028359915005969524,2422.0344970703127,2393.1813818359374,2422.415262579697,2455.7188268868927,2388.3501672537327,67.36865963315995,62.48000084392043,0.0030313307368027725,10.27001953125,1.3798828125,-5.920166015625,0.5715929513223685
2017-06-19,2442.550048828125,2453.820068359375,2441.7900390625,2453.4599609375,3271480000,0.008347228657875183,0.008312583206893995,2425.62099609375,2395.10078125,2425.3719005185353,2456.3844675050213,2394.8575246824785,61.52694282254288,73.35016603075435,0.003194453746988697,12.030029296875,24.070068359375,17.35986328125,-0.3826674063758402
2017-06-20,2450.659912109375,2450.659912109375,2436.60009765625,2437.030029296875,3422700000,-0.0066966373620162,-0.0067191604469316645,2427.7714965820314,2396.7305810546877,2426.4821984974246,2455.0494396475888,2400.493553516474,54.555886131114676,62.349429265214816,0.0035570338385369446,14.059814453125,-3.320068359375,7.699951171875,0.04622372748725345
2017-06-21,2439.31005859375,2442.22998046875,2430.739990234375,2435.610107421875,3599190000,-0.0005826443900691647,-0.0005828141932715965,2429.631005859375,2398.2995849609374,2427.3515231568963,2453.3183674997213,2405.9436442190286,47.374723280692706,53.25285964897219,0.003564496193725577,11.489990234375,-2.309814453125,2.47021484375,0.05156455429923734
2017-06-22,2437.39990234375,2441.6201171875,2433.27001953125,2434.5,3477250000,-0.00045578207221763645,-0.0004558859724380852,2431.136511230469,2399.913984375,2428.032330475287,2451.689114384068,2410.5839080768696,41.10520630719839,47.048156102853284,0.0035507892942533642,8.35009765625,2.0400390625,0.7099609375,-0.0338798451873894
2017-06-23,2434.64990234375,2441.39990234375,2431.110107421875,2438.300048828125,5282460000,0.0015609155178168965,0.0015596985554090976,2432.2980102539063,2401.78138671875,2429.0102084136524,2451.616118435247,2412.979902072566,38.6362163626809,51.40589066785658,0.0034447945982844096,10.289794921875,5.150146484375,6.530029296875,0.5191487526062262
2017-06-26,2443.320068359375,2450.419921875,2437.030029296875,2439.070068359375,3243660000,0.000315801794623205,0.00031575193973236123,2433.4605102539062,2403.9837890625,2429.9682903132452,2451.348814398221,2415.5722061095917,35.77660828862918,56.741366083468236,0.00344478085029418,13.389892578125,-14.389892578125,9.68017578125,-0.38595654297429605
2017-06-27,2436.340087890625,2440.14990234375,2419.3798828125,2419.3798828125,3564770000,-0.00807282488613359,-0.008105586575672907,2433.7840087890627,2405.3911865234377,2428.9598705512694,2450.2879364141586,2417.2800811639668,33.007855250191824,42.19253455531759,0.00393019220684002,20.77001953125,-17.650146484375,-20.97021484375,0.09899619565552498
2017-06-28,2428.699951171875,2442.969970703125,2428.02001953125,2440.68994140625,3479980000,0.008808066374833778,0.008769501646551084,2435.2285034179686,2407.3611865234375,2430.0770201565056,2448.3391205988214,2422.1178862371157,26.221234361705683,53.17147179093558,0.004376609750621119,14.949951171875,5.079833984375,2.77001953125,-0.023785545771536465
2017-06-29,2442.3798828125,2442.72998046875,2405.699951171875,2419.699951171875,3869560000,-0.008600023246820632,-0.008637216844141348,2434.710498046875,2408.991787109375,2429.088727872255,2449.4040402393352,2420.0169558544144,29.387084384920854,45.27592987901015,0.0045134778662464185,37.030029296875,-14.800048828125,-12.760009765625,0.11194891924666228
2017-06-30,2429.199951171875,2432.7099609375,2421.64990234375,2423.409912109375,3366030000,0.0015332318107057485,0.0015320576108735333,2433.927490234375,2410.34318359375,2428.5478882757902,2449.296366711478,2418.558613757272,30.73775295420637,47.68362479525793,0.004439881542183537,11.06005859375,-14.89013671875,-9.739990234375,-0.1301259057877382
2017-07-03,2431.389892578125,2439.169921875,2428.68994140625,2429.010009765625,1901480000,0.002310833849555216,0.0023081679791475806,2433.5729858398436,2411.9495849609375,2428.5918998462507,2449.0575054686196,2418.0884662110675,30.96903925755214,45.41705228718188,0.004472015296327401,10.47998046875,-10.06005859375,-24.449951171875,-0.4350971322299564
2017-07-05,2430.780029296875,2434.89990234375,2422.050048828125,2432.5400390625,3368150000,0.001453279024245635,0.0014522240362887008,2433.7334838867187,2413.1173876953126,2428.967913104941,2449.098917919627,2418.36804985381,30.73086806581705,47.84494898917194,0.004440400050844868,12.849853515625,13.16015625,-4.489990234375,0.7713307528872246
2017-07-06,2423.43994140625,2424.280029296875,2407.699951171875,2409.75,3368710000,-0.009368823820586791,-0.009412987306866183,2432.5639892578124,2413.540185546875,2427.1376356663754,2451.3085854997917,2413.819393015833,37.489192483958504,42.011994888775924,0.0048968814536729886,16.580078125,-30.93994140625,-25.860107421875,0.00016626337900627064
2017-07-07,2413.52001953125,2426.919921875,2413.52001953125,2425.179931640625,2929390000,0.006403125486305727,0.006382712569615801,2432.1334838867188,2414.29478515625,2426.951187663923,2451.15299675106,2413.1139710223774,38.039025728682645,47.46001932703933,0.005132155297472877,13.39990234375,5.47998046875,-9.320068359375,-0.13041193810093477
2017-07-10,2424.510009765625,2432.0,2422.27001953125,2427.429931640625,3009880000,0.0009277662125786179,0.0009273361035125654,2431.9164794921876,2415.0679833984377,2426.996782328371,2451.052135710683,2412.780823273692,38.27131243699114,40.6252363057,0.005135211801155399,9.72998046875,4.02001953125,-10.8701171875,0.027476710168328644
2017-07-11,2427.35009765625,2429.300048828125,2412.7900390625,2425.530029296875,3108800000,-0.0007826806116978391,-0.0007829870660821734,2431.723486328125,2415.8945849609377,2426.8570915634664,2451.0434053498007,2412.4035673064495,38.63983804335112,45.37410583461328,0.005133586019287048,16.510009765625,-3.47998046875,-13.5400390625,0.03286509761186496
2017-07-12,2435.75,2445.760009765625,2435.75,2443.25,3176900000,0.007305607635895495,0.007279050947821435,2431.8684814453127,2416.9929833984374,2428.4183209383746,2451.5019821386672,2412.234980751958,39.267001386709126,52.71688264782541,0.005300062229510305,10.010009765625,10.7099609375,23.8701171875,0.021905558414822446
2017-07-13,2444.989990234375,2449.320068359375,2441.68994140625,2447.830078125,3068510000,0.0018745843139260643,0.001872829473473065,2432.3639892578126,2418.1261865234374,2430.267059718053,2453.1092879640723,2411.618690551553,41.49059741251949,54.62624044249227,0.005308461028235766,7.630126953125,38.080078125,7.14013671875,-0.03411816550725555
2017-07-14,2449.159912109375,2463.5400390625,2446.68994140625,2459.27001953125,2738460000,0.004673503078699293,0.004662616170009233,2433.7044921875,2419.5489892578125,2433.029246366929,2457.68795811445,2409.72102626055,47.96693185389995,56.9111931831897,0.005364904141257541,16.85009765625,34.090087890625,39.570068359375,-0.1075603468784524
2017-07-17,2459.5,2462.820068359375,2457.159912109375,2459.139892578125,2800580000,-5.291283677333336e-05,-5.291423670686425e-05,2435.0039916992187,2420.94138671875,2435.515974577519,2461.541391617055,2408.4665917813822,53.07479983567282,56.64254408646636,0.005366350521830965,5.66015625,31.7099609375,35.72998046875,0.022684282406900236
2017-07-18,2455.8798828125,2460.919921875,2450.340087890625,2460.610107421875,2974090000,0.0005978573436131729,0.0005976786981109875,2435.3614990234373,2422.1677880859374,2437.9058919912673,2463.1107662704208,2407.612231776454,55.49853449396687,65.5175455522783,0.005043407764912781,10.579833984375,35.080078125,31.60009765625,0.06195502360225391
2017-07-19,2463.85009765625,2473.830078125,2463.85009765625,2473.830078125,3063810000,0.005372639356088893,0.00535825821605345,2437.2015014648437,2423.6567919921877,2441.3272430516226,2469.8622427806595,2404.540760149028,65.32148263163162,63.281528243623505,0.004900137892160477,9.97998046875,30.580078125,41.2900390625,0.03016721081070184
2017-07-20,2475.56005859375,2477.6201171875,2468.429931640625,2473.449951171875,3223820000,-0.00015365928181010347,-0.00015367108860704477,2439.0934936523436,2425.187392578125,2444.3865485868846,2475.531657547043,2402.6553297576443,72.8763277893986,75.80403187998124,0.004894882562014198,9.190185546875,25.619873046875,63.699951171875,0.05222582340288717
2017-07-21,2467.39990234375,2472.5400390625,2465.06005859375,2472.5400390625,3066880000,-0.00036787164783502746,-0.0003679393292088825,2440.995495605469,2426.645595703125,2447.067833394086,2480.283857295673,2401.707133915265,78.57672338040811,74.23777072779436,0.004893751398241816,7.47998046875,13.27001953125,47.360107421875,-0.048681377992567776
2017-07-24,2472.0400390625,2473.10009765625,2466.320068359375,2469.909912109375,3019920000,-0.0010637348279797232,-0.0010643009954088047,2442.5759887695312,2428.1549951171874,2449.243269462209,2483.8983463117556,2401.253631227307,82.64471508444876,70.78661723321571,0.004907076903640118,6.780029296875,10.77001953125,42.47998046875,-0.01531197829716191
2017-07-25,2477.8798828125,2481.239990234375,2474.909912109375,2477.1298828125,4116360000,0.002923171678338221,0.002918907519898033,2444.4789794921876,2429.8795947265626,2451.8991374003317,2488.536488554836,2400.421470429539,88.11501812529696,71.84270952927669,0.004932143285602593,6.330078125,16.519775390625,51.599853515625,0.36306922037669875
2017-07-26,2479.969970703125,2481.68994140625,2474.93994140625,2477.830078125,3597830000,0.0002826639480466575,0.00028262400611947947,2447.4014892578125,2431.389794921875,2454.368750802681,2492.197081985343,2402.605896530282,89.59118545506135,92.56043956043956,0.004474945581482739,6.75,4.0,34.580078125,-0.12596808831103212
2017-07-27,2482.760009765625,2484.0400390625,2459.929931640625,2475.419921875,4035740000,-0.0009726882691745153,-0.0009731616373937137,2449.13798828125,2432.884794921875,2456.37362423814,2495.503228146098,2402.7727484164016,92.73047972969653,87.51453854034878,0.004120598496165712,24.110107421875,1.969970703125,27.58984375,0.12171503378425319
2017-07-28,2469.1201171875,2473.530029296875,2464.659912109375,2472.10009765625,3302850000,-0.001341115577770502,-0.0013420156781160386,2451.7579956054688,2435.1861962890625,2457.8713836112934,2497.028213867788,2406.4877773431494,90.54043652463861,82.83097616031408,0.003535040177180958,8.8701171875,-0.43994140625,12.830078125,-0.18159990485016375
2017-07-31,2475.93994140625,2477.9599609375,2468.530029296875,2470.300048828125,3475930000,-0.0007281456077897763,-0.0007284108345598019,2454.102502441406,2437.2777978515624,2459.0550660128965,2498.027977116841,2410.177027765971,87.85094935087,82.95273213438566,0.003555808631453812,9.429931640625,0.39013671875,11.16015625,0.052403227515630535
2017-08-01,2477.10009765625,2478.510009765625,2471.139892578125,2476.35009765625,3470260000,0.0024491149692504877,0.0024461207749384662,2456.4695068359374,2439.1702001953126,2460.702211883692,2499.799678417292,2413.139335254583,86.66034316270907,79.41669125687802,0.003558697197512257,7.3701171875,-0.77978515625,15.739990234375,-0.0016312181200427434
2017-08-02,2480.3798828125,2480.3798828125,2466.47998046875,2477.570068359375,3487150000,0.0004926487188865458,0.0004925274073474498,2458.7210083007812,2440.841201171875,2462.3086744051857,2501.4918099392607,2415.9502066623018,85.541603276959,78.10929430822269,0.0035583363762202594,13.89990234375,-0.260009765625,3.739990234375,0.004867070478868918
2017-08-03,2476.030029296875,2476.030029296875,2468.85009765625,2472.159912109375,3662410000,-0.002183654185644257,-0.0021860418349456704,2461.84150390625,2442.3160009765625,2463.2468875198706,2498.1937763202645,2425.489231492236,72.7045448280287,63.75043623654178,0.0027310474884762815,7.179931640625,-3.260009765625,-1.2900390625,0.05025880733550325
2017-08-04,2476.8798828125,2480.0,2472.080078125,2476.830078125,3239980000,0.0018891035295691694,0.0018873214175395684,2464.4240112304688,2443.7648046875,2464.540524720359,2496.9469301628105,2431.901092298127,65.04583786468356,67.20470702206774,0.002458550468703223,7.919921875,4.72998046875,4.2900390625,-0.11534208349147146
2017-08-07,2477.139892578125,2480.949951171875,2475.8798828125,2480.909912109375,2935130000,0.001647199789928111,0.0016458446442804673,2467.098010253906,2445.0816015625,2466.0995139955035,2495.324477128179,2438.8715433796333,56.45293374854555,68.78897987960302,0.002461819340026001,5.070068359375,10.60986328125,11.0,-0.09409008697584553
2017-08-08,2478.35009765625,2490.8701171875,2470.320068359375,2474.919921875,3347480000,-0.0024144327873969473,-0.002417352230385335,2469.5675048828125,2446.2635986328123,2466.9395528411696,2490.0655201350846,2449.0694896305404,40.99603050454425,51.16459870391434,0.002552620709671144,20.550048828125,-1.43017578125,-2.2099609375,0.14048781484976813
2017-08-09,2465.35009765625,2474.409912109375,2462.080078125,2474.02001953125,3310960000,-0.00036360867105078576,-0.0003636747927123762,2471.106005859375,2447.48580078125,2467.6138830021296,2487.4939032385955,2454.718108480154,32.77579475844141,50.60247802954851,0.0020917856098195014,12.329833984375,-3.550048828125,-3.81005859375,-0.010909699236440584
2017-08-10,2465.3798828125,2465.3798828125,2437.75,2438.2099609375,3635820000,-0.014474441722801767,-0.01458021840074153,2470.625,2448.0139990234375,2464.8135094721647,2490.1532722673533,2451.0967277326467,39.05654453470652,29.120611521260102,0.003949031184503923,27.6298828125,-33.949951171875,-37.2099609375,0.09811655833957533
2017-08-11,2441.0400390625,2448.090087890625,2437.85009765625,2441.320068359375,3161830000,0.0012755699762128092,0.0012747571279871366,2469.727502441406,2448.23919921875,2462.5760388899944,2492.7842385685053,2446.670766314307,46.113472254198314,32.712725125479764,0.003799051048348791,10.239990234375,-35.510009765625,-30.780029296875,-0.13036673982760427
2017-08-14,2454.9599609375,2468.219970703125,2454.9599609375,2465.840087890625,2824320000,0.010043754544535322,0.009993651246049404,2470.0625122070314,2448.774599609375,2462.8869006995783,2492.66168318566,2447.463341228403,45.19834195725707,44.35456500985201,0.004455958893862544,13.260009765625,-15.06982421875,-4.4599609375,-0.1067451444258547
2017-08-15,2468.659912109375,2468.89990234375,2461.610107421875,2464.610107421875,2922430000,-0.0004988078808476626,-0.00049893232688349,2470.2625122070312,2449.3447998046877,2463.0510156255114,2492.5784860662006,2447.946538347862,44.63194771833878,43.42422601164352,0.004456847104097823,7.289794921875,-10.309814453125,-11.739990234375,0.03473756514842519
2017-08-16,2468.6298828125,2474.929931640625,2463.860107421875,2468.110107421875,2956570000,0.0014201029158569245,0.0014190955233323716,2469.976513671875,2450.120400390625,2463.5328338918316,2492.246541633159,2447.7064857105916,44.54005592256726,46.40300820528839,0.004294999671760343,11.06982421875,-5.909912109375,-9.4599609375,0.011682059108344856
2017-08-17,2462.949951171875,2465.02001953125,2430.010009765625,2430.010009765625,3164950000,-0.015436952160958639,-0.015557342487191416,2467.8045166015627,2450.057802734375,2460.34018397505,2496.262010042928,2439.3470231601973,56.91498688273077,34.569994003454724,0.005495555683244778,35.010009765625,-8.199951171875,-42.14990234375,0.07048032010065719
2017-08-18,2427.639892578125,2440.27001953125,2420.68994140625,2425.550048828125,3426970000,-0.0018353673110713675,-0.0018370536613519935,2465.4550170898438,2449.8930029296876,2457.026837770581,2499.480701958816,2431.4293322208714,68.0513697379447,33.908699850759376,0.0054982791111225044,19.580078125,-15.77001953125,-51.280029296875,0.08278803772571441
2017-08-21,2425.5,2430.580078125,2417.35009765625,2428.3701171875,2803650000,0.001162651069903653,0.0011619757145661966,2463.37802734375,2449.8250048828127,2454.297626286478,2501.126405710694,2425.629648976806,75.4967567338881,32.33696433707219,0.00551823930077015,13.22998046875,-37.469970703125,-52.539794921875,-0.1818866228767687
2017-08-22,2433.75,2454.77001953125,2433.669921875,2452.510009765625,2780990000,0.00994077978775465,0.009891695260625078,2462.1470336914062,2450.2874072265627,2454.127377094016,2499.611848621064,2424.6822187617486,74.92962985931536,42.10658258997231,0.005973951207253564,21.10009765625,-12.10009765625,-22.409912109375,-0.008082321259786363
2017-08-23,2444.8798828125,2448.909912109375,2441.419921875,2444.0400390625,2796950000,-0.0034535927149730306,-0.0034595701326390073,2460.4575317382814,2450.3612060546875,2453.1666782338716,2497.9920091772606,2422.9230542993023,75.06895487795828,41.31030143360901,0.006007098158835154,7.489990234375,-24.070068359375,-29.97998046875,0.0057389634626516806
2017-08-24,2447.909912109375,2450.389892578125,2436.18994140625,2438.969970703125,2849680000,-0.0020744620703185834,-0.0020766167471384417,2458.6350341796874,2450.38220703125,2451.814610849991,2496.6471872156676,2420.622881143707,76.02430607196038,38.32918655389835,0.006015075499330034,14.199951171875,8.9599609375,0.760009765625,0.018852678810847623
2017-08-25,2444.719970703125,2453.9599609375,2442.219970703125,2443.050048828125,2593350000,0.0016728693563305974,0.0016714716689374216,2457.1825317382813,2450.5940087890626,2450.9798906574324,2495.2483376805976,2419.116725795965,76.13161188463255,38.329279379624666,0.006036522960214168,11.739990234375,17.5,1.72998046875,-0.08995045057690687
2017-08-28,2447.35009765625,2449.1201171875,2439.030029296875,2444.239990234375,2682920000,0.00048707205438569545,0.0004869534732960745,2455.879528808594,2450.815810546875,2450.337995379046,2493.8386766775807,2417.920380939607,75.9182957379735,40.254160391245065,0.0060409985215409525,10.090087890625,15.869873046875,-21.60009765625,0.03453833844255505
2017-08-29,2431.93994140625,2449.18994140625,2428.199951171875,2446.300048828125,2739460000,0.000842821736810162,0.0008424667620097917,2454.3770263671877,2450.6726123046874,2449.953429040863,2491.2889622031003,2417.465090531275,73.82387167182515,41.258855392839926,0.006010147599753595,20.989990234375,-6.2099609375,-18.31005859375,0.021074053643045598
2017-08-30,2446.06005859375,2460.31005859375,2443.77001953125,2457.590087890625,2637780000,0.004615148933961866,0.004604531788061044,2453.37802734375,2451.0838134765627,2450.6807298836975,2488.6939813067643,2418.062073380736,70.63190792602836,57.22921740017376,0.006119048552506794,16.5400390625,13.550048828125,-10.52001953125,-0.03711680404167239
2017-08-31,2462.64990234375,2475.010009765625,2462.64990234375,2471.64990234375,3353860000,0.005720976220730423,0.0057046735847135445,2453.3525268554686,2451.804609375,2452.677793927512,2488.6120700524307,2418.0929836585065,70.51908639392423,60.45928547734471,0.006250752418311071,12.360107421875,32.679931640625,41.639892578125,0.2714707064273745
2017-09-01,2474.419921875,2480.3798828125,2473.85009765625,2476.550048828125,2712780000,0.001982540682532896,0.001980578042335197,2453.338525390625,2452.6456103515625,2454.951342013285,2488.5590151714796,2418.1180356097702,70.44097956170936,54.27133721247244,0.006252266849301021,6.52978515625,33.5,51.0,-0.19114691728336897
2017-09-05,2470.35009765625,2471.969970703125,2446.550048828125,2457.85009765625,3502190000,-0.007550806889900619,-0.007579458552144929,2452.1855346679686,2453.036611328125,2455.2274139792817,2485.035685491937,2419.3353838440003,65.70030164793661,47.63371408354171,0.006460553217951938,25.419921875,13.610107421875,29.47998046875,0.2909966897426257
2017-09-06,2463.830078125,2469.639892578125,2459.199951171875,2465.5400390625,3400200000,0.0031287267736885838,0.003123842493144133,2451.7165405273436,2453.5660107421877,2456.209568749112,2483.4488758847424,2419.9842051699447,63.46467071479765,49.12600562903186,0.00649053522619411,10.43994140625,19.239990234375,13.030029296875,-0.029121778087425332
2017-09-07,2468.06005859375,2468.6201171875,2460.2900390625,2465.10009765625,3365780000,-0.00017843612323464875,-0.00017845204485370908,2451.270544433594,2454.4804150390623,2457.0562857878867,2481.9150818013413,2420.6260070658464,61.28907473549498,66.04193500141747,0.006490376208451395,8.330078125,7.510009765625,21.06005859375,-0.01012293394506203
2017-09-08,2462.25,2467.110107421875,2459.39990234375,2461.429931640625,3308360000,-0.001488850703918465,-0.001489960143457705,2452.43154296875,2454.89521484375,2457.4728234881477,2482.750348631892,2422.112737305608,60.63761132628406,66.5223139603907,0.005566907869585703,7.710205078125,-10.219970703125,22.4599609375,-0.017059938558075638
2017-09-11,2474.52001953125,2488.949951171875,2474.52001953125,2488.110107421875,3293460000,0.01083929931877714,0.010780975197147024,2454.771044921875,2456.26341796875,2460.3906600532646,2488.508021654908,2421.0340681888415,67.47395346606663,72.55357389741462,0.006029574633365364,14.429931640625,11.56005859375,45.06005859375,-0.004503742035328662
2017-09-12,2491.93994140625,2496.77001953125,2490.3701171875,2496.47998046875,3234280000,0.0033639480109453057,0.003358302594883113,2456.3030395507812,2457.7248193359374,2463.8277381880725,2494.6272617580275,2417.978817343535,76.64844441449259,68.84370795239819,0.005674904011213767,6.39990234375,38.6298828125,52.239990234375,-0.017968944514279772
2017-09-13,2493.889892578125,2498.3701171875,2492.139892578125,2498.3701171875,3371370000,0.0007571207193879381,0.0007568342480825294,2457.9910400390627,2459.112021484375,2467.11748856897,2500.5912334369796,2415.390846641146,85.20038679583377,74.67522675359811,0.005668666262933408,6.230224609375,32.830078125,52.070068359375,0.042386558986853284
2017-09-14,2494.56005859375,2498.429931640625,2491.35009765625,2495.6201171875,3422470000,-0.0011007176162897148,-0.0011013238508279736,2459.3665405273437,2460.373623046875,2469.8320246278777,2505.010241098743,2413.7228399559444,91.28740114279844,76.28282819129777,0.005679727557314497,7.079833984375,30.52001953125,38.030029296875,0.015157042982526292
2017-09-15,2495.669921875,2500.22998046875,2493.159912109375,2500.22998046875,4862970000,0.0018471814878802117,0.001845477546159349,2462.8775390625,2462.18322265625,2472.727068041294,2509.7982398469626,2415.9568382780376,93.841401568925,76.39884850438574,0.004251361700448241,7.070068359375,38.800048828125,28.580078125,0.42089485079489375
2017-09-18,2502.510009765625,2508.320068359375,2499.919921875,2503.8701171875,3204700000,0.0014559207541648966,0.0014548619291293301,2466.7935424804687,2463.7570263671873,2475.693072721885,2513.670135334799,2419.9169496261384,93.75318570866057,76.92099119773033,0.00418127341498541,8.400146484375,15.760009765625,27.320068359375,-0.34099943038924774
2017-09-19,2506.2900390625,2507.840087890625,2503.18994140625,2506.64990234375,3253760000,0.0011101954279371107,0.0011095796167313857,2470.7075317382814,2465.34142578125,2478.6413422096816,2517.145956438087,2424.269107038476,92.87684939961127,77.07000510314708,0.004181577645696078,4.650146484375,10.169921875,48.7998046875,0.015308765251037526
2017-09-20,2506.840087890625,2508.85009765625,2496.669921875,2508.239990234375,3584570000,0.0006343478158390425,0.000634146702309437,2473.494030761719,2466.995625,2481.4602610691763,2521.9778831349554,2425.0101783884825,96.96770474647292,74.88449082403743,0.003693401471594455,12.18017578125,9.869873046875,42.699951171875,0.1016700678599527
2017-09-21,2507.159912109375,2507.159912109375,2499.0,2500.60009765625,2965590000,-0.0030459176984141134,-0.0030505659469148337,2476.3220336914064,2468.142626953125,2483.2831026488975,2524.1660740585007,2428.477993324312,95.68808073418859,65.18099929843248,0.0036678063849790517,8.159912109375,4.97998046875,35.5,-0.17267901031364985
2017-09-22,2497.260009765625,2503.469970703125,2496.5400390625,2502.219970703125,2877980000,0.0006477937229520947,0.0006475839951670207,2479.4845336914063,2469.2304248046876,2485.0866138921574,2525.249370458609,2433.7196969242036,91.52967353440545,63.94046425787155,0.003591529693148884,6.929931640625,1.989990234375,40.7900390625,-0.02954218216273996
2017-09-25,2499.389892578125,2502.5400390625,2488.030029296875,2496.659912109375,3314530000,-0.002222050282888466,-0.0022245226998538568,2482.1650268554686,2469.97822265625,2486.1888327699876,2525.139480503281,2439.190573207656,85.94890729562485,74.58497913683084,0.003674156721033451,14.510009765625,-7.210205078125,8.5498046875,0.15168625216297538
2017-09-26,2501.0400390625,2503.510009765625,2495.1201171875,2496.840087890625,3070770000,7.216672978804795e-05,7.216412589487934e-05,2484.795031738281,2470.7322265625,2487.203238019572,2524.2946064596695,2445.2954570168927,78.9991494427768,71.91261276351368,0.00367892219161628,8.389892578125,-9.809814453125,0.360107421875,-0.07354285524644522
2017-09-27,2503.300048828125,2511.75,2495.909912109375,2507.0400390625,3485070000,0.004085143947080816,0.004076822401987925,2487.83203125,2471.6608251953126,2489.0924571665173,2524.0754690908248,2451.5885934091752,72.48687568164951,75.8313935653837,0.0037392552588323435,15.840087890625,-1.199951171875,8.669921875,0.1349173008724196
2017-09-28,2503.409912109375,2510.81005859375,2502.929931640625,2510.06005859375,3173030000,0.001204615596159142,0.0012038906289380277,2490.455529785156,2472.3854248046873,2491.0893715881584,2525.0399570873305,2455.8711024829818,69.16885460434878,80.19378446631964,0.00365371864202102,7.880126953125,9.4599609375,14.43994140625,-0.08953622165408437
2017-09-29,2509.9599609375,2519.43994140625,2507.989990234375,2519.360107421875,3220260000,0.0037051100814438076,0.0036982630684988258,2492.8410400390626,2473.3036279296875,2493.781822619941,2528.52798946733,2457.1540906107953,71.37389885653465,74.74271443041498,0.0035446401378734956,11.449951171875,17.14013671875,19.130126953125,0.014884826175611376
2017-10-02,2521.199951171875,2529.22998046875,2520.39990234375,2529.1201171875,3226370000,0.003874003457017716,0.0038665188297123134,2495.4695434570312,2474.4352294921873,2497.147374483518,2533.753789625718,2457.1852972883444,76.56849233737375,75.28673455491837,0.0035981208029302195,8.830078125,32.460205078125,25.25,0.0018973623247813265
2017-10-03,2530.340087890625,2535.1298828125,2528.85009765625,2534.580078125,3073480000,0.0021588381272976687,0.002156511184660919,2499.306042480469,2475.7286328125,2500.712393877945,2537.0922370406574,2461.5198479202804,75.57238912037701,76.58202438901992,0.002977017324827752,6.27978515625,37.739990234375,27.93017578125,-0.04738762138254449
2017-10-04,2533.47998046875,2540.530029296875,2531.800048828125,2537.739990234375,3020770000,0.0012467201713795006,0.0012459436611136387,2502.9160400390624,2476.9408349609375,2504.2388316261763,2540.91442526108,2464.917654817045,75.99677044403506,80.73555977581175,0.0029538911901575465,8.72998046875,30.699951171875,29.5,-0.017149940783736994
2017-10-05,2540.860107421875,2552.510009765625,2540.02001953125,2552.070068359375,3059730000,0.005646787369921524,0.00563090403129274,2507.264538574219,2478.425634765625,2508.7941875055285,2546.91113871821,2467.6179384302277,79.29320028798247,83.128894658175,0.003069957159369003,12.489990234375,42.010009765625,51.469970703125,0.012897373848389737
2017-10-06,2547.43994140625,2549.409912109375,2543.7900390625,2549.330078125,2898270000,-0.0010736344069645076,-0.001074211165239725,2511.6595458984375,2479.903837890625,2512.6547485169067,2549.3527057595165,2473.9663860373585,75.38631972215808,79.38974190615687,0.0030483031532176053,5.619873046875,29.969970703125,47.110107421875,-0.052769362002529685
2017-10-09,2551.389892578125,2551.820068359375,2541.60009765625,2544.72998046875,2486940000,-0.0018044339160793177,-0.0018060638680135568,2514.4905395507812,2481.356435546875,2515.7095325123205,2553.2270720570727,2475.7540070444898,77.47306501258299,74.05255366395262,0.0022807881068848458,10.219970703125,15.60986328125,48.070068359375,-0.1419225952033455
2017-10-10,2549.989990234375,2555.22998046875,2544.860107421875,2550.639892578125,2962610000,0.002322412261707374,0.0023197196304780643,2517.19853515625,2482.963232421875,2519.0362334709685,2558.1431593706193,2476.2539109418803,81.88924842873894,75.39525171524329,0.002238551431042873,10.369873046875,16.059814453125,53.7998046875,0.19126717974699825
2017-10-11,2550.6201171875,2555.239990234375,2547.949951171875,2555.239990234375,2991320000,0.0018035072962026,0.001801882929663564,2520.042028808594,2484.5410302734376,2522.4842103055785,2563.313824790206,2476.7702328269816,86.54359196322457,83.96305727457866,0.002242928143625732,7.2900390625,17.5,48.199951171875,0.009690779414097683
2017-10-12,2552.8798828125,2555.330078125,2548.31005859375,2550.929931640625,3157280000,-0.0016867529508860502,-0.0016881771203513885,2522.80751953125,2486.0082275390623,2525.1933266232018,2566.574374452089,2479.0406646104107,87.5337098416785,79.2973315868923,0.0022771491276771575,7.02001953125,-1.14013671875,40.869873046875,0.05548052364842282
2017-10-13,2555.659912109375,2557.64990234375,2552.090087890625,2553.169921875,3150470000,0.0008781073155288421,0.0008777220048463043,2525.4545166015623,2487.628427734375,2527.8577642662303,2569.8707343297133,2481.0382988734113,88.83243545630194,85.40270355426533,0.002270694388331313,5.559814453125,3.83984375,33.809814453125,-0.0021569198804033407
2017-10-16,2555.570068359375,2559.469970703125,2552.639892578125,2557.639892578125,2918030000,0.0017507533144689447,0.0017492225323057532,2528.1430053710938,2489.2446240234376,2530.6941574387915,2573.556322635302,2482.7296881068855,90.82663452841643,86.14728542647632,0.002274417965655617,6.830078125,12.909912109375,28.519775390625,-0.07377946782543554
2017-10-17,2557.169921875,2559.7099609375,2554.68994140625,2559.360107421875,2901890000,0.0006725789853143649,0.0006723529054339931,2530.778515625,2490.8136279296873,2533.424247913371,2577.0497759452132,2484.507255304787,92.54252064042612,84.59390264769598,0.0022760686135265278,5.02001953125,8.72021484375,24.780029296875,-0.005531128878044411
2017-10-18,2562.8701171875,2564.110107421875,2559.669921875,2561.260009765625,2999320000,0.0007423349056041584,0.0007420595113295467,2533.4295166015627,2492.5404296875,2536.075272851681,2580.3347301147433,2486.524303088382,93.81042702636114,84.36227072976507,0.002275174824202802,4.440185546875,6.02001953125,23.52001953125,0.033574670301079745
2017-10-19,2553.389892578125,2562.360107421875,2547.919921875,2562.10009765625,3019520000,0.00032799789456050554,0.00032794411501048555,2536.5045166015625,2494.30203125,2538.553827594973,2582.400484730027,2490.608548473098,91.79193625692915,82.35903009600705,0.0020715486620313983,14.440185546875,11.170166015625,10.030029296875,0.006734859901577739
2017-10-20,2567.56005859375,2575.43994140625,2567.56005859375,2575.2099609375,3394450000,0.0051168427389869375,0.005103796185030386,2540.154016113281,2497.04203125,2542.0448879133087,2586.178938148591,2494.1290940779713,92.04984407061966,83.21065927338489,0.002240955603060882,7.8798828125,22.0400390625,25.8798828125,0.1241687420517168
2017-10-23,2578.080078125,2578.2900390625,2564.330078125,2564.97998046875,3214470000,-0.003972484039719171,-0.003980395312997195,2543.57001953125,2499.5152294921877,2544.2291824423983,2586.004126259677,2501.1359128028234,84.86821345685348,70.49611535422702,0.002418683994025029,13.9599609375,7.340087890625,20.25,-0.05302184448143288
2017-10-24,2568.659912109375,2572.179931640625,2565.580078125,2569.1298828125,3435660000,0.001617908278173541,0.0016166008745580412,2547.1845092773438,2501.581025390625,2546.6006777157413,2584.9132728210893,2509.455745733598,75.45752708749114,70.88478469210402,0.0024002099567507797,6.599853515625,9.769775390625,18.489990234375,0.06881072151863288
2017-10-25,2566.52001953125,2567.39990234375,2544.0,2557.14990234375,3885470000,-0.004663049754275228,-0.004673955687259985,2549.6900024414062,2503.4318212890626,2547.6053657755515,2582.532893984402,2516.8471108984104,65.68578308599172,53.48889462723306,0.00267269210908261,23.39990234375,-4.110107421875,1.909912109375,0.13092389817385897
2017-10-26,2560.080078125,2567.070068359375,2559.800048828125,2560.39990234375,3891750000,0.001270946219078306,0.0012701392506023993,2552.206994628906,2505.2776171875,2548.8238930677608,2579.5106603030276,2524.9033289547847,54.60733134824295,57.55000366327204,0.002673009125329619,7.27001953125,-1.7001953125,9.469970703125,0.0016162780821882272
2017-10-27,2570.260009765625,2582.97998046875,2565.93994140625,2581.070068359375,3896100000,0.008073022498049642,0.008040609979727099,2555.2924926757814,2508.298818359375,2551.894957381248,2580.859046972748,2529.725938378815,51.133108593932775,70.32895293921622,0.0030568239829374924,17.0400390625,5.860107421875,27.900146484375,0.0011177490846019378
2017-10-30,2577.75,2580.030029296875,2568.25,2572.830078125,3660230000,-0.003192470570786421,-0.0031975773767407194,2557.477990722656,2511.2444189453126,2553.8887784044623,2581.016881046074,2533.939100399238,47.07778064683589,62.09799145469792,0.0031405642227494064,11.780029296875,7.85009765625,15.190185546875,-0.060540027206693825
2017-10-31,2575.989990234375,2578.2900390625,2572.14990234375,2575.260009765625,3844420000,0.0009444586571358826,0.0009440129366793155,2559.5119873046874,2514.182216796875,2555.924133772192,2581.7121291101876,2537.3118454991873,44.400283611000305,61.17936720871643,0.003125872589689461,6.14013671875,6.130126953125,15.89990234375,0.05032197430216123
2017-11-01,2583.2099609375,2588.39990234375,2574.919921875,2579.360107421875,3841200000,0.0015921101716727115,0.0015908441079038695,2561.5929931640626,2516.71921875,2558.1561312626377,2582.988202735598,2540.1977835925272,42.79041914307072,65.9129916697641,0.0031294162899361457,13.47998046875,22.210205078125,18.10009765625,-0.0008375775799730478
2017-11-02,2579.4599609375,2581.110107421875,2566.169921875,2579.85009765625,4050140000,0.00018996581088659426,0.00018994776966671517,2562.9819946289062,2519.435419921875,2560.2222233001244,2585.3586059198497,2540.605383337963,44.7532225818868,65.23187484668048,0.0029169546364646816,14.940185546875,19.4501953125,17.75,0.054394460064563166
2017-11-03,2581.929931640625,2588.419921875,2576.77001953125,2587.840087890625,3568710000,0.0030970753849743904,0.003092289326314394,2564.9074951171874,2522.412822265625,2562.8524961182675,2588.906549549809,2540.908440684566,47.99810886524301,66.5752815251939,0.0029440663968980985,11.64990234375,6.77001953125,12.630126953125,-0.11886749593841206
2017-11-06,2587.469970703125,2593.3798828125,2585.659912109375,2591.1298828125,3541970000,0.0012712512404724485,0.00127044388477643,2567.227490234375,2525.3744189453123,2565.5455805653373,2591.973009284624,2542.4819711841265,49.49103810049746,67.14140815385629,0.0028830879770557405,7.719970703125,18.2998046875,26.14990234375,-0.0074929035982189696
2017-11-07,2592.110107421875,2597.02001953125,2584.35009765625,2590.639892578125,3815190000,-0.00018910292286977715,-0.00018912080508191734,2569.227490234375,2528.3024169921873,2567.9355150427455,2594.7807805758707,2543.6741998928796,51.10658068299108,66.09684323167468,0.0028729092318873664,12.669921875,15.3798828125,21.510009765625,0.07713786395706346
2017-11-08,2588.7099609375,2595.469970703125,2585.02001953125,2594.3798828125,3898450000,0.001443655000098465,0.0014426139320604147,2571.1844848632813,2531.264013671875,2570.4540262589126,2598.1815868955464,2544.1873828310163,53.994204064530095,67.1409828924647,0.0028672979861018686,10.449951171875,15.019775390625,37.22998046875,0.021823290583168786
2017-11-09,2584.0,2586.5,2566.330078125,2584.6201171875,3844100000,-0.003761887644002093,-0.0037689813393701364,2572.868994140625,2533.8046142578123,2571.803177775921,2598.724970018189,2547.013018263061,51.71195175512821,55.181257998257855,0.002995345381518131,20.169921875,4.77001953125,24.22021484375,-0.013941438263925354
2017-11-10,2580.179931640625,2583.81005859375,2575.570068359375,2582.300048828125,3489740000,-0.0008976438525517549,-0.0008980469760537102,2574.3255004882812,2536.0176171875,2572.802879780893,2598.751490530545,2549.8995104460173,48.851980084527895,60.44640516908795,0.0030148106534092834,8.239990234375,-5.5400390625,1.22998046875,-0.0921828256288858
2017-11-13,2576.530029296875,2587.659912109375,2574.47998046875,2584.840087890625,3405200000,0.0009836343625724275,0.000983150911293032,2575.685510253906,2538.18341796875,2573.949280553248,2599.212167949272,2552.1588525585403,47.05331539073177,59.663085688199594,0.0030038808406475884,13.179931640625,-6.289794921875,12.010009765625,-0.02422530045218263
2017-11-14,2577.75,2579.659912109375,2566.56005859375,2578.8701171875,3643580000,-0.0023096092988857952,-0.0023122805602819227,2576.6610107421875,2540.603818359375,2574.417931661272,2598.921351334638,2554.400670149737,44.52068118490115,64.42632626983973,0.00306989718036023,13.099853515625,-11.769775390625,3.610107421875,0.07000469869611181
2017-11-15,2569.449951171875,2572.840087890625,2557.449951171875,2564.6201171875,3586590000,-0.005525675723266343,-0.005540998742123611,2576.8290161132813,2542.585419921875,2573.4848064732937,2598.646251675814,2555.011780550749,43.63447112506492,52.44565678745452,0.00333952152653791,15.39013671875,-29.759765625,-14.739990234375,-0.015641210018717877
2017-11-16,2572.949951171875,2590.090087890625,2572.949951171875,2585.639892578125,3329730000,0.008196058063241196,0.008162652782972403,2578.006005859375,2544.9962158203125,2574.642433721373,2599.0019719078887,2557.010039810861,41.99193209702753,52.63757137140184,0.0038027225890434817,17.14013671875,1.019775390625,5.789794921875,-0.07161677247747866
2017-11-17,2582.93994140625,2583.9599609375,2577.6201171875,2578.85009765625,3309800000,-0.0026259630899742037,-0.002629416978897395,2578.1880126953124,2547.344619140625,2575.043163619933,2599.1449982055574,2557.2310271850674,41.91397102048995,53.53373804078029,0.003696787594890041,6.33984375,-3.449951171875,-8.989990234375,-0.005985470293387141
2017-11-20,2579.489990234375,2584.639892578125,2578.239990234375,2582.139892578125,3023940000,0.0012756828808564435,0.0012748698887901106,2579.046008300781,2549.22521484375,2575.719042568332,2599.1123168438626,2558.9796997576996,40.13261708616301,53.99811586307092,0.0035785820097588524,6.39990234375,-2.7001953125,-8.989990234375,-0.0863677563599009
2017-11-21,2589.169921875,2601.18994140625,2589.169921875,2599.030029296875,3351230000,0.006541139295859866,0.006519838879752696,2580.541015625,2551.2762158203127,2577.939136542479,2601.9097095021743,2559.1723217478257,42.737387754348674,59.95148269285877,0.003831535674062256,12.02001953125,20.159912109375,8.39013671875,0.10823296758533574
2017-11-22,2600.31005859375,2600.93994140625,2595.22998046875,2597.080078125,2764110000,-0.0007502611166068096,-0.0007505427033295442,2582.5375244140623,2553.2504150390623,2579.762083359862,2602.0884058400097,2562.986642988115,39.10176285189482,58.5901593051336,0.0036447707817483846,5.7099609375,32.4599609375,2.7001953125,-0.1751953760261158
2017-11-24,2600.419921875,2604.2099609375,2600.419921875,2602.419921875,1385890000,0.0020560951489239088,0.002053984278231966,2584.638525390625,2555.3864111328126,2581.919972742256,2603.1776839323707,2566.0993668488795,37.07831708349113,57.466200250544475,0.0036545373602445545,3.7900390625,16.780029296875,17.7998046875,-0.4986125733056933
2017-11-27,2602.659912109375,2606.409912109375,2598.8701171875,2601.419921875,3017720000,-0.0003842577408796899,-0.00038433158680325395,2585.6560180664064,2557.4102099609377,2583.7771107548983,2605.5544573217717,2565.757578811041,39.796878510730494,55.39598002816541,0.0032365885207917794,7.539794921875,22.56982421875,19.119873046875,1.1774599715706153
2017-11-28,2605.93994140625,2627.68994140625,2605.43994140625,2627.0400390625,3493340000,0.00984851271879017,0.009800332196793644,2588.3665161132812,2559.8736083984377,2587.8973896413368,2614.6521892892065,2562.080842937356,52.57134635185048,65.10639677557282,0.0037483992551959264,22.25,44.900146484375,42.199951171875,0.1576090558434844
2017-11-29,2627.820068359375,2634.889892578125,2620.320068359375,2626.070068359375,4090630000,-0.000369225702197995,-0.0003692938827907781,2590.907019042969,2562.26201171875,2591.5328828525785,2621.3515956357764,2560.4624424501612,60.889153185615214,63.461215380690554,0.003761827601587838,14.56982421875,27.0400390625,47.199951171875,0.17097963553504658
2017-11-30,2633.929931640625,2657.739990234375,2633.929931640625,2647.580078125,4965700000,0.008190950433802913,0.008157586662811174,2594.318017578125,2565.0488134765624,2596.8707109737616,2633.381931188599,2555.2541039676507,78.12782722094835,74.31647512757749,0.0040927899911407046,23.81005859375,50.5,82.9599609375,0.2139205941383111
2017-12-01,2645.10009765625,2650.6201171875,2605.52001953125,2642.219970703125,3950930000,-0.002024530803113933,-0.0020265829358053324,2597.4365112304686,2567.8812109375,2601.189688090844,2641.300477377785,2553.5725450831524,87.72793229463241,72.61137459970003,0.004154293218164951,45.10009765625,39.800048828125,56.580078125,-0.20435588134603377
2017-12-04,2657.18994140625,2665.18994140625,2639.030029296875,2639.43994140625,4025840000,-0.0010521566439205543,-0.0010527105492864532,2600.01650390625,2570.6256103515625,2604.8325693589777,2647.430237894341,2552.6027699181586,94.82746797618256,70.5665430080136,0.004158344438793737,26.159912109375,38.02001953125,60.58984375,0.018960092940143225
2017-12-05,2639.780029296875,2648.719970703125,2627.72998046875,2629.570068359375,3547570000,-0.0037393815604747083,-0.003746390525955308,2601.938513183594,2573.2838134765625,2607.18852164473,2650.925845713698,2552.9511806534897,97.97466506020828,68.55246348327154,0.00428974188244843,20.989990234375,2.530029296875,47.43017578125,-0.11880005166623608
2017-12-06,2626.239990234375,2634.409912109375,2624.75,2629.27001953125,3253080000,-0.00011410565998426492,-0.00011411217053034995,2603.87001953125,2575.932412109375,2609.291521443446,2654.0142160914993,2553.7258229710005,100.28839312049877,76.34696817740421,0.004288914785698944,9.659912109375,3.199951171875,30.239990234375,-0.08301175170609743
2017-12-07,2628.3798828125,2640.989990234375,2626.530029296875,2636.97998046875,3297060000,0.0029323579853828274,0.002928067010109385,2606.0000244140624,2578.5312109375,2611.928517541094,2658.030502392228,2553.969546435897,104.06095595633087,73.4687591374473,0.004314446675734077,14.4599609375,-10.60009765625,39.89990234375,0.01351949537054109
2017-12-08,2646.2099609375,2651.64990234375,2644.10009765625,2651.5,3126750000,0.005506306319651655,0.005491202035518141,2609.3440185546874,2581.360009765625,2615.697230156228,2664.1135105284934,2554.5745265808814,109.538983947612,81.01784098632011,0.004293708523369475,7.5498046875,9.280029296875,49.080078125,-0.051655110916998814
2017-12-11,2652.18994140625,2660.330078125,2651.469970703125,2659.989990234375,3141480000,0.003201957471006933,0.0031968421216958323,2613.228515625,2584.172607421875,2619.915588258909,2670.8669781882286,2555.5900530617714,115.27692512645717,81.82489590444368,0.004281770611633866,8.860107421875,20.550048828125,58.570068359375,0.004710961861357665
2017-12-12,2661.72998046875,2669.719970703125,2659.780029296875,2664.110107421875,3568910000,0.001548922064604108,0.001547723722089516,2617.1920166015625,2586.8724072265627,2624.124590083953,2677.453308177377,2556.930725025748,120.52258315162908,79.70606852160579,0.00428010451550685,9.93994140625,34.5400390625,37.070068359375,0.1360600735958848
2017-12-13,2667.590087890625,2671.8798828125,2662.85009765625,2662.85009765625,3568360000,-0.0004729570906678582,-0.000473068970150185,2621.391015625,2589.4378076171874,2627.812733662267,2682.1107705500463,2560.6712606999536,121.43950985009269,80.21128182124033,0.004212783725260364,9.02978515625,33.580078125,36.780029296875,-0.0001541086774393685
2017-12-14,2665.8701171875,2668.090087890625,2652.010009765625,2652.010009765625,3442760000,-0.004070859227173984,-0.004079167730762682,2625.7605102539064,2591.7232080078124,2630.117236148301,2681.6654281390583,2569.8555923687545,111.80983577030383,71.6834016896573,0.004093937204280556,16.080078125,15.030029296875,4.429931640625,-0.035198242329809726
2017-12-15,2660.6298828125,2679.6298828125,2659.139892578125,2675.81005859375,5736910000,0.008974343513216354,0.008934313410142761,2630.2690185546876,2594.1980078125,2634.468933524058,2687.0867690097284,2573.4512680996468,113.63550091008165,77.11991427065978,0.004162216799568473,20.489990234375,24.31005859375,33.590087890625,0.6663694245314806
2017-12-18,2685.919921875,2694.969970703125,2685.919921875,2690.159912109375,3727770000,0.005362807225250732,0.005348478579597589,2635.834509277344,2597.0146044921876,2639.772836246469,2693.2484991494334,2578.4205194052543,114.82797974417917,75.07142095208542,0.004105776277163675,9.050048828125,30.169921875,50.719970703125,-0.35021291949847566
2017-12-19,2692.7099609375,2694.43994140625,2680.739990234375,2681.469970703125,3407680000,-0.0032302694598687065,-0.0032354980431185012,2640.8010131835936,2599.749404296875,2643.743991909008,2695.7917298411994,2585.8102965259877,109.98143331521169,70.73348123078947,0.004274868719356218,13.699951171875,17.35986328125,51.89990234375,-0.08586634905050472
2017-12-20,2688.179931640625,2691.010009765625,2676.110107421875,2679.25,3246230000,-0.0008278931807477186,-0.0008282360735725663,2644.81201171875,2602.3216064453127,2647.125516489102,2698.6649247911464,2590.9590986463536,107.70582614479281,63.85264003212206,0.004169871692514688,14.89990234375,16.39990234375,49.97998046875,-0.04737827495539493
2017-12-21,2683.02001953125,2692.639892578125,2682.39990234375,2684.570068359375,3293130000,0.0019856558213586784,0.0019836870126583982,2649.1865112304686,2604.9082080078124,2650.691664286271,2700.884597999507,2597.48842446143,103.39617353807716,68.53071253071253,0.004135890862755326,10.239990234375,32.56005859375,47.590087890625,0.014447528363671136
2017-12-22,2684.219970703125,2685.35009765625,2678.1298828125,2683.340087890625,2401030000,-0.0004581666477052604,-0.00045827163811375547,2653.23251953125,2607.5564111328126,2653.8010379628763,2702.1088125454326,2604.3562265170676,97.75258602836493,69.47310055642072,0.004161544985084413,7.22021484375,7.530029296875,31.840087890625,-0.2708972922417274
2017-12-26,2679.090087890625,2682.739990234375,2677.9599609375,2680.5,1970660000,-0.0010584151831672939,-0.0010589757000585695,2657.1865234375,2610.1030126953124,2656.343796252126,2700.9406796112175,2613.4323672637825,87.5083123474351,74.09397399441451,0.00418064138734307,4.780029296875,-9.659912109375,20.510009765625,-0.17924390782289268
2017-12-27,2682.10009765625,2685.639892578125,2678.909912109375,2682.6201171875,2202900000,0.0007909409391904099,0.0007906283102422613,2659.96552734375,2612.6026171875,2658.846303007876,2702.7061755259165,2617.224879161584,85.4812963643326,74.81163224801413,0.003691397134998485,6.72998046875,1.150146484375,18.510009765625,0.11784884251976502
2017-12-28,2686.10009765625,2687.659912109375,2682.68994140625,2687.5400390625,2174890000,0.0018339987251561052,0.0018323190029195554,2663.039025878906,2615.1662158203126,2661.579039774983,2704.3329606323546,2621.7450911254577,82.58786950689682,74.14054376664009,0.0036795507415939037,4.969970703125,8.2900390625,24.68994140625,-0.012715057424304343
2017-12-29,2689.14990234375,2692.1201171875,2673.610107421875,2673.610107421875,2447760000,-0.005183153157965359,-0.005196632292748298,2664.34052734375,2617.4132177734373,2662.7248557413536,2705.2217121894005,2623.4593424981,81.76236969130059,60.616575658180096,0.003548217536531703,18.510009765625,-10.9599609375,21.60009765625,0.1254638165608375
2018-01-02,2683.72998046875,2695.889892578125,2682.360107421875,2695.81005859375,3397430000,0.008303361477520088,0.008269078218398127,2667.0200317382814,2620.0874169921876,2665.875827441582,2708.8113832694867,2625.228680207076,83.58270306241047,65.1985920074253,0.0038966296707797898,13.52978515625,12.469970703125,20.0,0.38797512828055036
2018-01-03,2697.85009765625,2714.3701171875,2697.77001953125,2713.06005859375,3544030000,0.006398818768781567,0.006378433243936035,2670.701037597656,2622.8444189453126,2670.369563741788,2715.1484817979745,2626.2535933973377,88.89488840063677,68.68747122301488,0.004042386944190296,16.60009765625,32.56005859375,22.900146484375,0.04315026358158969
2018-01-04,2719.31005859375,2729.2900390625,2719.070068359375,2723.989990234375,3697340000,0.004028636080503967,0.004020542855326989,2675.4220336914063,2626.024619140625,2675.4762710267964,2721.502472322385,2629.3415950604276,92.16087726195747,71.7363265348635,0.0038946764754977086,10.219970703125,41.369873046875,42.52001953125,0.04325866316030047
2018-01-05,2731.330078125,2743.449951171875,2727.919921875,2743.14990234375,3239280000,0.007033767443369587,0.007009145888585348,2681.1160278320312,2629.50501953125,2681.9213787712683,2731.1577090097558,2631.0743466543067,100.08336235544903,80.59212736769818,0.004037762585640545,15.530029296875,55.60986328125,63.89990234375,-0.12388906619353368
2018-01-08,2742.669921875,2748.510009765625,2737.60009765625,2747.7099609375,3246160000,0.0016623439316436617,0.001660963767296979,2686.6525268554688,2633.316220703125,2688.186958025195,2740.4914907005136,2632.813563010424,107.67792769008975,77.71355762498777,0.004034465363684734,10.909912109375,74.099853515625,63.139892578125,0.0021239287742955693
2018-01-09,2751.14990234375,2759.139892578125,2747.860107421875,2751.2900390625,3467460000,0.0013029315960912946,0.0013020835172984225,2691.6420288085938,2637.1340234375,2694.196775266843,2750.0650179350787,2633.219039682109,116.84597825296987,75.69573436175519,0.0039545358180032375,11.27978515625,55.47998046875,67.949951171875,0.06817285654434779
2018-01-10,2745.550048828125,2750.800048828125,2736.06005859375,2748.22998046875,3579900000,-0.0011122268282528491,-0.0011128458115206878,2696.0540283203127,2640.4772216796873,2699.3427948098815,2757.6536640183276,2634.4543926222977,123.19927139602987,79.4563931756144,0.003994732044535642,14.739990234375,35.169921875,67.72998046875,0.032427194545863625
2018-01-11,2752.969970703125,2767.56005859375,2752.780029296875,2767.56005859375,3645690000,0.007033646478779465,0.007009025768882019,2701.226525878906,2644.3718212890626,2705.839677075012,2768.631898887195,2633.8211528706174,134.81074601657747,83.8533847956544,0.004172415125300463,14.780029296875,43.570068359375,84.93994140625,0.01837760831308133
2018-01-12,2770.179931640625,2787.85009765625,2769.639892578125,2786.239990234375,3587220000,0.006749602987881076,0.006726926399094035,2707.3960205078124,2648.5914208984377,2713.496849756856,2782.193763329658,2632.598277685967,149.59548564369106,85.35360395542003,0.0042663717596651786,18.210205078125,43.090087890625,98.699951171875,-0.01603811624136997
2018-01-16,2798.9599609375,2807.5400390625,2768.639892578125,2776.419921875,4362880000,-0.003524487622672101,-0.0035307132616026696,2713.6165161132812,2652.5326171875,2719.4895232919175,2789.701833233174,2637.5311989933884,152.1706342397856,80.54198596809415,0.0042251424603076205,38.900146484375,28.7099609375,102.809814453125,0.2162287230780382
2018-01-17,2784.989990234375,2807.0400390625,2778.3798828125,2802.56005859375,3790340000,0.009415051560751175,0.009371006206502086,2719.9540161132813,2656.98681640625,2727.401002844473,2803.5268408700404,2636.3811913565223,167.14564951351804,84.73928064192467,0.004262746916511193,28.66015625,51.27001953125,106.75,-0.1312298298371718
2018-01-18,2802.39990234375,2805.830078125,2792.56005859375,2798.030029296875,3703300000,-0.0016163897301626484,-0.0016176974974736241,2725.347521972656,2661.190615234375,2734.127576792321,2814.5573373658426,2636.1377065794695,178.4196307863731,82.40211554622137,0.004286606351117862,13.27001953125,49.800048828125,84.969970703125,-0.02296363914582855
2018-01-19,2802.60009765625,2810.330078125,2798.080078125,2810.300048828125,3724230000,0.004385235112838837,0.004375647986990156,2731.789025878906,2665.5740185546874,2741.3820979385882,2826.116775754757,2637.4612760030554,188.65549975170143,83.099624389287,0.004135331449594797,12.25,42.739990234375,86.31005859375,0.005651716037047949
2018-01-22,2809.159912109375,2833.030029296875,2808.1201171875,2832.969970703125,3489480000,0.008066726499347698,0.00803436438221324,2739.4750244140623,2670.4206201171874,2750.1047524875917,2840.5845885091453,2638.3654603189793,202.21912819016597,91.03401972938109,0.004251421920320964,24.909912109375,46.72998046875,89.820068359375,-0.06303316390233682
2018-01-23,2835.050048828125,2842.239990234375,2830.590087890625,2839.1298828125,3541140000,0.0021743654797181655,0.002172004968222319,2747.203015136719,2675.3156201171873,2758.583336328059,2854.1038876263597,2640.302142647078,213.80174497928147,90.22670770850065,0.004249724110505515,11.64990234375,62.7099609375,91.419921875,0.01480449809140616
2018-01-24,2845.419921875,2852.969970703125,2824.81005859375,2837.5400390625,4079270000,-0.0005599757022828333,-0.0005601325472320471,2754.9130126953123,2680.3740185546876,2766.103022302768,2864.6259939631623,2645.2000314274624,219.4259625356999,88.30625167163022,0.004253905454647187,28.159912109375,34.97998046875,86.25,0.15196518635241762
2018-01-25,2846.239990234375,2848.56005859375,2830.93994140625,2839.25,3873100000,0.0006026209018938911,0.0006024393988328895,2762.8505126953123,2685.513017578125,2773.0694011310757,2872.8656404330504,2652.835384957574,220.03025547547622,87.60276733046278,0.004190220127601288,17.6201171875,41.219970703125,91.02001953125,-0.05054090560320845
2018-01-26,2847.47998046875,2872.8701171875,2846.179931640625,2872.8701171875,3474680000,0.011841196508761032,0.011771638106084168,2772.3630126953126,2691.2736181640626,2782.5742312316875,2886.0092351830644,2658.7167902075607,227.2924449755037,88.67161002762809,0.00460679753521538,26.690185546875,62.570068359375,105.31005859375,-0.10286850326611763
2018-01-29,2867.22998046875,2870.6201171875,2851.47998046875,2853.530029296875,3587420000,-0.006731974332887192,-0.006754736284863033,2780.6625122070313,2696.76681640625,2789.331926285515,2892.4555233269057,2668.869501087157,223.58602223974867,78.99176076658716,0.0051323587067206074,19.14013671875,20.56005859375,67.2900390625,0.03244615331483769
2018-01-30,2832.739990234375,2837.75,2818.27001953125,2822.429931640625,4012070000,-0.010898815620283941,-0.010958642805337085,2788.1035034179686,2701.9230126953125,2792.4841172717156,2889.193250198021,2687.0137566379162,202.17949356010467,66.93643540255485,0.005736379890676709,19.47998046875,-16.699951171875,46.010009765625,0.1183719776329506
2018-01-31,2832.409912109375,2839.260009765625,2813.0400390625,2823.81005859375,4276270000,0.0004889853730833948,0.0004888658586947881,2794.5035034179687,2706.686416015625,2795.4675402547664,2886.8171317888787,2702.1898750470586,184.62725674182002,68.13860940609027,0.005601155845215414,26.219970703125,-13.72998046875,21.25,0.06585129372119636
2018-02-01,2816.449951171875,2835.9599609375,2812.699951171875,2821.97998046875,3977380000,-0.0006480882520516484,-0.0006482983520233253,2799.949499511719,2711.549013671875,2797.99253456086,2884.5629525126087,2715.336046510829,169.22690600177975,64.25797191185163,0.005553640181171718,23.260009765625,-17.27001953125,23.949951171875,-0.06989502533750203
2018-02-02,2808.919921875,2808.919921875,2759.969970703125,2762.1298828125,4340220000,-0.02120854792396809,-0.021436680516698812,2801.856494140625,2715.1488134765623,2794.577043918159,2880.7902662787956,2722.922722002454,157.8675442763415,44.80409127499829,0.007566952481412203,48.949951171875,-110.740234375,-48.170166015625,0.09122588236477269
2018-02-05,2741.06005859375,2763.389892578125,2638.169921875,2648.93994140625,5310840000,-0.04097922480422822,-0.041842540938381426,2797.14599609375,2716.14701171875,2780.7068436789295,2898.804142702429,2695.487849485071,203.31629321735818,30.994716528428683,0.011858562672356143,125.219970703125,-204.590087890625,-184.030029296875,0.22363382501347862
2018-02-06,2614.780029296875,2701.0400390625,2593.070068359375,2695.139892578125,5917350000,0.017440920592313836,0.017290573348937088,2794.5174926757813,2718.1082080078127,2772.5576102407576,2903.976874370483,2685.0581109810796,218.91876338940347,34.889136008868846,0.012594499681452657,107.969970703125,-127.2900390625,-143.989990234375,0.11420227308674336
2018-02-07,2690.949951171875,2727.669921875,2681.330078125,2681.659912109375,4646300000,-0.005001588416939429,-0.005014138223752627,2791.035986328125,2719.6930078125,2763.9006866091972,2910.2767822091573,2671.795190447093,238.48159176206445,34.03220813886645,0.012615632474009231,46.33984375,-142.150146484375,-155.880126953125,-0.21480054416250516
2018-02-08,2685.010009765625,2685.27001953125,2580.56005859375,2581.0,5333840000,-0.03753641975808808,-0.0382590522458017,2782.6744873046873,2719.284609375,2746.4815735987977,2933.7560012095228,2631.592973399852,302.1630278096709,24.67864813028453,0.015004593811566951,104.7099609375,-240.97998046875,-258.25,0.1479758087080043
2018-02-09,2601.780029296875,2638.669921875,2532.68994140625,2619.550048828125,5690110000,0.014936090208494734,0.014825645199524345,2775.2739868164062,2719.1348095703124,2734.3928569539717,2943.0504681877674,2607.497505445045,335.55296274272223,27.230844245146983,0.01538270815572072,105.97998046875,-142.579833984375,-253.320068359375,0.0667942795434433
2018-02-12,2636.75,2672.610107421875,2622.449951171875,2656.0,4069220000,0.013914584754042503,0.013818665678186272,2768.7619873046874,2719.733408203125,2726.926870577403,2944.659929920787,2592.864044688588,351.795885232199,31.64848069677545,0.015692957451375972,50.16015625,7.06005859375,-197.530029296875,-0.28486092535996665
2018-02-13,2646.27001953125,2668.840087890625,2637.080078125,2662.93994140625,3503540000,0.0026129297463290957,0.0026095219802775584,2763.08798828125,2720.04060546875,2720.8328773230073,2945.158642968482,2581.017333594018,364.1413093744641,32.68887604363643,0.015727146517526196,31.760009765625,-32.199951171875,-159.489990234375,-0.13901435655973382
2018-02-14,2651.2099609375,2702.10009765625,2648.8701171875,2698.6298828125,4011940000,0.013402458257245842,0.013313439808897013,2757.8914794921875,2721.1688037109375,2718.7183064172445,2941.1473630743903,2574.6355959099847,366.5117671644057,36.9380205697035,0.015903291230778407,53.22998046875,16.969970703125,-125.18017578125,0.1451103740787889
2018-02-15,2713.4599609375,2731.510009765625,2689.820068359375,2731.199951171875,3696140000,0.012069112762299383,0.01199686177677526,2754.5499755859373,2723.00400390625,2719.9070344891143,2937.160251515817,2571.9396996560577,365.2205518597593,36.81476213306552,0.016201681387779394,41.68994140625,150.199951171875,-90.780029296875,-0.07871503561867821
2018-02-16,2727.139892578125,2754.419921875,2725.110107421875,2732.219970703125,3646920000,0.0003734693722488025,0.0003733996499216942,2750.6459716796876,2725.057001953125,2721.079695080925,2931.568560347469,2569.723383011906,361.84517733556277,38.31107301209717,0.016155205097565406,29.309814453125,112.669921875,-29.909912109375,-0.013316595150616561
2018-02-20,2722.989990234375,2737.60009765625,2706.760009765625,2716.260009765625,3646920000,-0.005841389459353419,-0.005858517106837343,2744.8104736328123,2726.7968017578123,2720.620677431849,2922.044046840086,2567.5769004255385,354.46714641454764,39.46246126617564,0.01603046164493285,30.840087890625,60.260009765625,67.320068359375,0.0
2018-02-21,2720.530029296875,2747.75,2701.2900390625,2701.330078125,3789040000,-0.0054965031281792864,-0.005511664483310908,2737.9204833984377,2728.0838037109374,2718.7834774978633,2910.3646571432673,2565.476309653608,344.8883474896593,38.162063897926416,0.016017658248631585,46.4599609375,38.39013671875,6.190185546875,0.03896987046603706
2018-02-22,2710.419921875,2731.260009765625,2697.77001953125,2703.9599609375,3720620000,0.0009735510790762625,0.0009730774855778604,2731.2414794921874,2729.1330029296873,2717.3717140159238,2897.6827423288,2564.800216655575,332.88252567322525,38.61073650303597,0.016030398952842757,33.489990234375,5.330078125,22.300048828125,-0.018057344340518977
2018-02-23,2715.800048828125,2747.760009765625,2713.739990234375,2747.300048828125,3200360000,0.01602837635051313,0.015901278245121022,2726.6439819335938,2730.8792041015627,2720.2220316170856,2885.426914763208,2567.8610491039794,317.5658656592286,48.52177535891536,0.016539622605236826,34.02001953125,16.10009765625,166.300048828125,-0.1398315334541017
2018-02-26,2757.3701171875,2780.639892578125,2753.780029296875,2779.60009765625,3436590000,0.011757015343810906,0.011688438620627399,2721.9804809570314,2733.18900390625,2725.8770855255775,2867.6147717313397,2576.346190182723,291.26858154861657,65.52817089390624,0.016536055635579153,26.85986328125,47.380126953125,160.050048828125,0.07381357097326546
2018-02-27,2780.449951171875,2789.14990234375,2744.219970703125,2744.280029296875,3752070000,-0.012706888443829278,-0.012788311441467541,2716.5179809570313,2734.8176025390626,2727.6297468371295,2848.976200504566,2584.059761409497,264.9164390950691,55.995041412899475,0.016688494662351883,44.929931640625,28.02001953125,88.280029296875,0.09180030204359557
2018-02-28,2753.780029296875,2761.52001953125,2713.5400390625,2713.830078125,4244570000,-0.011095788639207016,-0.011157806083656078,2711.08798828125,2736.05400390625,2726.3154926740694,2833.8112900294796,2588.3646865330206,245.44660349645892,53.76867692895546,0.016694194115322872,47.97998046875,12.5,50.89013671875,0.1312608773290478
2018-03-01,2715.219970703125,2730.889892578125,2659.64990234375,2677.669921875,4514490000,-0.013324399541987275,-0.013413965854876449,2703.7809814453126,2736.091201171875,2721.682581169396,2815.1196745925363,2592.442288298089,222.6773862944474,63.34077257614779,0.016878114138634062,71.239990234375,-26.2900390625,-20.9599609375,0.06359183615772612
2018-03-02,2658.889892578125,2696.25,2647.320068359375,2691.25,3891250000,0.005071602744632031,0.005058785485198549,2697.244482421875,2736.1130029296874,2718.784240105644,2793.7234984626125,2600.7654663811377,192.9580320814748,60.62725032477049,0.01695969957979365,48.929931640625,-56.050048828125,-39.949951171875,-0.13805324632461258
2018-03-05,2681.06005859375,2728.090087890625,2675.75,2720.93994140625,3733640000,0.011032026532745043,0.01097161761052657,2695.1849853515623,2736.90240234375,2718.989544991416,2787.5007838237207,2602.869186879404,184.6315969443167,59.822119616913916,0.01658908078054942,52.340087890625,-58.66015625,-11.280029296875,-0.04050369418567301
2018-03-06,2730.179931640625,2732.080078125,2711.260009765625,2728.1201171875,3389030000,0.002638858606169414,0.0026353829319968104,2699.143994140625,2737.8798046875,2719.859123295805,2789.887270398524,2608.4007178827264,181.48655251579748,59.851295902703974,0.013601954428423144,20.820068359375,-16.159912109375,11.860107421875,-0.0922986683236734
2018-03-07,2710.179931640625,2730.60009765625,2701.739990234375,2726.800048828125,3406690000,-0.00048387472056610203,-0.000483991825716375,2700.727001953125,2738.724404296875,2720.5201638226927,2792.277197147316,2609.176806758934,183.10039038838204,54.7512437606083,0.01308121406094243,28.860107421875,12.969970703125,25.469970703125,0.005210930561251992
2018-03-08,2732.75,2740.449951171875,2722.64990234375,2738.969970703125,3206040000,0.004463078207817217,0.004453148208884627,2703.5925048828126,2739.837001953125,2722.2772882874956,2796.211225558781,2610.9737842068444,185.23744135193647,51.407355784282686,0.013036505954465722,17.800048828125,61.300048828125,35.010009765625,-0.05889881380460216
2018-03-09,2752.909912109375,2786.570068359375,2751.5400390625,2786.570068359375,3376870000,0.01737883151892694,0.017229546741207587,2713.8710083007813,2741.9584033203123,2728.400410199103,2793.9893173721375,2633.752699229425,160.23661814271236,58.42296673310662,0.00985733957391625,35.030029296875,95.320068359375,39.27001953125,0.05328380182405712
2018-03-12,2790.5400390625,2796.97998046875,2779.260009765625,2783.02001953125,3216960000,-0.001273985129042532,-0.001274797337998416,2722.0445068359377,2743.9664013671877,2733.602277754546,2794.6487000922198,2649.4403135796556,145.20838651256418,60.76009138536339,0.00956289711705331,17.719970703125,62.080078125,3.419921875,-0.04735450283842735
2018-03-13,2792.31005859375,2801.89990234375,2758.679931640625,2765.31005859375,3324290000,-0.006363576551088879,-0.006383910414314703,2727.510009765625,2745.5218017578127,2736.6220664058987,2795.4908101706255,2659.5292093606245,135.96160081000107,60.220428220428225,0.009427135810176443,43.219970703125,37.18994140625,21.030029296875,0.03336379687655433
2018-03-14,2774.06005859375,2777.110107421875,2744.3798828125,2749.47998046875,3394630000,-0.005724521948562322,-0.005740969825188786,2731.83701171875,2747.03919921875,2737.8466296499796,2793.2082303790885,2670.4657930584117,122.7424373206768,56.977302902887324,0.009584463097850946,32.730224609375,22.679931640625,35.64990234375,0.0211594054670321
2018-03-15,2754.27001953125,2763.030029296875,2741.469970703125,2747.330078125,3543710000,-0.000781930531963182,-0.0007822363990965508,2734.272021484375,2748.069599609375,2738.749815219029,2793.936455083966,2674.6075878847837,119.32886719918224,50.00526810364544,0.009185048108170899,21.56005859375,8.360107421875,69.66015625,0.04391642093541859
2018-03-16,2750.570068359375,2761.85009765625,2749.969970703125,2752.010009765625,5429140000,0.001703447167811456,0.0017019979472317418,2735.3125244140624,2748.8485986328124,2740.0126908901334,2795.4751246342153,2675.1499241939096,120.32520044030571,44.64041977821642,0.008808427692716458,11.880126953125,-34.56005859375,60.760009765625,0.5320497444768335
2018-03-19,2741.3798828125,2741.3798828125,2694.590087890625,2712.919921875,3327460000,-0.014204195388793028,-0.014306040541373417,2734.347521972656,2748.627197265625,2737.4324271744063,2795.3325035159423,2673.36254042937,121.96996308657253,43.99600640545642,0.009395724796452253,46.789794921875,-70.10009765625,-8.02001953125,-0.3871110341601064
2018-03-20,2715.050048828125,2724.219970703125,2710.050048828125,2716.93994140625,3272590000,0.0014818054520648882,0.0014807086617189258,2734.3815185546873,2748.102998046875,2735.4807618631535,2795.3247890241655,2673.438248085209,121.88654093895639,50.66243281023781,0.009311235130702167,14.169921875,-48.3701171875,-11.18017578125,-0.01649005547775184
2018-03-21,2714.989990234375,2739.139892578125,2709.7900390625,2711.929931640625,3434780000,-0.0018439898833508828,-0.0018456921256294063,2734.911511230469,2747.3873974609373,2733.237825651484,2794.82012359693,2675.002898864008,119.81722473292211,58.41437163089948,0.009232131287821004,29.349853515625,-37.550048828125,-14.8701171875,0.04956013432785644
2018-03-22,2691.360107421875,2695.679931640625,2641.590087890625,2643.68994140625,3765460000,-0.025162888405856454,-0.025484886972854417,2731.8980102539062,2745.2353955078124,2724.7094557233663,2803.319223809599,2660.4767966982135,142.8424271113854,40.79150878466786,0.010833259740374673,54.08984375,-103.64013671875,-95.280029296875,0.09627399717012453
2018-03-23,2646.7099609375,2657.669921875,2585.889892578125,2588.260009765625,3829380000,-0.02096688071186603,-0.02118980731175066,2723.946008300781,2742.03599609375,2711.7142703940576,2819.4884122051553,2628.403604396407,191.08480780874834,26.639230456428606,0.010918089930269832,71.780029296875,-163.75,-198.31005859375,0.016975349625278247
2018-03-26,2619.35009765625,2661.360107421875,2601.81005859375,2658.550048828125,3538080000,0.02715725576151251,0.026795040706035392,2717.893505859375,2739.8557958984375,2706.651011197302,2813.9266855646747,2621.8603261540757,192.06635941059903,39.97809635213525,0.012444121129621196,59.550048828125,-54.369873046875,-124.469970703125,-0.07606975541732608
2018-03-27,2667.570068359375,2674.780029296875,2596.1201171875,2612.6201171875,3761320000,-0.017276308813847896,-0.0174272856453219,2711.310510253906,2736.3833984375,2697.695687958273,2817.2656012778452,2605.355419229967,211.91018204787815,35.42507711591165,0.012687701172208186,78.659912109375,-104.31982421875,-152.68994140625,0.06309636865192414
2018-03-28,2611.300048828125,2632.64990234375,2593.06005859375,2605.0,3875720000,-0.00291665716625622,-0.0029209188994626773,2705.869006347656,2732.955,2688.8675272003425,2821.971649967712,2589.7663627276,232.20528724011183,32.69793103274314,0.012522685702289269,39.58984375,-106.929931640625,-144.47998046875,0.030414854359639643
2018-03-29,2614.409912109375,2659.070068359375,2609.719970703125,2640.8701171875,3572360000,0.013769718690019195,0.013675777493843445,2704.029016113281,2729.721201171875,2684.2963452943573,2823.1407454041523,2584.91728682241,238.2234585817423,30.595081942693113,0.012694045978700986,49.35009765625,-2.81982421875,-106.4599609375,-0.07827190818738194
2018-04-02,2633.449951171875,2638.300048828125,2553.800048828125,2581.8798828125,3635780000,-0.022337423560165104,-0.022590682343495868,2698.560510253906,2725.3981982421874,2674.5423964865613,2829.5889407937752,2567.532079714037,262.05686107973816,26.658314464382457,0.013501646631720127,84.5,-6.380126953125,-170.130126953125,0.017752970025417314
2018-04-03,2592.169921875,2619.139892578125,2575.489990234375,2614.449951171875,3395840000,0.012614865848792123,0.012535961315741067,2693.2360107421873,2721.4811962890626,2668.819306456591,2829.0042939585046,2557.46772752587,271.5365664326346,33.07682490437763,0.01358634062912904,43.64990234375,-44.10009765625,-98.469970703125,-0.06599409205177431
2018-04-04,2584.0400390625,2649.860107421875,2573.610107421875,2644.68994140625,3369230000,0.01156648273982852,0.01150010234644679,2689.064501953125,2717.715595703125,2666.5212716898923,2825.445290235586,2552.6837136706636,272.7615765649225,38.6130056125822,0.013886871467092825,76.25,32.06982421875,-72.25,-0.007836058235959342
2018-04-05,2657.360107421875,2672.080078125,2649.580078125,2662.840087890625,3230430000,0.0068628636575538415,0.006839421401651201,2685.86650390625,2714.1897998046875,2666.1706827566286,2821.519212009197,2550.2137958033027,271.3054162058943,41.127435673004896,0.01401066857321708,22.5,57.840087890625,-49.08984375,-0.041196356437524284
2018-04-06,2645.820068359375,2656.8798828125,2586.27001953125,2604.469970703125,3312390000,-0.021920248779842444,-0.022164067057064987,2679.14150390625,2709.5283984375,2660.294424465819,2817.0268694943975,2541.2561383181023,275.77073117629516,36.07642066478476,0.014685821911608105,70.60986328125,-36.400146484375,-39.219970703125,0.02537123540828934
2018-04-09,2617.179931640625,2653.550048828125,2610.7900390625,2613.159912109375,3076140000,0.0033365488963206236,0.0033309949675928295,2670.47099609375,2705.0065966796874,2655.8054232890145,2801.5538518414337,2539.388140346066,262.16571149536776,40.01242650786286,0.014009972382718668,42.760009765625,31.280029296875,24.89990234375,-0.07132312318295853
2018-04-10,2638.409912109375,2665.449951171875,2635.780029296875,2656.8701171875,3579130000,0.0167269537832615,0.01658859899631407,2664.1635009765623,2700.6865966796877,2655.906822707918,2784.1107770469207,2544.216224906204,239.89455214071677,44.428805750208994,0.014695832944804666,29.669921875,42.420166015625,-1.679931640625,0.16351336415117657
2018-04-11,2643.889892578125,2661.429931640625,2639.25,2642.18994140625,3054520000,-0.005525364482924067,-0.005540685772461173,2658.0074951171873,2696.459794921875,2654.60045306014,2768.350683172873,2547.664307061502,220.68637611137092,43.64591799918765,0.014684566766788231,22.179931640625,-2.5,29.56982421875,-0.14657472626029233
2018-04-12,2653.830078125,2674.719970703125,2653.830078125,2663.989990234375,3045330000,0.008250750063987677,0.008216898697657044,2653.7329956054687,2693.29099609375,2655.494694695781,2755.4419081309593,2552.024083079978,203.41782505098126,52.02054443331491,0.014838325324604818,20.889892578125,1.14990234375,58.989990234375,-0.0030086560245145
2018-04-13,2676.89990234375,2680.260009765625,2645.050048828125,2656.300048828125,2988540000,-0.0028866254882486952,-0.0028907998267066345,2649.181494140625,2689.9407958984375,2655.571395089338,2740.9124408881653,2557.450547393085,183.4618934950804,57.483488592655604,0.014840627468960912,35.2099609375,51.830078125,15.429931640625,-0.018648225315483047
2018-04-16,2670.10009765625,2686.489990234375,2665.159912109375,2677.840087890625,3020740000,0.008109038386684864,0.008076336801563068,2645.472998046875,2687.057998046875,2657.6922229751744,2724.8677397695383,2566.078256324212,158.78948344532637,52.37649230073281,0.014983615301477477,21.330078125,64.68017578125,95.960205078125,0.010774491892362237
2018-04-17,2692.739990234375,2713.340087890625,2692.050048828125,2706.389892578125,3286190000,0.010661504701720004,0.01060507161386675,2645.1464965820314,2685.9431982421875,2662.3300962706935,2723.419153976503,2566.87383918756,156.54531478894296,62.06908470899215,0.014884170288832956,21.2900390625,49.519775390625,91.93994140625,0.08787581850804771
2018-04-18,2710.110107421875,2717.489990234375,2703.6298828125,2708.639892578125,3412030000,0.0008313658006817715,0.0008310204075532664,2644.731494140625,2687.137197265625,2666.7405530618776,2721.474483299484,2567.988504981766,153.48597831771804,63.52645105950174,0.014881438146014043,13.860107421875,66.449951171875,63.949951171875,0.03829358618947776
2018-04-19,2701.159912109375,2702.840087890625,2681.89990234375,2693.1298828125,3375120000,-0.005726124690152989,-0.00574258179583257,2643.7914916992186,2687.0969970703127,2669.253822561937,2717.46811408697,2570.114869311467,147.3532447755033,57.20345998683525,0.0149313394393432,20.940185546875,29.139892578125,30.289794921875,-0.01081760711365376
2018-04-20,2692.56005859375,2693.93994140625,2660.610107421875,2670.139892578125,3428260000,-0.00853653230061302,-0.008573177188352708,2645.1139892578126,2686.8665966796875,2669.3382101825264,2719.726546661882,2570.5014318537433,149.22511480813864,63.50613339470339,0.013897870298946353,33.329833984375,13.83984375,65.669921875,0.01574462537628296
2018-04-23,2675.39990234375,2682.860107421875,2657.989990234375,2670.2900390625,3030390000,5.623169212687351e-05,5.623011118453955e-05,2649.2154907226563,2688.6523974609377,2669.428860552048,2719.5656261665563,2578.8653552787564,140.7002708877999,59.486270433839856,0.01294393283221288,24.8701171875,-7.550048828125,57.130126953125,-0.11605595841622285
2018-04-24,2680.800048828125,2683.550048828125,2617.320068359375,2634.56005859375,3716020000,-0.01338056164164636,-0.013470888006475166,2648.0159912109375,2688.95259765625,2666.1080222703054,2718.513910747123,2577.518071674752,140.99583907237138,48.31061933642991,0.01186715482120411,66.22998046875,-71.829833984375,-22.31005859375,0.22625140658463105
2018-04-25,2634.919921875,2645.300048828125,2612.669921875,2639.39990234375,3563680000,0.001837059563023713,0.0018353742328236348,2649.35498046875,2688.620595703125,2663.5643918011097,2718.0155573359566,2580.6944036015434,137.3211537344132,45.90922066799885,0.011185400292966266,32.630126953125,-69.239990234375,-2.7900390625,-0.04099547365191791
2018-04-26,2651.64990234375,2676.47998046875,2647.159912109375,2666.93994140625,3690920000,0.010434204774367295,0.010380144187376953,2652.4519775390627,2688.700595703125,2663.885872715885,2718.215259753978,2586.6886953241474,131.52656442983061,62.21690658645468,0.011363357808448545,29.320068359375,-26.18994140625,2.949951171875,0.035704664840838785
2018-04-27,2675.469970703125,2677.35009765625,2659.010009765625,2669.909912109375,3234510000,0.0011136248915897262,0.001113005271363815,2653.9039672851563,2688.1261962890626,2664.4595907533603,2719.8725700599475,2587.935364510365,131.93720554958236,61.352261583362306,0.010974456992125587,18.340087890625,-0.22998046875,13.60986328125,-0.1236575162832031
2018-04-30,2682.510009765625,2682.8701171875,2648.0400390625,2648.050048828125,3749510000,-0.008187490964434607,-0.008221192548921247,2657.2124755859377,2686.4631982421874,2662.8967772366714,2713.9652982765588,2600.4596528953166,113.50564538124218,48.06662121359696,0.009812166452681004,34.830078125,-22.239990234375,-29.7900390625,0.15922040741874355
2018-05-01,2642.9599609375,2655.27001953125,2625.409912109375,2654.800048828125,3562820000,0.0025490454770622506,0.0025458021710273926,2659.22998046875,2684.9147998046874,2662.1256602453814,2712.333600100525,2606.126360836975,106.20723926355004,52.863724821609765,0.009453491709195558,29.860107421875,20.239990234375,-51.58984375,-0.04979050595944534
2018-05-02,2654.239990234375,2660.8701171875,2631.699951171875,2635.669921875,4047020000,-0.007205863568357729,-0.007231951201402355,2658.7789794921873,2683.302998046875,2659.606066114869,2712.5515396494525,2605.006419334922,107.54512031453032,43.489632149820565,0.009259085163951516,29.170166015625,-3.72998046875,-72.969970703125,0.1359035819940384
2018-05-03,2628.080078125,2637.139892578125,2594.6201171875,2629.72998046875,3867530000,-0.0022536742393085563,-0.002256217585064076,2657.1234741210938,2681.87099609375,2656.7607246247626,2712.38763754509,2601.8593106970975,110.5283268479925,43.84238738682669,0.00912006791466484,42.519775390625,-37.2099609375,-63.39990234375,-0.04435115220582053
2018-05-04,2621.449951171875,2670.929931640625,2615.320068359375,2663.419921875,3335260000,0.012811178963797909,0.012729810028334959,2660.0709716796873,2681.0601953125,2657.39493388669,2709.4899236164442,2610.6520197429304,98.83790387351382,46.836290556703595,0.008092701138890808,55.60986328125,-6.489990234375,-6.719970703125,-0.13762530607390244
2018-05-07,2680.340087890625,2683.35009765625,2664.699951171875,2672.6298828125,3266810000,0.0034579455015175675,0.003451980554989958,2663.044470214844,2679.5667919921875,2658.845881403434,2707.4844965497323,2618.6044438799554,88.88005266977689,41.906396288722064,0.008094472177720335,18.650146484375,24.579833984375,2.33984375,-0.02052313762645186
2018-05-08,2670.260009765625,2676.340087890625,2655.199951171875,2671.919921875,3745100000,-0.0002656413228280252,-0.0002656766117338216,2663.7969604492187,2677.4131884765625,2660.0910281150113,2708.306396217321,2619.2875246811163,89.01887153620464,41.13128911625998,0.007218567014195088,21.14013671875,17.119873046875,37.35986328125,0.14640888205925662
2018-05-09,2678.1201171875,2701.27001953125,2674.139892578125,2697.7900390625,3913650000,0.009682220255068819,0.009635647934868785,2666.5769653320312,2676.483388671875,2663.6814101100103,2712.3320903773642,2620.8218402866983,91.51025009066598,51.07189225371412,0.007371192296380029,27.130126953125,62.1201171875,58.39013671875,0.045005473819123676
2018-05-10,2705.02001953125,2726.110107421875,2704.5400390625,2723.070068359375,3380640000,0.009370643723504823,0.009327011603848374,2669.530969238281,2676.6681884765626,2669.337472800426,2721.7542347543754,2617.307703722187,104.44653103218843,62.04766117488064,0.007432628146846964,21.570068359375,93.340087890625,56.130126953125,-0.13619255682035947
2018-05-11,2722.699951171875,2732.860107421875,2717.449951171875,2727.719970703125,2874850000,0.0017075955546570487,0.001706139270961256,2673.1019653320313,2677.669189453125,2674.897710695921,2730.9773165349225,2615.22661412914,115.75070240578225,62.80947811966687,0.0073729208243871434,15.41015625,64.300048828125,57.81005859375,-0.14961368261630936
2018-05-14,2738.469970703125,2742.10009765625,2725.469970703125,2730.1298828125,2994360000,0.0008834895573073265,0.0008830995101265589,2675.716455078125,2678.446787109375,2680.1579175641664,2738.967691386751,2612.4652187694987,126.50247261725235,75.03799314332497,0.007199449523164568,16.630126953125,57.5,82.079833984375,0.04157086456684689
2018-05-15,2718.590087890625,2718.590087890625,2701.909912109375,2711.449951171875,3291190000,-0.006842140279927467,-0.006865655043990812,2675.9694580078126,2678.2569873046873,2683.138111241091,2739.7753437527776,2612.1635722628475,127.6117714899301,67.59982299808327,0.007023889074058285,16.68017578125,39.530029296875,56.64990234375,0.09912969716400166
2018-05-16,2712.6201171875,2727.760009765625,2712.169921875,2722.4599609375,3248480000,0.004060561678767671,0.004052339847514407,2676.6604614257812,2678.1437841796874,2686.8830493074156,2742.231021841328,2611.0899010102344,131.14112083109376,64.75343258483824,0.007078084847724839,15.590087890625,24.669921875,86.7900390625,-0.012977069084434523
2018-05-17,2719.7099609375,2731.9599609375,2711.360107421875,2720.1298828125,3478150000,-0.0008558723207806596,-0.0008562387886101002,2678.010461425781,2678.010380859375,2690.049414403138,2746.0731509849393,2609.947771866623,136.12537911831623,63.39057989977619,0.006943129094912517,20.599853515625,-2.940185546875,90.39990234375,0.07070075850859481
2018-05-18,2717.35009765625,2719.5,2709.179931640625,2712.969970703125,3383270000,-0.00263219493841671,-0.0026356652545503154,2680.151965332031,2677.490380859375,2692.2323245269463,2749.84756932833,2610.4563613357323,139.39120799259763,68.78254481755124,0.006657346619395915,10.320068359375,-14.75,49.550048828125,-0.027278869513965742
2018-05-21,2735.389892578125,2739.18994140625,2725.699951171875,2733.010009765625,3053480000,0.007386752997235124,0.007359604547933372,2683.2879638671875,2676.4191796875,2696.1159135972966,2756.662335290358,2609.913592444017,146.74874284634097,71.01177217547809,0.006813225565318986,13.489990234375,2.880126953125,60.380126953125,-0.09747670153431442
2018-05-22,2738.340087890625,2742.239990234375,2721.8798828125,2724.43994140625,3384140000,-0.0031357617896576873,-0.0031406885928751895,2687.7819580078126,2675.247578125,2698.813440055292,2759.583144260452,2615.980771755173,143.60237250527916,75.28342873672557,0.005996824768973591,20.360107421875,12.989990234375,52.52001953125,0.10828955814349528
2018-05-23,2713.97998046875,2733.330078125,2709.5400390625,2733.2900390625,3333160000,0.0032484098921563564,0.0032431452068987514,2692.47646484375,2674.607177734375,2702.0969256750263,2763.228207826864,2621.724721860636,141.50348596622825,79.01492806838019,0.006006870326544355,23.7900390625,10.830078125,35.5,-0.015064388589124511
2018-05-24,2730.93994140625,2731.969970703125,2707.3798828125,2727.760009765625,3285750000,-0.002023213496498033,-0.0020252629577225518,2695.517468261719,2674.1727783203123,2704.5410289217502,2766.8734385709613,2624.1614979524766,142.71194061848473,71.40388123366508,0.005698739911706273,24.590087890625,7.630126953125,4.68994140625,-0.014223739634460997
2018-05-25,2723.60009765625,2727.360107421875,2714.989990234375,2721.330078125,3015260000,-0.0023572204364039617,-0.002360003054185922,2698.0884765625,2673.6527783203123,2706.1399859887265,2769.2647530528247,2626.9122000721754,142.3525529806493,66.50630045577765,0.0057522937040827135,12.3701171875,8.360107421875,-6.389892578125,-0.08232214867229704
2018-05-29,2705.110107421875,2710.669921875,2676.81005859375,2689.860107421875,3743310000,-0.011564187290653005,-0.011631572511792225,2700.1789794921874,2672.4097802734377,2704.589521363312,2767.519831017894,2632.838127966481,134.68170305141302,55.031462474408926,0.006075682614544784,33.85986328125,-43.14990234375,-40.269775390625,0.24145513156411047
2018-05-30,2702.429931640625,2729.340087890625,2702.429931640625,2724.010009765625,3566490000,0.012695791223314323,0.012615875351923801,2703.6394775390627,2672.63158203125,2706.4390916873417,2768.2181501974496,2639.0608048806757,129.1573453167739,57.02722898282927,0.006627871508232827,26.91015625,-0.429931640625,12.56005859375,-0.047236269504796535
2018-05-31,2720.97998046875,2722.5,2700.679931640625,2705.27001953125,4241100000,-0.006879559974886984,-0.006903333243434208,2707.119482421875,2672.39818359375,2706.3277514819997,2763.2209188634642,2651.018045980286,112.20287288317832,45.056085146895484,0.006606175690631935,21.820068359375,-28.02001953125,-17.18994140625,0.18915235988324652
2018-06-01,2718.699951171875,2736.929931640625,2718.699951171875,2734.6201171875,3694310000,0.010849230370481022,0.01079079970923988,2712.3639892578126,2672.8519873046876,2709.0222625015713,2756.2947144420496,2668.4332640735756,87.86145036847392,51.68526462285921,0.0068767944153211025,18.22998046875,6.860107421875,14.490234375,-0.12892645775860034
2018-06-04,2741.669921875,2749.159912109375,2740.5400390625,2746.8701171875,3410090000,0.004479598435997323,0.004469594898352221,2716.5364990234375,2674.9155908203124,2712.6268200907075,2756.5733775497047,2676.4996204971703,80.07375705253435,53.901060263666345,0.00642354581935717,8.619873046875,25.5400390625,33.900146484375,-0.07693452904601938
2018-06-05,2748.4599609375,2752.610107421875,2739.510009765625,2748.800048828125,3523550000,0.0007025929724704394,0.0007023462695756739,2720.345007324219,2678.1263916015623,2716.071889494271,2757.15768045516,2683.5323341932776,73.62534626188244,59.4408994976735,0.006410306408905394,13.10009765625,58.93994140625,15.7900390625,0.03327184913008163
2018-06-06,2753.25,2772.389892578125,2748.4599609375,2772.35009765625,3662780000,0.008567392465728796,0.008530900637311972,2725.3665161132812,2680.402392578125,2721.431718843031,2761.7628745163506,2688.970157710212,72.79271680613874,61.85883374303907,0.006589437778659244,23.929931640625,48.340087890625,47.91015625,0.0395141263782266
2018-06-07,2774.840087890625,2779.89990234375,2760.159912109375,2770.3701171875,3742080000,-0.0007141884679080501,-0.0007144436219845289,2728.9955200195313,2683.557392578125,2726.0925186853615,2768.1813644960525,2689.80967554301,78.3716889530424,61.96196056547619,0.006346063874781067,19.739990234375,65.10009765625,37.080078125,0.02165022196255295
2018-06-08,2765.840087890625,2779.389892578125,2763.590087890625,2779.030029296875,3138850000,0.0031259043893263616,0.0031210289077513477,2731.7935180664062,2687.0379931640623,2731.1341863626485,2776.762594493137,2686.8244416396756,89.93815285346136,65.61703512854609,0.0060785153657083365,15.7998046875,44.409912109375,51.27001953125,-0.1612017915170173
2018-06-11,2780.179931640625,2790.2099609375,2780.169921875,2782.0,3262130000,0.001068707668436586,0.0010681370069403208,2734.50751953125,2689.8605908203126,2735.978549566206,2784.6910053360057,2684.3240337264947,100.36697160951098,62.598366368025516,0.006076473894998391,10.0400390625,35.1298828125,60.669921875,0.039275530847284745
2018-06-12,2785.60009765625,2789.800048828125,2778.780029296875,2786.85009765625,3435700000,0.0017433852107295866,0.0017418672787038484,2737.3435302734374,2693.9599951171876,2740.823458908115,2792.6361267486977,2682.050933798177,110.58519295052065,66.36258429900607,0.006078624019754709,11.02001953125,38.050048828125,96.989990234375,0.05320756683516592
2018-06-13,2787.93994140625,2791.469970703125,2774.64990234375,2775.6298828125,3820770000,-0.004026127868587581,-0.004034254541411457,2740.552526855469,2697.18359375,2744.138356422818,2796.956058826666,2684.148994884272,112.80706394239405,60.964322202777744,0.005916746234779536,16.820068359375,3.27978515625,51.619873046875,0.11207905230375181
2018-06-14,2783.2099609375,2789.06005859375,2776.52001953125,2782.489990234375,3540930000,0.002471549778432225,0.002468500522503687,2743.5540283203127,2699.9395947265625,2747.7908929763,2802.246235570849,2684.8618210697764,117.38441450107257,64.07590568426129,0.005886721443500217,12.5400390625,12.119873046875,77.219970703125,-0.07324178110694968
2018-06-15,2777.780029296875,2782.81005859375,2761.72998046875,2779.659912109375,5451990000,-0.001017102715529128,-0.00101762031549408,2746.5305297851564,2702.2759912109377,2750.8260376556404,2806.2499354185516,2686.8111241517613,119.43881126679025,65.28477056754512,0.005889661413391887,21.080078125,0.6298828125,45.039794921875,0.5397056705441792
2018-06-18,2765.7900390625,2774.989990234375,2757.1201171875,2773.75,3316120000,-0.0021261277624751163,-0.002128391180886516,2749.56953125,2705.661591796875,2753.009272164627,2808.275422693867,2690.8636398061335,117.41178288773335,75.38268340067813,0.005873851305835062,17.869873046875,-8.25,26.8798828125,-0.3917597060889694
2018-06-19,2752.010009765625,2765.050048828125,2743.18994140625,2762.590087890625,3671160000,-0.004023402292699374,-0.004031517951391294,2751.04853515625,2708.6501953125,2753.9217308051984,2809.4876733048836,2692.6093970076167,116.8782762972669,63.55968271729095,0.005787111835008158,21.860107421875,-24.260009765625,13.7900390625,0.10706488305610162
2018-06-20,2769.72998046875,2774.860107421875,2763.909912109375,2767.320068359375,3332140000,0.0017121542893689945,0.001710690224112545,2753.1925415039063,2710.8591943359374,2755.1977629532153,2810.6595872329954,2695.7254957748173,114.93409145817805,74.191006123968,0.005725619802282396,10.9501953125,-8.309814453125,-5.030029296875,-0.09234683315355363
2018-06-21,2769.280029296875,2769.280029296875,2744.389892578125,2749.760009765625,3336580000,-0.006345510515579966,-0.006365728843220268,2754.0160400390623,2713.010595703125,2754.679881697254,2810.749583559619,2697.2824965185055,113.4670870411137,56.50002830064086,0.005908376959814941,24.89013671875,-32.72998046875,-20.610107421875,0.0013324770267755248
2018-06-22,2760.7900390625,2764.169921875,2752.679931640625,2754.8798828125,5468110000,0.0018619345065358228,0.0018602032551338834,2755.372033691406,2714.8283935546874,2754.6989294225154,2810.743304571774,2700.0007628110384,110.74254176073555,53.66311163513586,0.0058912293513176785,11.489990234375,-24.780029296875,-24.150146484375,0.6388367729831144
2018-06-25,2742.93994140625,2742.93994140625,2698.669921875,2717.070068359375,3663280000,-0.013724668973416176,-0.013819722967770653,2755.159033203125,2716.0437939453127,2751.115228368883,2811.1114043210478,2699.2066620852024,111.90474223584533,39.07444769494603,0.006678312080858346,44.27001953125,-56.679931640625,-64.929931640625,-0.3300646841413212
2018-06-26,2722.1201171875,2732.909912109375,2715.60009765625,2723.06005859375,3568900000,0.0022045770199778936,0.0022021505056967236,2756.8190307617188,2716.948193359375,2748.443307437918,2806.198239757657,2707.4398217657804,98.75841799187674,30.693271926771146,0.006115645371682856,17.309814453125,-39.530029296875,-63.7900390625,-0.02576379637920112
2018-06-27,2728.449951171875,2746.090087890625,2699.3798828125,2699.6298828125,3803990000,-0.008604355128821406,-0.008641586313141117,2755.6000244140623,2716.8129931640624,2743.794409854545,2809.395743457162,2701.8043053709625,107.59143808619956,26.27760293689026,0.005747686444271596,46.710205078125,-67.690185546875,-76.0,0.06587183726078072
2018-06-28,2698.68994140625,2724.340087890625,2691.989990234375,2716.31005859375,3461100000,0.00617868985946779,0.006159680019031288,2756.1520263671873,2716.966396484375,2741.1768525916123,2807.9632220471944,2704.34083068718,103.62239136001426,30.040788420750033,0.0057185331475793945,32.35009765625,-33.449951171875,-66.179931640625,-0.09013956398413248
2018-06-29,2727.1298828125,2743.260009765625,2718.030029296875,2718.3701171875,3586800000,0.0007584033300001014,0.0007581158875170001,2755.3395263671873,2717.471201171875,2739.0047825531256,2809.0474036936666,2701.631649040708,107.41575465295864,29.63328217455043,0.005147983745503591,25.22998046875,-36.509765625,-61.289794921875,0.0363179336049233
2018-07-02,2704.949951171875,2727.260009765625,2698.949951171875,2726.7099609375,3095040000,0.003067957412152822,0.003063260834293461,2754.3315185546876,2718.6026025390624,2737.8338471611614,2809.4469876654844,2699.216049443891,110.23093822159353,31.17092574587393,0.005088549343793242,28.31005859375,9.639892578125,-47.0400390625,-0.1371027099364336
2018-07-03,2733.27001953125,2736.580078125,2711.159912109375,2713.219970703125,1911460000,-0.00494735062681062,-0.004959629280533677,2752.5525146484374,2719.461201171875,2735.489668450872,2810.6366841633685,2694.4683451335063,116.16833902986218,30.7341102062165,0.005182653962161949,25.420166015625,-9.840087890625,-49.3701171875,-0.3824118589743589
2018-07-05,2724.18994140625,2737.830078125,2716.02001953125,2736.610107421875,2980160000,0.008620803683929923,0.008583856745537827,2750.765515136719,2721.5022021484374,2735.596376924301,2808.483084776374,2693.0479454970637,115.43513927931053,37.148492209383754,0.0051876586138959015,21.81005859375,36.980224609375,-30.7099609375,0.5591014198570725
2018-07-06,2737.679931640625,2764.409912109375,2733.52001953125,2759.820068359375,2590250000,0.008481281595267509,0.00844551760058016,2750.2380126953126,2723.91060546875,2737.903395156213,2807.391249192965,2693.08477619766,114.30647299530483,45.0121039218671,0.0055734818605919665,30.889892578125,43.510009765625,10.06005859375,-0.1308352571674004
2018-07-09,2775.6201171875,2784.64990234375,2770.72998046875,2784.169921875,3070060000,0.008822985887663393,0.008784290785341506,2750.495007324219,2726.255205078125,2742.3097310341927,2808.236559298789,2692.753455349649,115.48310394914006,52.397370307209414,0.005887838661896234,13.919921875,65.7998046875,29.2900390625,0.1852369462407104
2018-07-10,2788.56005859375,2795.580078125,2786.239990234375,2793.840087890625,3080140000,0.003473267180873929,0.003467249318821859,2751.08701171875,2728.73380859375,2747.2173840681385,2810.4097409702927,2691.7642824672075,118.64545850308514,57.239491425727344,0.005932847591605578,9.340087890625,67.130126953125,76.77001953125,0.003283323452961895
2018-07-11,2779.820068359375,2785.909912109375,2770.77001953125,2774.02001953125,2986180000,-0.007094202866256172,-0.007119486371916502,2750.4455078125,2731.2532080078126,2749.770016017006,2808.4016227237285,2692.489392901272,115.91222982245654,51.45070724819712,0.006139637359761934,15.139892578125,60.800048828125,50.9599609375,-0.030505106910724833
2018-07-12,2783.139892578125,2799.219970703125,2781.530029296875,2798.2900390625,2834230000,0.008749042674663476,0.0087109915801719,2751.578515625,2734.1230078125,2754.3909705927676,2812.421714884191,2690.735316365809,121.6863985183818,60.21125349700462,0.006381798671183381,17.68994140625,61.679931640625,98.66015625,-0.05088440750390133
2018-07-13,2796.929931640625,2804.530029296875,2791.68994140625,2801.31005859375,2619790000,0.0010792374947172778,0.0010786555366086475,2752.5195190429686,2737.435810546875,2758.85945516429,2815.9047208877937,2689.1343171981434,126.77040368965027,59.85651973812416,0.006365884565434503,12.840087890625,41.489990234375,85.0,-0.07566076147666212
2018-07-16,2797.360107421875,2801.18994140625,2793.389892578125,2798.429931640625,2819860000,-0.001028135726814483,-0.0010286646208985384,2753.4580200195314,2740.8098095703126,2762.62807197156,2819.0525439866506,2687.8634960524123,131.18904793423826,70.27906920137283,0.006366010328981916,7.800048828125,14.260009765625,80.059814453125,0.07636871657651945
2018-07-17,2789.340087890625,2814.18994140625,2789.239990234375,2809.550048828125,3064920000,0.00397369863071062,0.003965824343443431,2755.2480224609376,2743.732412109375,2767.096831672185,2824.99646752684,2685.499577395035,139.49689013180523,71.02019407290847,0.00638692801217995,24.949951171875,15.7099609375,82.840087890625,0.0869050236536566
2018-07-18,2811.35009765625,2816.760009765625,2805.889892578125,2815.6201171875,3111560000,0.0021605126279586884,0.0021581820767374625,2757.899523925781,2746.592216796875,2771.718096959358,2832.673979520155,2683.125068331407,149.5489111887482,80.78777447425107,0.006297281092196379,10.8701171875,41.60009765625,102.400146484375,0.01521736293280096
2018-07-19,2809.3701171875,2812.050048828125,2799.77001953125,2804.489990234375,3278360000,-0.003952993120479142,-0.003960826849049506,2759.758020019531,2749.2436181640624,2774.8392296522165,2837.3142963390815,2682.201743699981,155.1125526391006,74.11652531338763,0.006388887515646252,12.280029296875,6.199951171875,67.8798828125,0.0536065510547763
2018-07-20,2804.550048828125,2809.699951171875,2800.010009765625,2801.830078125,3243250000,-0.0009484477101494582,-0.0009488977712743676,2762.3615234375,2751.3244189453126,2777.4097866496245,2841.9733041669997,2682.7497427080007,159.22356145899903,72.75100161056316,0.006187017242797167,9.68994140625,0.52001953125,42.010009765625,-0.010709623104235066
2018-07-23,2799.169921875,2808.610107421875,2795.139892578125,2806.97998046875,2928490000,0.0018380494891383492,0.0018363623432315187,2764.9665283203126,2753.0026171875,2780.2259955847794,2846.922588434058,2683.010468206567,163.91212022749096,72.2687151867184,0.0061868355977879345,13.47021484375,8.550048828125,22.81005859375,-0.09705079781083792
2018-07-24,2820.679931640625,2829.989990234375,2811.1201171875,2820.39990234375,3430410000,0.004780911145920941,0.004769518886053562,2770.133020019531,2754.8562158203126,2784.0520819427766,2852.403070013782,2687.8629700252804,164.54009998850142,79.74569644834179,0.005177219292745766,18.869873046875,10.849853515625,26.559814453125,0.1713920826091262
2018-07-25,2817.72998046875,2848.030029296875,2817.72998046875,2846.070068359375,3584400000,0.009101605057599604,0.009060435070372713,2776.2835205078127,2757.17501953125,2789.9585568395955,2862.053977741446,2690.5130632741793,171.5409144672667,79.99882238958564,0.005423761379575931,30.300048828125,30.449951171875,72.050048828125,0.04488967791022058
2018-07-26,2835.489990234375,2845.570068359375,2835.260009765625,2837.43994140625,3667290000,-0.0030322960242857855,-0.00303690274886736,2783.1740234375,2759.6948193359376,2794.480593464991,2865.070570334074,2701.2774765409263,163.79309379314782,73.12033765927771,0.004961601460073822,10.31005859375,32.949951171875,39.14990234375,0.023125209240040245
2018-07-27,2842.35009765625,2843.169921875,2808.340087890625,2818.820068359375,3434370000,-0.00656220869212365,-0.006583834644845457,2788.299523925781,2761.622021484375,2796.798638693028,2865.258701742208,2711.3403461093544,153.9183556328535,60.68587398940199,0.005273131544166677,34.829833984375,16.989990234375,17.510009765625,-0.06351283918097561
2018-07-30,2819.0,2821.739990234375,2798.110107421875,2802.60009765625,3261190000,-0.005754170294581917,-0.0057707893155871425,2792.511022949219,2763.27142578125,2797.351158594287,2862.236116959642,2722.7859289387957,139.45018802084633,52.59662910777737,0.005539553279951201,23.6298828125,-4.3798828125,4.170166015625,-0.05042555112000158
2018-07-31,2809.72998046875,2824.4599609375,2808.06005859375,2816.2900390625,3906890000,0.004884728797982518,0.004872837219303094,2796.990026855469,2765.3378271484376,2799.1548614960216,2860.1139297694963,2733.8661239414414,126.24780582805488,63.00213575726263,0.005580645671420778,16.39990234375,-4.10986328125,6.739990234375,0.1979952103373308
2018-08-01,2821.169921875,2825.830078125,2805.85009765625,2813.360107421875,3501350000,-0.0010403515262938923,-0.0010408930675711336,2801.997033691406,2766.9448291015624,2800.5077420603884,2851.5766001458583,2752.417467236954,99.15913290890421,55.33604081625596,0.005403782413551719,19.97998046875,-32.7099609375,-2.260009765625,-0.10380123320595158
2018-08-02,2800.47998046875,2829.909912109375,2796.340087890625,2827.219970703125,3501380000,0.004926444803381669,0.0049143495822087,2806.5275268554688,2769.0004296875,2803.051763835887,2846.596868738423,2766.4581849725146,80.13868376590835,58.52019197266525,0.0052193451825811085,33.56982421875,-10.219970703125,22.72998046875,8.568123723629029e-06
2018-08-03,2829.6201171875,2840.3798828125,2827.3701171875,2840.35009765625,3043690000,0.004644183009877123,0.004633432065347987,2810.5540283203127,2771.141630859375,2806.603986104493,2846.8698885365466,2774.238168104079,72.63172043246777,62.914403389988586,0.0050215229252619405,13.009765625,21.530029296875,38.52001953125,-0.13071703157040937
2018-08-06,2840.2900390625,2853.2900390625,2835.97998046875,2850.39990234375,2879020000,0.003538227451535869,0.003531982650801626,2813.86552734375,2773.5944287109373,2810.7750257463267,2852.0802948903506,2775.650759797149,76.4295350932016,62.668213211144206,0.004744598311534726,17.31005859375,47.7998046875,43.419921875,-0.054102093182945676
2018-08-07,2855.919921875,2863.429931640625,2855.919921875,2858.449951171875,3185440000,0.0028241822564987196,0.0028202017464857678,2817.0960205078127,2776.336826171875,2815.315494834474,2858.934761254883,2775.257279760742,83.67748149414092,63.121104191878324,0.004730334049051021,7.510009765625,42.159912109375,38.050048828125,0.10643204979472176
2018-08-08,2856.7900390625,2862.43994140625,2853.090087890625,2857.699951171875,2978070000,-0.0002623799656497061,-0.00026241439329510795,2821.2800170898436,2779.693623046875,2819.3521097237503,2861.6931516325635,2780.8668825471236,80.82626908543989,67.40826530775252,0.004333342323583665,9.349853515625,44.33984375,11.6298828125,-0.06509932693756593
2018-08-09,2857.18994140625,2862.47998046875,2851.97998046875,2853.580078125,3066180000,-0.0014416744645237012,-0.0014427146770399496,2824.0445190429687,2782.2850244140627,2822.611916238155,2865.389555756864,2782.6994823290734,82.6900734277906,66.77041631723026,0.0040236790113272886,10.5,26.360107421875,16.14013671875,0.02958627567518568
2018-08-10,2838.89990234375,2842.199951171875,2825.81005859375,2833.280029296875,3265590000,-0.007113887913551609,-0.007139312263244473,2825.643017578125,2784.845224609375,2823.627927005652,2865.7403788131137,2785.5456563431367,80.19472246997702,57.76088757609596,0.004412067563464317,16.389892578125,-7.070068359375,14.4599609375,0.0650353208226524
2018-08-13,2835.4599609375,2843.39990234375,2819.8798828125,2821.929931640625,3173630000,-0.004005992185342366,-0.004014037665980266,2826.818017578125,2786.5914208984377,2823.4662131613636,2864.8835144748687,2788.752520681381,76.1309937934875,50.45708025853808,0.004518052951239065,23.52001953125,-28.469970703125,19.329833984375,-0.028160301813761057
2018-08-14,2827.8798828125,2843.110107421875,2826.580078125,2839.9599609375,2986500000,0.006389254777276809,0.006368930016417421,2828.338513183594,2788.4532177734377,2825.0370462829005,2865.926177871462,2790.7508484957257,75.17532937573651,48.08736069991273,0.004648239791692285,16.530029296875,-18.489990234375,23.669921875,-0.05896402542199308
2018-08-15,2827.949951171875,2827.949951171875,2802.489990234375,2818.3701171875,3656680000,-0.007602164835758152,-0.007631208581378815,2828.4760131835938,2789.844619140625,2824.4021006547673,2865.8874883336416,2791.064538033546,74.82295030009573,44.47857878009885,0.004971441593421365,25.4599609375,-39.329833984375,5.010009765625,0.22440314749707024
2018-08-16,2831.43994140625,2850.489990234375,2831.43994140625,2840.68994140625,3232000000,0.007919408484583057,0.00788821455263811,2830.2860107421875,2791.211416015625,2825.95332358348,2866.2875214378387,2794.2845000465363,72.00302139130235,56.19931597763848,0.0051717593835963116,19.050048828125,-12.89013671875,13.469970703125,-0.11613813623286695
2018-08-17,2838.320068359375,2855.6298828125,2833.72998046875,2850.1298828125,3037640000,0.0033231157222237684,0.003317606375263089,2832.7010009765627,2792.806611328125,2828.255853033863,2867.110033663802,2798.2919682893234,68.81806537447846,64.0115442192538,0.0051902609867302335,21.89990234375,16.849853515625,9.77978515625,-0.060136138613861356
2018-08-20,2853.929931640625,2859.760009765625,2850.6201171875,2857.050048828125,2757150000,0.0024280177746833775,0.002425074902128281,2835.2045043945313,2794.36701171875,2830.9981573952214,2869.014708141729,2801.3943006473337,67.6204074943953,62.515386264582276,0.005197736983674581,9.139892578125,35.1201171875,6.650146484375,-0.09233813091742271
2018-08-21,2861.510009765625,2873.22998046875,2861.320068359375,2862.9599609375,3174010000,0.0020685364303643095,0.002066399954627058,2837.3325073242186,2795.9862109375,2834.042138684962,2872.5476001245024,2802.1174145239347,70.43018560056771,64.95597006464988,0.005125961536542823,11.909912109375,23.0,4.510009765625,0.15119235442395218
2018-08-22,2860.989990234375,2867.5400390625,2856.050048828125,2861.820068359375,2701250000,-0.0003981517707819515,-0.0003982310542435054,2838.120007324219,2797.4856103515626,2836.6876557968108,2874.8304838499284,2801.4095307985094,73.42095305141902,61.29986477349561,0.004737930773882581,11.489990234375,43.449951171875,4.1201171875,-0.1489472307900731
2018-08-23,2860.2900390625,2868.780029296875,2854.030029296875,2856.97998046875,2724450000,-0.0016912621251551352,-0.0016926939235351061,2839.0970092773437,2799.1126123046874,2838.620258146519,2876.7590133134336,2801.4350052412537,75.32400807217982,55.74198334288701,0.004697808062799703,14.75,16.2900390625,3.39990234375,0.008588616381304925
2018-08-24,2862.35009765625,2876.159912109375,2862.35009765625,2874.68994140625,2603010000,0.006198839704363079,0.006179705928285333,2841.8905029296875,2800.956611328125,2842.055466076017,2881.459646814384,2802.321359044991,79.13828776939317,57.96552850527449,0.004574025307260819,13.809814453125,24.56005859375,41.409912109375,-0.044574134228926976
2018-08-27,2884.68994140625,2898.25,2884.68994140625,2896.739990234375,2865070000,0.007670409427647185,0.007641141407110444,2846.5974975585937,2803.298212890625,2847.263515995861,2888.7969507708212,2804.398044346366,84.39890642445516,61.50060129645382,0.0045166280827010795,13.56005859375,39.68994140625,74.81005859375,0.10067575614384894
2018-08-28,2901.449951171875,2903.77001953125,2893.5,2897.52001953125,2687770000,0.00026927832649970007,0.00026924207759835515,2850.6589965820312,2805.77361328125,2852.049849665898,2896.088911399236,2805.2290817648263,90.85982963440983,61.957996020428666,0.004460919316329378,10.27001953125,34.56005859375,57.56005859375,-0.06188330477091308
2018-08-29,2900.6201171875,2916.5,2898.39990234375,2914.0400390625,2805520000,0.005701434129840033,0.005685242468911669,2855.6929931640625,2808.8026123046875,2857.953677227479,2905.7929847450873,2805.5930015830377,100.19998316204965,66.89770652343014,0.0045185958729479,18.10009765625,52.219970703125,95.669921875,0.043809552156620635
2018-08-30,2908.93994140625,2912.4599609375,2895.219970703125,2901.1298828125,2810450000,-0.004430329054144866,-0.004440172044458075,2859.3884887695312,2811.47880859375,2862.0656968070048,2911.508204547024,2807.2687729920385,104.23943155498546,69.78014391356646,0.004656781537792672,17.239990234375,44.14990234375,60.43994140625,0.0017572499928713015
2018-08-31,2898.3701171875,2906.320068359375,2891.72998046875,2901.52001953125,2887220000,0.00013447750859452157,0.00013446846730492032,2862.446984863281,2814.5140087890627,2865.823251352171,2916.9856727279234,2807.908296998639,109.07737572928454,74.78669065240499,0.004595179284823994,14.590087890625,26.830078125,51.39013671875,0.027315910263481014
2018-09-04,2896.9599609375,2900.179931640625,2885.1298828125,2896.719970703125,3087420000,-0.0016543221469484948,-0.0016556920488793076,2864.76298828125,2817.350810546875,2868.765796052262,2921.0535001039457,2808.472476458554,112.58102364539172,69.26418117970313,0.004595429102553806,15.050048828125,-0.02001953125,39.669921875,0.06934005721766967
2018-09-05,2891.590087890625,2894.2099609375,2876.919921875,2888.60009765625,3248780000,-0.002803126684318036,-0.002807062801265972,2866.2704956054686,2820.7814111328125,2870.6547771574037,2923.4569035510267,2809.0840876599104,114.37281589111626,76.23456452348381,0.004638098389651231,17.2900390625,-8.919921875,25.64013671875,0.052263702379332866
2018-09-06,2888.639892578125,2892.050048828125,2867.2900390625,2878.050048828125,3144240000,-0.0036523050860121087,-0.0036589910366181576,2867.2880004882813,2823.8812109375,2871.3590887450914,2924.5564399892405,2810.019560987322,114.53687900191835,65.3014452814869,0.00472980543906948,24.760009765625,-35.989990234375,16.22998046875,-0.032178233059794725
2018-09-07,2868.260009765625,2883.81005859375,2864.1201171875,2871.679931640625,2976580000,-0.002213344827027508,-0.002215797895014484,2868.1929931640625,2827.3222119140623,2871.3896452113327,2925.120378050464,2811.265608277661,113.85476977280268,59.05384364480057,0.004748433999010171,19.68994140625,-29.449951171875,14.699951171875,-0.05332290155967734
2018-09-10,2881.389892578125,2886.929931640625,2875.93994140625,2877.1298828125,2751100000,0.0018978268127400888,0.0018960282146933797,2870.3854858398436,2830.5386083984376,2871.9363345066818,2924.981160298253,2815.789811381434,109.19134891681915,58.541681812044985,0.004421519878121831,10.989990234375,-24.39013671875,2.43994140625,-0.07575136566126228
2018-09-11,2871.570068359375,2892.52001953125,2866.780029296875,2887.889892578125,2904500000,0.003739841510076891,0.003732865689715426,2873.683483886719,2833.92900390625,2873.455720989676,2923.734392981177,2823.632574792261,100.10181818891579,60.184595989316016,0.0043185097631229154,25.739990234375,-8.830078125,-8.85009765625,0.055759514376067854
2018-09-12,2888.2900390625,2894.64990234375,2879.199951171875,2888.919921875,3341280000,0.00035667194221011833,0.0003566083498935524,2876.131481933594,2837.173203125,2874.9285020263737,2923.9781961348676,2828.2847677323202,95.6934284025474,61.08101848616682,0.00414144142188865,15.449951171875,0.31982421875,-8.60009765625,0.150380444138406
2018-09-13,2896.85009765625,2906.760009765625,2896.389892578125,2904.179931640625,3274090000,0.005282254329749936,0.005268352159391334,2880.42197265625,2840.99240234375,2877.7143524658263,2921.349089764181,2839.4948555483193,81.85423421586165,67.78439896898303,0.003737758338748019,10.3701171875,26.1298828125,-9.860107421875,-0.02010906000095769
2018-09-14,2906.3798828125,2908.300048828125,2895.77001953125,2904.97998046875,3179410000,0.00027548183892078804,0.00027544390076635555,2883.636474609375,2844.3597998046876,2880.3110789422954,2921.400808463799,2845.872140754951,75.52866770884793,63.0796705729551,0.003425351627788554,12.530029296875,33.300048828125,3.85009765625,-0.028917958883231676
2018-09-17,2903.830078125,2904.64990234375,2886.159912109375,2888.800048828125,2967980000,-0.005569722252617426,-0.005585290991549207,2885.5699829101563,2846.9393994140623,2881.1195522647554,2919.91617720592,2851.2237886143926,68.69238859152756,46.38832251673574,0.0036918407918121207,18.489990234375,11.670166015625,-12.719970703125,-0.06649975938932062
2018-09-18,2890.739990234375,2911.169921875,2890.429931640625,2904.31005859375,3091190000,0.005369014643958003,0.0053546528676252396,2887.9329833984375,2849.3422021484375,2883.328171915136,2920.47289708445,2855.393069712425,65.07982737202474,52.723633286849164,0.003821406530267821,20.739990234375,16.420166015625,7.590087890625,0.0415130829722572
2018-09-19,2906.60009765625,2912.360107421875,2903.820068359375,2907.949951171875,3302460000,0.0012532727238796504,0.0012524880331719868,2890.182482910156,2851.6243994140623,2885.673103272921,2921.6562501147623,2858.70871570555,62.947534409212494,47.275622473029266,0.0038118085932057036,8.5400390625,19.030029296875,19.349853515625,0.06834584739210459
2018-09-20,2919.72998046875,2934.800048828125,2919.72998046875,2930.75,3406520000,0.007840591898404803,0.00781001418532906,2893.6289794921877,2854.7589990234374,2889.966141056452,2927.060986578438,2860.1969724059372,66.8640141725009,62.173302295713604,0.004110484911796962,15.070068359375,26.570068359375,52.699951171875,0.03150984417676517
2018-09-21,2936.760009765625,2940.909912109375,2927.110107421875,2929.669921875,5652470000,-0.00036853301202766087,-0.00036860093700704873,2897.2634765625,2857.3865966796875,2893.7474535153615,2929.7099660618874,2864.8169870631123,64.8929789987751,61.50383321427289,0.004071999157479916,13.7998046875,24.68994140625,57.989990234375,0.65930920705001
2018-09-24,2921.830078125,2923.7900390625,2912.6298828125,2919.3701171875,3392030000,-0.0035156877607932513,-0.003521882314013849,2899.4974853515623,2859.7477978515626,2896.1877071984222,2931.550083239019,2867.4448874641057,64.10519577491323,58.858104198612494,0.0040316755151752915,11.16015625,30.570068359375,42.240234375,-0.39990305123247005
2018-09-25,2921.75,2923.949951171875,2913.699951171875,2915.56005859375,3330880000,-0.0013050961134796202,-0.001305948493117946,2900.4384887695314,2862.090400390625,2898.0326930455963,2933.2463685355683,2867.6306090034946,65.61575953207375,60.91142642583297,0.0037110116899822044,10.25,11.25,27.670166015625,-0.018027552822351245
2018-09-26,2916.97998046875,2931.14990234375,2903.280029296875,2905.969970703125,3417540000,-0.003289278113945082,-0.003294699681159941,2900.860986328125,2864.018798828125,2898.7886242510754,2933.728200438284,2867.9937722179657,65.73442822031848,61.388441866764396,0.0037983763897534075,27.869873046875,-1.97998046875,17.050048828125,0.026017148621385378
2018-09-27,2911.64990234375,2927.219970703125,2909.27001953125,2914.0,3101360000,0.0027632870875580196,0.0027594762285113967,2900.858984375,2865.986396484375,2900.237326703354,2933.722823229191,2867.9951455208093,65.72767770838163,67.03158068490647,0.003625343880013471,17.949951171875,-16.75,9.820068359375,-0.09251683959807344
2018-09-28,2910.030029296875,2920.530029296875,2907.5,2913.97998046875,3461680000,-6.870120538793323e-06,-6.870144138179519e-06,2901.5014892578124,2868.1761962890623,2901.546150871487,2934.885956011876,2868.117022503749,66.76893350812679,65.50798732548915,0.0034721754101531372,13.030029296875,-15.68994140625,9.0,0.11618128820904383
2018-10-01,2926.2900390625,2937.06005859375,2917.909912109375,2924.590087890625,3375890000,0.003641105118425747,0.0036344923421985013,2902.654992675781,2870.631396484375,2903.740811539976,2937.599924054055,2867.7100612975073,69.8898627565477,65.4644138657537,0.003554824170005779,19.150146484375,5.219970703125,35.7900390625,-0.024782764438076255
2018-10-02,2923.800048828125,2931.419921875,2919.3701171875,2923.429931640625,3432620000,-0.0003966902079042267,-0.0003967689102790794,2903.9904907226564,2872.9603955078123,2905.6159658352763,2940.005565316254,2867.975416129059,72.0301491871951,64.52560295130148,0.003527552846044355,12.0498046875,7.869873046875,19.119873046875,0.016804457491209623
2018-10-03,2931.68994140625,2939.860107421875,2921.360107421875,2925.510009765625,3625510000,0.0007115197468861023,0.0007112667367183715,2905.835986328125,2875.06259765625,2907.510636685786,2942.310245487796,2869.361727168454,72.94851831934193,60.098478894077395,0.003442703150324218,18.5,19.5400390625,17.56005859375,0.0561932284960176
2018-10-04,2919.35009765625,2919.780029296875,2883.919921875,2901.610107421875,3510370000,-0.008169482334351885,-0.008203035421009815,2907.0139892578127,2876.1733984375,2906.9486815177943,2941.1570656852045,2872.870912830421,68.28615285478372,48.690906814720115,0.0038618292104501237,35.860107421875,-12.389892578125,-29.139892578125,-0.031758290557742264
2018-10-05,2902.5400390625,2909.639892578125,2869.2900390625,2885.570068359375,3340820000,-0.005527978766503461,-0.0055433145846221455,2907.70849609375,2877.1360009765626,2904.912623121754,2939.294669762994,2876.122322424506,63.17234733848818,48.743885580604,0.00404722751424979,40.349853515625,-28.409912109375,-44.099853515625,-0.04829975187800717
2018-10-08,2877.530029296875,2889.449951171875,2862.080078125,2884.429931640625,3381820000,-0.00039511662920677093,-0.000395194708349698,2908.0734985351564,2878.4481982421876,2902.9618905997418,2938.3118000772033,2877.8351969931095,60.47660308409377,41.29594988936753,0.0040305066154493864,27.369873046875,-40.16015625,-34.940185546875,0.012272436108500262
2018-10-09,2882.510009765625,2894.830078125,2874.27001953125,2880.340087890625,3531690000,-0.0014179036575431292,-0.0014189098341542976,2907.696008300781,2880.002998046875,2900.8074331988737,2939.158934921138,2876.233081680424,62.92585324071388,37.95910631846135,0.003951916998976294,20.56005859375,-43.08984375,-35.219970703125,0.044316374023454896
2018-10-10,2873.89990234375,2874.02001953125,2784.860107421875,2785.679931640625,4554260000,-0.0328642290012785,-0.03341638904260208,2902.5340087890627,2879.3907958984373,2889.842909240945,2965.2859122327854,2839.78210534534,125.50380688744553,11.109409422381404,0.008313848499533151,89.159912109375,-139.830078125,-120.2900390625,0.2895412677783158
2018-10-11,2776.8701171875,2795.139892578125,2710.510009765625,2728.3701171875,4914090000,-0.02057300761734404,-0.02078757997254153,2893.743518066406,2877.69099609375,2874.464548092998,2993.7324165190935,2793.7546196137187,199.97779690537482,8.535962279635996,0.009127533756847772,84.6298828125,-173.239990234375,-185.6298828125,0.07900954271385463
2018-10-12,2770.5400390625,2775.77001953125,2729.43994140625,2767.1298828125,4024010000,0.014206197825152422,0.014106235408376288,2886.8510131835938,2876.4891943359376,2864.242199018665,3001.507549425455,2772.1944769417323,229.31307248372286,21.932130395485927,0.009896037330320403,46.330078125,-118.440185546875,-146.85009765625,-0.18112814376619069
2018-10-15,2763.830078125,2775.989990234375,2749.030029296875,2750.7900390625,3327160000,-0.005904978964482943,-0.005922482291300048,2879.9505126953127,2874.6979931640626,2853.437231403792,3009.728077854215,2750.1729475364104,259.55513031780447,20.963586706798907,0.009902005594622312,26.9599609375,-133.639892578125,-173.800048828125,-0.17317302889406339
2018-10-16,2767.050048828125,2813.4599609375,2766.909912109375,2809.919921875,3460260000,0.02149560016316343,0.02126782803490127,2875.231005859375,2873.8883935546874,2849.292725734383,3008.106847604094,2742.3551641146555,265.7516834894386,35.58974501729945,0.011146164098886115,46.550048828125,-70.420166015625,-113.510009765625,0.040004087570179925
2018-10-17,2811.669921875,2816.93994140625,2781.81005859375,2809.2099609375,3347090000,-0.00025266233815879335,-0.0002526942626648821,2870.2940063476562,2872.90359375,2845.4753195632516,3005.3703738109593,2735.217638884353,270.1527349266062,33.925428248282884,0.01113101376905194,35.1298828125,23.530029296875,-116.300048828125,-0.032705634836688535
2018-10-18,2802.0,2806.0400390625,2755.179931640625,2768.780029296875,3639300000,-0.014391922356395415,-0.014496490575341185,2862.1955078125,2871.1251953125,2838.171006204549,3001.3698897347426,2723.0211258902577,278.3487638444849,30.183412201312933,0.01124120469390961,50.860107421875,40.409912109375,-132.830078125,0.0873027017498782
2018-10-19,2775.659912109375,2797.77001953125,2760.27001953125,2767.780029296875,3593940000,-0.00036116989772350117,-0.00036123513527937907,2854.1010131835938,2869.4091943359376,2831.4671036419136,2995.5642201803917,2712.637806186796,282.9264139935958,28.022386374368168,0.011241287881768593,37.5,0.650146484375,-117.7900390625,-0.01246393537218693
2018-10-22,2773.93994140625,2778.93994140625,2749.219970703125,2755.8798828125,3331270000,-0.004299527548581317,-0.004308797096477868,2845.9265014648436,2867.86119140625,2824.268320705779,2990.3725333556445,2701.4804695740427,288.8920637816018,27.20342377977687,0.011245361841455723,29.719970703125,5.08984375,-128.550048828125,-0.07308691853508964
2018-10-23,2721.030029296875,2753.590087890625,2691.429931640625,2740.68994140625,4373710000,-0.005511829997012829,-0.005527076180694164,2837.182995605469,2866.2363916015624,2816.3084750582047,2985.0122285332127,2689.353762677725,295.6584658554875,25.719866447286122,0.011254934067606095,62.16015625,-69.22998046875,-139.650146484375,0.3129257010089246
2018-10-24,2737.8701171875,2742.590087890625,2651.889892578125,2656.10009765625,4738670000,-0.030864433977743855,-0.03135077386114084,2824.689501953125,2862.5591943359377,2801.050534353257,2989.3209310218826,2660.058072884367,329.26285813751565,22.182646840617622,0.012862876285799046,90.7001953125,-153.10986328125,-129.579833984375,0.0834440326404815
2018-10-25,2674.8798828125,2722.699951171875,2667.840087890625,2705.570068359375,4663930000,0.018625040052811848,0.018453717978714167,2814.2680053710938,2860.303193359375,2791.957156639554,2981.4631846675834,2647.072826074604,334.3903585929793,31.041425595926867,0.013784179827864085,54.85986328125,-63.2099609375,-22.800048828125,-0.015772358066714953
2018-10-26,2667.860107421875,2692.3798828125,2628.159912109375,2658.68994140625,4804330000,-0.017327264039978307,-0.017479138010003174,2801.5035034179687,2856.663193359375,2779.265040903049,2975.488371914221,2627.5186349217165,347.9697369925043,28.313383847741875,0.014086478388661687,64.219970703125,-109.090087890625,-108.43994140625,0.030103367760665467
2018-10-29,2682.64990234375,2706.85009765625,2603.5400390625,2641.25,4701260000,-0.0065595995737004476,-0.00658120829519397,2787.3364990234377,2852.485595703125,2766.1207512932347,2965.2204271884193,2609.452570858456,355.76785632996325,27.605291237114585,0.013961111315485714,103.31005859375,-114.6298828125,-109.5400390625,-0.021453563764354255
2018-10-30,2640.679931640625,2685.429931640625,2635.340087890625,2682.6298828125,5125600000,0.015666780052058682,0.015545322971877482,2775.296496582031,2848.9971923828125,2758.1692400093552,2946.8808207483776,2603.7121724156846,343.168648332693,39.27743824834993,0.014682623527989963,50.08984375,-58.06005859375,-127.2900390625,0.09026090877764692
2018-10-31,2705.60009765625,2736.68994140625,2705.60009765625,2711.739990234375,5133380000,0.010851331974038647,0.010792878754571094,2764.6079956054687,2845.97279296875,2753.7474066974523,2922.912203294233,2606.303787916704,316.6084153775291,48.16172363001628,0.015031545803750752,31.08984375,55.639892578125,-97.469970703125,0.0015178710785079819
2018-11-01,2717.580078125,2741.669921875,2708.85009765625,2740.3701171875,4730250000,0.010557843693063784,0.010502498868529206,2756.54599609375,2843.5437939453127,2752.473379125076,2901.31734736141,2611.77464482609,289.54270253532013,46.97424430641822,0.015317654877356958,32.81982421875,34.800048828125,-28.409912109375,-0.0785311042626885
2018-11-02,2745.449951171875,2756.550048828125,2700.43994140625,2723.06005859375,4261230000,-0.0063166863793988615,-0.006336721055879746,2748.4204956054687,2840.8653955078125,2749.672110503045,2880.375556795495,2616.4654344154424,263.9101223800526,46.87140540230848,0.01532621657136741,56.110107421875,64.3701171875,-44.719970703125,-0.09915332170604085
2018-11-05,2726.3701171875,2744.27001953125,2717.93994140625,2738.31005859375,3650910000,0.005600317169601965,0.0055846936971941175,2741.114501953125,2838.1377978515625,2748.5900103212075,2856.502871070464,2625.726132835786,230.7767382346783,41.03285127655776,0.015433614484549078,26.330078125,97.06005859375,-17.56982421875,-0.14322625157524937
2018-11-06,2738.39990234375,2756.820068359375,2737.080078125,2755.449951171875,3543800000,0.006259295774170726,0.0062397877444086355,2734.8699951171875,2835.3119970703124,2749.243338021271,2830.3307875296673,2639.4092027047077,190.9215848249596,43.534107866564796,0.015556459585601411,19.739990234375,72.820068359375,14.760009765625,-0.029337891101122726
2018-11-07,2774.1298828125,2815.14990234375,2774.1298828125,2813.889892578125,3929080000,0.021208856064105275,0.020987078560774024,2736.2804931640626,2833.63939453125,2755.4001527409714,2835.6557290589217,2636.9052572692035,198.75047178971818,55.200224253866175,0.014597306079731334,41.02001953125,102.14990234375,157.789794921875,0.108719453693775
2018-11-08,2806.3798828125,2814.75,2794.989990234375,2806.830078125,3673550000,-0.0025089163835961825,-0.002512068988491457,2740.2034912109375,2831.4951953125,2760.2982408727835,2844.34428637742,2636.062696044455,208.2815903329647,54.43962653056354,0.013752327407529137,19.760009765625,66.4599609375,101.260009765625,-0.06503558084844285
2018-11-09,2794.10009765625,2794.10009765625,2764.239990234375,2781.010009765625,4029030000,-0.00919901370610332,-0.00924158591537243,2740.897497558594,2829.0927978515624,2762.2707902911493,2845.974620393727,2635.8203747234606,210.1542456702664,52.76940585828093,0.01361005455105738,29.860107421875,57.949951171875,122.320068359375,0.09676743204801896
2018-11-12,2773.929931640625,2775.989990234375,2722.0,2726.219970703125,3701570000,-0.01970148934024063,-0.019898150985467496,2739.668994140625,2825.586796875,2758.8373789018137,2844.833618255639,2634.5043700256106,210.3292482300285,48.53337899640552,0.014276474971350987,53.989990234375,-12.090087890625,84.969970703125,-0.08127514563058602
2018-11-13,2730.050048828125,2754.60009765625,2714.97998046875,2722.179931640625,4112820000,-0.0014819196931705747,-0.0014830188221738934,2735.2819946289064,2822.09599609375,2755.346193448367,2835.3018352398362,2635.2621540179766,200.0396812218596,58.00463131371383,0.013318214711924693,39.6201171875,-33.27001953125,39.550048828125,0.1111015055773632
2018-11-14,2737.89990234375,2746.800048828125,2685.75,2701.580078125,4449060000,-0.007567410690302756,-0.007596188818450545,2729.900500488281,2818.355595703125,2750.225611036618,2824.6134916941446,2635.1875092824175,189.4259824117271,49.480321009811036,0.013382430084776749,61.050048828125,-112.309814453125,-10.159912109375,0.08175412490699818
2018-11-15,2693.52001953125,2735.3798828125,2670.75,2730.199951171875,4204960000,0.010593753366266334,0.01053803274264194,2727.9714965820312,2815.39859375,2748.318405335214,2820.905164640091,2635.0378285239717,185.86733611611908,59.77902256849039,0.013317649710770324,64.6298828125,-76.630126953125,-10.170166015625,-0.054865522155241764
2018-11-16,2718.5400390625,2746.75,2712.159912109375,2736.27001953125,3996970000,0.0022233054237545957,0.002220837537483983,2726.39599609375,2812.6903955078124,2747.1709400205505,2817.539224960714,2635.252767226786,182.28645773392782,63.41106565737316,0.013332790938777128,34.590087890625,-44.739990234375,13.2099609375,-0.049463015105970065
2018-11-19,2730.739990234375,2733.159912109375,2681.090087890625,2690.72998046875,3806940000,-0.01664310858849427,-0.016783161235721437,2723.1385009765627,2808.9623974609376,2741.7956105394264,2814.501522870029,2631.7754790830963,182.72604378693268,51.12997313512541,0.013796175995996033,52.06982421875,-35.489990234375,-47.580078125,-0.047543514212015636
2018-11-20,2654.60009765625,2669.43994140625,2631.52001953125,2641.889892578125,4370820000,-0.01815124083246611,-0.018317995556585972,2718.1984985351564,2804.0423974609375,2732.2807802573975,2816.0215603175147,2620.375436752798,195.64612356471662,40.764231694451944,0.014289354783325294,37.919921875,-80.2900390625,-113.56005859375,0.14811896168576344
2018-11-21,2657.739990234375,2670.72998046875,2649.820068359375,2649.929931640625,3237400000,0.0030432907461763747,0.0030386693107672014,2717.889990234375,2799.26259765625,2724.4378422938953,2816.572790436724,2619.207190032026,197.36560040469794,37.35313898666156,0.012558214285991624,20.909912109375,-51.650146484375,-163.9599609375,-0.25931518570886014
2018-11-23,2633.360107421875,2647.550048828125,2631.090087890625,2632.56005859375,1651680000,-0.006554842390161242,-0.006576419711855615,2714.2394897460936,2793.8302001953125,2715.687577179596,2819.989736925029,2608.4892425671583,211.5004943578706,37.346891405711325,0.011829394103398404,16.4599609375,-97.639892578125,-174.27001953125,-0.489812812750973
2018-11-26,2649.969970703125,2674.35009765625,2649.969970703125,2673.449951171875,3523520000,0.0155323683669224,0.015412975845366429,2714.977490234375,2789.199599609375,2711.6649461312413,2819.291728490815,2610.6632519779355,208.6284765128794,41.53835667661041,0.011768035353030042,24.380126953125,-62.820068359375,-107.56005859375,1.133294584907488
2018-11-27,2663.75,2682.530029296875,2655.889892578125,2682.169921875,3494380000,0.003261692144003847,0.003256384364612641,2717.023486328125,2785.0669970703125,2708.8558962020757,2816.7534461031237,2617.293526553126,199.45991954999772,40.22514838703795,0.011669355770954645,26.64013671875,-8.56005859375,-44.050048828125,-0.008270138951957162
2018-11-28,2691.449951171875,2744.0,2684.3798828125,2743.7900390625,3984540000,0.022973979644221654,0.022714051303113776,2720.081494140625,2781.8565966796873,2712.182957426878,2819.119294804178,2621.0436934770723,198.0756013271057,40.728017675373245,0.012257769238928413,59.6201171875,101.900146484375,21.610107421875,0.14027094935296103
2018-11-29,2736.969970703125,2753.75,2722.93994140625,2737.800048828125,3599200000,-0.0021831080910337253,-0.002185494545393453,2721.3844970703126,2778.4535986328124,2714.622680417473,2820.645682012284,2622.1233121283412,198.5223698839427,40.8436081391877,0.012062519968694882,30.81005859375,87.8701171875,36.219970703125,-0.09670877943250666
2018-11-30,2737.760009765625,2760.8798828125,2732.760009765625,2760.169921875,4668310000,0.008170747552017188,0.008137547716617559,2722.3744873046876,2775.0419970703124,2718.9605129372376,2822.8208304192426,2621.9281441901326,200.89268622911004,47.210160440041705,0.0119697088271336,28.119873046875,127.60986328125,29.969970703125,0.29704100911313636
2018-12-03,2790.5,2800.179931640625,2773.3798828125,2790.3701171875,4221580000,0.010941426132194287,0.010882001794362436,2725.739990234375,2772.2560009765625,2725.7614276277386,2830.692486496091,2620.787493972659,209.90499252343216,59.192938385806805,0.012079460808623004,26.800048828125,116.920166015625,54.10009765625,-0.09569415912824986
2018-12-04,2782.429931640625,2785.929931640625,2697.179931640625,2700.06005859375,4515710000,-0.03236490314939877,-0.03290022883855611,2723.827490234375,2767.8697998046873,2723.31367819593,2829.208677894816,2618.446302573934,210.7623753208818,47.45853709711714,0.014168958177553977,88.75,17.89013671875,9.330078125,0.06967296604588813
2018-12-06,2663.510009765625,2696.14990234375,2621.530029296875,2695.949951171875,5180430000,-0.0015222281477752508,-0.0015233879141442856,2720.852490234375,2763.47759765625,2720.707608955544,2825.8335306618646,2615.8714498068857,209.96208085497892,49.32764999664714,0.014077018464391099,74.619873046875,-47.840087890625,54.06005859375,0.14720165821100117
2018-12-07,2691.260009765625,2708.5400390625,2623.139892578125,2633.080078125,4242240000,-0.023320118765389863,-0.02359633545632224,2711.8119995117186,2758.0197998046874,2712.3621298288253,2814.166664822179,2609.457334201258,204.7093306209208,39.278951598254245,0.0139004291481612,85.400146484375,-104.719970703125,-16.849853515625,-0.1811027269937051
2018-12-10,2630.860107421875,2647.510009765625,2583.22998046875,2637.719970703125,4162880000,0.0017621539947350051,0.0017606032229163218,2703.356494140625,2752.49419921875,2705.253352769235,2800.4669036042096,2606.24608467704,194.2208189271696,39.08661528021477,0.013944713119259898,64.280029296875,-122.449951171875,5.159912109375,-0.018707098136833356
2018-12-11,2664.43994140625,2674.35009765625,2621.300048828125,2636.780029296875,3963440000,-0.00035634616892232795,-0.00035640967530566644,2696.1449951171876,2746.9502001953124,2698.7320838671053,2790.352820295854,2601.937169938521,188.4156503573331,43.37077451711552,0.013878157799676043,53.050048828125,-153.590087890625,-36.669921875,-0.047909139826274094
2018-12-12,2658.22998046875,2685.43994140625,2650.260009765625,2651.070068359375,4029300000,0.005419503676349802,0.005404871010351243,2692.3875,2741.4797998046874,2694.1928442949406,2787.534657512495,2597.2403424875047,190.29431502499028,51.23270210977547,0.013373407156412628,35.179931640625,-48.989990234375,-31.099853515625,0.01661687826736369
2018-12-13,2658.699951171875,2670.18994140625,2637.27001953125,2650.5400390625,3978340000,-0.00019993032368359476,-0.00019995031241503897,2688.8055053710937,2736.022001953125,2690.0354342728033,2784.621853620489,2592.989157121698,191.63269649879112,50.08361075329976,0.013375617709685988,32.919921875,-45.409912109375,-93.25,-0.012647358101903539
2018-12-14,2629.679931640625,2635.070068359375,2593.840087890625,2599.949951171875,4064370000,-0.019086709555430348,-0.019271212268699812,2683.7239990234375,2729.51080078125,2681.4558644536673,2787.164147473554,2580.283850573321,206.88029690023268,45.90397394656224,0.013899843990285725,41.22998046875,-33.130126953125,-137.85009765625,0.021624597193804496
2018-12-17,2590.75,2601.1298828125,2530.5400390625,2545.93994140625,4661420000,-0.020773480559224233,-0.020992284828576645,2674.5109985351564,2722.3973974609376,2668.549586068199,2792.343350740336,2556.678646329977,235.66470441035926,34.49500811941327,0.01419165134345544,70.58984375,-91.780029296875,-214.22998046875,0.14689853532035713
2018-12-18,2559.89990234375,2573.989990234375,2528.7099609375,2546.159912109375,4519190000,8.640058610476231e-05,8.639685378910398e-05,2665.0054931640625,2715.6091943359374,2656.893426643549,2792.1638547613957,2537.8471315667293,254.31672319466634,33.1123262191111,0.014155152209548622,45.280029296875,-90.6201171875,-244.210205078125,-0.03051216153017755
2018-12-19,2547.050048828125,2585.2900390625,2488.9599609375,2506.9599609375,5152830000,-0.01539571453679811,-0.015515459175936802,2655.8169921875,2708.059794921875,2642.6140489572585,2800.4995866343015,2511.1343977406987,289.36518889360286,18.860274809866027,0.014096813441322669,96.330078125,-144.110107421875,-193.10009765625,0.1402109670095748
2018-12-20,2496.77001953125,2509.6298828125,2441.179931640625,2467.419921875,5619780000,-0.01577210632742365,-0.015897809484103957,2647.0934936523436,2699.8013916015625,2625.9288939970434,2814.557240466091,2479.629746838596,334.9274936274951,17.331196862313845,0.01397561848318211,68.449951171875,-183.1201171875,-228.530029296875,0.09062010584474933
2018-12-21,2465.3798828125,2504.409912109375,2408.550048828125,2416.6201171875,7657890000,-0.020588228309714296,-0.02080312049854063,2635.4280029296874,2692.4201953125,2605.994724777087,2832.0295311471814,2438.8264747121934,393.20305643498796,11.158868887789708,0.014402055454910856,95.85986328125,-183.329833984375,-216.4599609375,0.36266722184854205
2018-12-24,2400.56005859375,2410.340087890625,2351.10009765625,2351.10009765625,2613670000,-0.027112254452099527,-0.02748657287831441,2621.3550048828124,2684.874794921875,2581.719046003674,2855.5258428329707,2387.184166932654,468.34167590031666,4.009864395238353,0.015264318480110905,59.239990234375,-194.83984375,-286.619873046875,-0.6586958026297061
2018-12-26,2363.1201171875,2467.760009765625,2346.580078125,2467.699951171875,4249740000,0.04959374278953943,0.048403177670805035,2611.0675048828125,2678.8861962890624,2570.860084591122,2853.533020769257,2368.601988996368,484.9310317728887,26.941979611485365,0.019144512218470567,121.179931640625,-78.4599609375,-169.080078125,0.6259665527782774
2018-12-27,2442.5,2489.10009765625,2397.93994140625,2488.830078125,4139010000,0.008562680784222065,0.008526228968816992,2601.4005126953125,2673.6469970703124,2563.04770302292,2847.3220536327913,2355.4789717578337,491.84308187495753,30.11825979846479,0.019283951223747,91.16015625,-18.1298828125,-162.239990234375,-0.026055711643535817
2018-12-28,2498.77001953125,2520.27001953125,2472.889892578125,2485.739990234375,3728440000,-0.0012415825080966947,-0.0012423539102312722,2588.498010253906,2667.1633984375,2555.685063709725,2830.0023997804997,2346.9936207273126,483.008779053187,34.02297389955339,0.018263616426096384,47.380126953125,18.320068359375,-164.800048828125,-0.09919521818019283
2018-12-31,2498.93994140625,2509.239990234375,2482.820068359375,2506.85009765625,3461920000,0.00849248413140935,0.008456625862206874,2576.9505126953127,2661.116201171875,2551.034114561775,2810.3461096297124,2343.554915760913,466.7911938687994,36.2983589511315,0.018497675222765003,26.419921875,90.22998046875,-93.099853515625,-0.07148297947667126
2019-01-02,2476.9599609375,2519.489990234375,2467.469970703125,2510.030029296875,3733160000,0.0012684969251244294,0.0012676930626261643,2564.4435180664063,2655.941201171875,2547.1289635841654,2782.8249555269867,2346.062080605826,436.7628749211608,36.79164830646892,0.018317544877725918,52.02001953125,158.929931640625,-35.909912109375,0.07834958635670386
2019-01-03,2491.919921875,2493.139892578125,2443.9599609375,2447.889892578125,3858830000,-0.02475673039503723,-0.02506833181891511,2547.3195068359373,2649.5433984375,2537.677623488352,2743.711666767097,2350.9273469047776,392.78431986231953,30.74706102264568,0.018464133726191653,49.179931640625,-19.81005859375,-98.27001953125,0.03366317007575348
2019-01-04,2474.330078125,2538.070068359375,2474.330078125,2531.93994140625,4234140000,0.03433571464262353,0.03375939906034647,2538.9135009765623,2645.064599609375,2537.131177575771,2721.699293631239,2356.1277083218856,365.5715853093534,40.297452178921894,0.019514768394251144,63.739990234375,43.10986328125,24.97998046875,0.09726005032613516
2019-01-07,2535.610107421875,2566.159912109375,2524.56005859375,2549.68994140625,4133120000,0.007010434848680358,0.006985975995229761,2531.6005004882813,2641.244599609375,2538.3272503215308,2698.987008111837,2364.2139928647257,334.7730152471113,45.654804947990215,0.01964232512737046,41.599853515625,63.949951171875,82.27001953125,-0.023858445870944323
2019-01-08,2568.110107421875,2579.820068359375,2547.56005859375,2574.409912109375,4120060000,0.009695285023358924,0.009648587336497393,2528.6669921875,2639.6107958984376,2541.7636943013254,2690.5305380755835,2366.8034462994165,323.7270917761671,52.59265715064505,0.01919180748360216,32.260009765625,67.559814453125,157.789794921875,-0.0031598405078971936
2019-01-09,2580.0,2595.320068359375,2568.889892578125,2584.9599609375,4088740000,0.004098045450532162,0.004089671332822161,2526.0289916992188,2637.19859375,2545.8776244571513,2682.022413180948,2370.0355702174893,311.9868429634589,53.468129001960094,0.01921629147607748,26.43017578125,74.929931640625,233.85986328125,-0.007601831041295526
2019-01-10,2573.510009765625,2597.820068359375,2562.02001953125,2596.639892578125,3721300000,0.004518418782931244,0.004508241374462229,2524.0219848632814,2635.9575927734377,2550.7121261829584,2674.966935656031,2373.0770340705317,301.8899015854995,58.43078192829099,0.01925357521587011,35.800048828125,148.75,128.93994140625,-0.0898663157843248
2019-01-11,2588.110107421875,2596.27001953125,2577.39990234375,2596.260009765625,3447460000,-0.00014629784190933748,-0.0001463085444824661,2521.2814819335936,2635.05779296875,2555.0500198574982,2664.2961708385637,2378.2667930286234,286.02937780994034,63.07490365933485,0.019202263438942838,18.8701171875,64.320068359375,107.429931640625,-0.07358718727326474
2019-01-14,2580.31005859375,2589.320068359375,2570.409912109375,2582.610107421875,3689370000,-0.005257525167898014,-0.00527139458724949,2517.8849853515626,2633.0573974609374,2557.6747901017247,2650.847511005959,2384.9224596971662,265.9250513087927,68.2186337880299,0.019226254243061264,18.91015625,32.920166015625,96.8701171875,0.07017050234085387
2019-01-15,2585.10009765625,2613.080078125,2585.10009765625,2610.300048828125,3601180000,0.010721688622945758,0.010664618879761001,2518.402490234375,2631.0285986328126,2562.686719504239,2652.782890552666,2384.022089916084,268.76080063658173,81.02556369708373,0.018913277925270457,27.97998046875,35.89013671875,103.449951171875,-0.02390381013560583
2019-01-16,2614.75,2625.760009765625,2612.679931640625,2616.10009765625,3882180000,0.0022219854881162515,0.0022195205290883643,2521.910498046875,2628.5431982421874,2567.773707899669,2662.8220610954454,2380.998934998305,281.82312609714063,74.17569174597998,0.018247728407547785,13.080078125,31.14013671875,106.070068359375,0.07802997906241838
2019-01-17,2609.280029296875,2645.06005859375,2606.360107421875,2635.9599609375,3802410000,0.0075914003822110665,0.007562730706235749,2526.400500488281,2626.8011962890623,2574.2676367604145,2676.01922245114,2376.781778525422,299.23744392571825,74.06836738443155,0.018293875192373257,38.699951171875,39.320068359375,188.070068359375,-0.020547733489946318
2019-01-18,2651.27001953125,2675.469970703125,2647.580078125,2670.7099609375,4009010000,0.01318305304897005,0.01309691283985578,2534.588000488281,2625.4491943359376,2583.452620015375,2697.094001666969,2372.0819993095934,325.0120023573754,77.41840924537192,0.017986013871863885,27.889892578125,74.449951171875,138.77001953125,0.054333961882069515
2019-01-22,2657.8798828125,2657.8798828125,2617.27001953125,2632.89990234375,3923950000,-0.014157306164566674,-0.014258476827972471,2542.8619995117188,2622.998193359375,2588.16188499903,2707.8011908939775,2377.92280812946,329.8783827645175,67.80315360297485,0.017899208321394307,40.60986328125,50.289794921875,83.2099609375,-0.021217208238442864
2019-01-23,2643.47998046875,2653.18994140625,2612.860107421875,2638.699951171875,3358770000,0.0022029127742235755,0.002200489919450871,2553.9659912109373,2619.49439453125,2592.9750341583485,2712.9134353871636,2395.018547034711,317.89488835245265,68.03969999096358,0.01699411858436508,40.329833984375,28.39990234375,64.2900390625,-0.14403343569617355
2019-01-24,2638.840087890625,2647.199951171875,2627.010009765625,2642.330078125,3449230000,0.0013757255543636049,0.001374780110977555,2568.527490234375,2616.20439453125,2597.675514536125,2700.251502800087,2436.8034776686627,263.4480251314244,82.61107412257319,0.015312018359443971,20.18994140625,26.22998046875,57.3701171875,0.026932478258410164
2019-01-25,2657.43994140625,2672.3798828125,2657.330078125,2664.760009765625,3821000000,0.008488694060713842,0.008452867700518018,2578.3804931640625,2613.87939453125,2604.0645140817915,2707.8093156335576,2448.9516706945674,258.85764493899023,78.08038170626085,0.011409074655443904,15.0498046875,28.800048828125,68.1201171875,0.10778347631210439
2019-01-28,2644.969970703125,2644.969970703125,2624.06005859375,2643.85009765625,3630820000,-0.007846827493937836,-0.007877775848708898,2586.131494140625,2612.2319970703124,2607.853617279359,2711.4828549449967,2460.780133336253,250.70272160874356,69.6445561842049,0.011644508751868116,20.909912109375,-26.85986328125,47.590087890625,-0.04977231091337342
2019-01-29,2644.889892578125,2650.929931640625,2631.050048828125,2640.0,3518070000,-0.0014562465775435074,-0.0014573079351148383,2593.8444946289064,2610.5883984375,2610.9151775384676,2711.961414135301,2475.727575122512,236.23383901278885,64.98929324241237,0.011648809523168005,19.8798828125,7.10009765625,57.389892578125,-0.031053591199784125
2019-01-30,2653.6201171875,2690.43994140625,2648.340087890625,2681.050048828125,3883270000,0.01554926091974429,0.015429609891560045,2602.5544921875,2610.1777978515624,2617.5946890898636,2719.3445729929867,2485.764411382013,233.58016161097385,69.27276804907692,0.011925006435531687,42.099853515625,42.35009765625,70.75,0.10380691686066501
2019-01-31,2685.489990234375,2708.949951171875,2678.64990234375,2704.10009765625,4953800000,0.008597395948725328,0.008560648809767757,2612.2579956054688,2609.65580078125,2625.8332994295192,2728.928659680204,2495.5873315307335,233.34132814947043,70.61310544619417,0.011967553918244285,30.300048828125,61.77001953125,88.0,0.2756774574005929
2019-02-01,2702.320068359375,2716.659912109375,2696.8798828125,2706.530029296875,3782490000,0.0008986100931438479,0.0008982065848071141,2625.1900024414062,2609.0610009765624,2633.5187022740292,2720.537362233407,2529.8426426494057,190.69471958400118,70.9870267457205,0.009950734694149917,19.780029296875,41.77001953125,70.570068359375,-0.23644676813759136
2019-02-04,2706.489990234375,2724.989990234375,2698.75,2724.8701171875,3369450000,0.006776236617404008,0.006753381117479676,2634.8365112304687,2609.7438037109373,2642.218837027693,2729.4963055056955,2540.176716955242,189.31958855045377,76.60058560849323,0.007219843790850287,26.239990234375,81.02001953125,54.16015625,-0.1091979093137061
2019-02-05,2728.340087890625,2738.97998046875,2724.030029296875,2737.699951171875,3597620000,0.00470842037697472,0.0046973704373502,2644.23701171875,2611.6600048828127,2651.312276469996,2740.619828306104,2547.8541951313964,192.76563317470755,75.22370369797487,0.0071825983513051595,14.949951171875,97.699951171875,104.800048828125,0.06771728323613657
2019-02-06,2735.050048828125,2738.080078125,2724.14990234375,2731.610107421875,3486590000,-0.0022244379802809355,-0.0022269157175087858,2652.097021484375,2613.2936083984373,2658.9596889416034,2750.128663825863,2554.065379142887,196.0632846829758,72.84342950064263,0.007143601000744845,13.93017578125,50.56005859375,92.91015625,-0.03086206992400531
2019-02-07,2717.530029296875,2719.320068359375,2687.260009765625,2706.050048828125,4114040000,-0.009357140143940179,-0.009401193202230233,2658.1515258789063,2614.763408203125,2663.444485121272,2753.648968740474,2562.6540830173385,190.99488572313567,63.555502252726555,0.007649629539095053,32.06005859375,1.949951171875,63.719970703125,0.1799609360435268
2019-02-08,2692.360107421875,2708.070068359375,2681.830078125,2707.8798828125,3649510000,0.0006762010869560964,0.0006759725660127,2663.713525390625,2615.4520068359375,2667.6764277585316,2757.0599421716674,2570.3671086095824,186.69283356208507,58.23765444790488,0.007639737199343318,26.239990234375,1.349853515625,43.119873046875,-0.11291334065784486
2019-02-11,2712.39990234375,2718.050048828125,2703.7900390625,2709.800048828125,3395330000,0.0007091030986317026,0.0007088518038183947,2669.39052734375,2616.004609375,2671.688201193731,2759.2076551168598,2579.57339957064,179.63425554621972,70.2667505691082,0.007628725393955092,14.260009765625,-15.070068359375,65.949951171875,-0.06964770613041205
2019-02-12,2722.610107421875,2748.18994140625,2722.610107421875,2744.72998046875,3843020000,0.0128902247439735,0.012807852902838604,2677.4965209960938,2616.023408203125,2678.644561124685,2763.5195929932997,2591.4734489988878,172.04614399441198,74.22437748840095,0.007776609438131282,25.579833984375,7.030029296875,104.72998046875,0.1318546356318826
2019-02-13,2750.300048828125,2761.85009765625,2748.6298828125,2753.030029296875,3684910000,0.003023994668760688,0.0030194315937109753,2684.633020019531,2616.3280078125,2685.7288914267983,2770.865514796453,2598.400525242609,172.46498955384413,74.76289871408801,0.007566001330018409,13.22021484375,21.419921875,71.97998046875,-0.041142122601495745
2019-02-14,2743.5,2757.89990234375,2731.22998046875,2745.72998046875,3845390000,-0.002651641555101225,-0.0026551633836986214,2691.1145141601564,2616.039208984375,2691.443280859365,2775.115876042574,2607.1131522777387,168.00272376483554,69.42751870097766,0.007659856442725799,26.669921875,39.679931640625,41.6298828125,0.04355058875250695
2019-02-15,2760.239990234375,2775.659912109375,2760.239990234375,2775.60009765625,3648680000,0.01087875260858695,0.010820004664957538,2698.0965209960937,2615.74380859375,2699.458215792402,2785.9215953191897,2610.2714466729976,175.65014864619206,80.30824495150887,0.0078098167133403475,15.419921875,67.72021484375,69.070068359375,-0.05115475933520397
2019-02-19,2769.280029296875,2787.330078125,2767.2900390625,2779.760009765625,3535270000,0.0014987433214488366,0.0014976213265920058,2703.5490234375,2617.3378076171875,2707.1060056946135,2797.5391836705576,2609.558863204443,187.9803204661148,82.10513328136304,0.007404005750980052,20.0400390625,69.9599609375,54.889892578125,-0.0310824736617078
2019-02-20,2779.050048828125,2789.8798828125,2774.06005859375,2784.699951171875,3904830000,0.0017771107537685182,0.00177553356074094,2711.139025878906,2619.1128076171876,2714.4959052638765,2805.6229154191915,2616.6551363386207,188.96777908057084,78.54585895098086,0.006353355117628271,15.81982421875,39.969970703125,47.0,0.10453515573067973
2019-02-21,2780.239990234375,2781.580078125,2764.550048828125,2774.8798828125,3598260000,-0.003526436790880272,-0.0035326693258413886,2717.9480224609374,2621.9488037109377,2720.2467602685074,2810.04917300724,2625.846871914635,184.202301092605,71.02538589401803,0.00651014768799205,17.030029296875,21.849853515625,43.269775390625,-0.07851046012246377
2019-02-22,2780.669921875,2794.199951171875,2779.110107421875,2792.669921875,3429350000,0.006411102394986878,0.006390638694710404,2725.4650146484373,2625.047802734375,2727.1442042310305,2816.1090721275204,2634.820957169354,181.28811495816626,73.44836798683596,0.006559957325042342,15.08984375,46.93994140625,86.619873046875,-0.046942133142129805
2019-02-25,2804.35009765625,2813.489990234375,2794.989990234375,2796.110107421875,3860260000,0.0012318625699112573,0.0012311044497517107,2732.03251953125,2628.234404296875,2733.7123854873016,2823.189559966937,2640.8754790955627,182.31408087137424,71.10438969917101,0.006427583186011269,18.5,20.510009765625,88.230224609375,0.12565354950646634
2019-02-26,2792.360107421875,2803.1201171875,2789.469970703125,2793.89990234375,3676200000,-0.0007904570968998437,-0.0007907696728402984,2739.535009765625,2631.0910009765626,2739.4445299498207,2824.631011197703,2654.439008333547,170.19200286415617,67.7667579979161,0.006014265621293164,13.650146484375,14.139892578125,84.099853515625,-0.04768072616870367
2019-02-27,2787.5,2795.760009765625,2775.1298828125,2792.3798828125,3771790000,-0.0005440493877303387,-0.0005441974362980739,2747.15400390625,2633.9277978515624,2744.4859921272187,2821.3098794767197,2672.9981283357806,148.31175114093912,69.78304167653515,0.005983822303656819,20.630126953125,7.679931640625,47.64990234375,0.026002393776181965
2019-02-28,2788.110107421875,2793.72998046875,2782.510009765625,2784.489990234375,4445780000,-0.0028255083152146643,-0.002829507598950442,2752.3260009765627,2637.6185986328123,2748.2958967088525,2821.3186746714077,2683.3333272817176,137.9853473896901,78.8551003179279,0.0052990398907706016,11.219970703125,9.610107421875,31.4599609375,0.17869234501390596
2019-03-01,2798.219970703125,2808.02001953125,2787.3798828125,2803.68994140625,3994950000,0.00689532059343434,0.006871656588713028,2757.3054931640627,2642.7735986328125,2753.5715200133664,2826.0177959595403,2688.593190368585,137.42460559095525,81.25113477458997,0.005198667954025069,20.64013671875,11.02001953125,57.9599609375,-0.10140627741363717
2019-03-04,2814.3701171875,2816.8798828125,2767.659912109375,2792.81005859375,3949730000,-0.003880558492514008,-0.003888107395255168,2761.619494628906,2647.7066015625,2757.3085236876886,2827.692455737815,2695.546533519997,132.14592221781822,75.58085820002799,0.005350990933763428,49.219970703125,-3.300048828125,17.2099609375,-0.011319290604388077
2019-03-05,2794.409912109375,2796.43994140625,2782.969970703125,2789.64990234375,3631380000,-0.001131532823106185,-0.001132173489706859,2764.8584838867187,2653.360400390625,2760.388654988266,2829.6856027850986,2700.0313649883387,129.65423779675984,67.21327425680329,0.005238092439104818,13.469970703125,-4.25,9.889892578125,-0.08060044610644268
2019-03-06,2790.27001953125,2790.27001953125,2768.68994140625,2771.449951171875,3800180000,-0.006524098653592381,-0.00654547360412503,2766.5459838867187,2659.4410009765625,2761.442111767657,2830.1418233797403,2702.950144393697,127.19167898604337,56.56071847206425,0.005439134312936993,21.580078125,-20.929931640625,-13.25,0.046483705918962004
2019-03-07,2766.530029296875,2767.25,2739.090087890625,2748.929931640625,3932150000,-0.00812571755868352,-0.008158911138331157,2767.411975097656,2666.087197265625,2760.2504755650825,2829.4575565099103,2705.366393685402,124.0911628245085,51.02825968597559,0.005752965081071896,28.159912109375,-35.56005859375,-25.949951171875,0.03472730239093935
2019-03-08,2730.7900390625,2744.1298828125,2722.27001953125,2743.070068359375,3424300000,-0.0021316888487414865,-0.0021339641314536495,2769.262976074219,2673.9265966796875,2758.614246307396,2825.5415606832307,2712.984391465207,112.55716921802377,37.63963539415168,0.005323329587072462,21.85986328125,-60.619873046875,-49.599853515625,-0.12915326221024126
2019-03-11,2747.610107421875,2784.0,2747.610107421875,2783.300048828125,3764850000,0.014666041867757107,0.014559535563489445,2773.033984375,2680.2385986328127,2760.965275118894,2821.5689871702707,2724.498981579729,97.07000559054177,51.0557186458843,0.0061724248345836515,36.389892578125,-9.510009765625,-12.81005859375,0.099450982682592
2019-03-12,2787.340087890625,2798.320068359375,2786.72998046875,2791.52001953125,3432340000,0.0029533182046204143,0.002948965727805163,2777.119982910156,2686.2923974609375,2763.8752507772138,2816.049382078303,2738.190583742009,77.85879833629406,51.99486982465711,0.006179741555807569,11.590087890625,1.8701171875,-2.3798828125,-0.08831958776578086
2019-03-13,2799.780029296875,2821.239990234375,2799.780029296875,2810.919921875,3782250000,0.006949583813841809,0.0069255467570192835,2780.429479980469,2692.79599609375,2768.3556956436696,2819.0174090087107,2741.841550952227,77.17585805648378,59.982283171717995,0.0057301024066915155,21.4599609375,39.469970703125,18.5400390625,0.10194502875589251
2019-03-14,2810.3798828125,2815.0,2803.4599609375,2808.47998046875,3505670000,-0.0008680223820187738,-0.0008683993315961826,2783.2019775390627,2698.82859375,2772.1770561032013,2821.4676694490236,2744.936285629102,76.53138381992176,54.78599808435915,0.0057312612760096575,11.5400390625,59.550048828125,23.989990234375,-0.07312578491638577
2019-03-15,2810.7900390625,2830.72998046875,2810.7900390625,2822.47998046875,5969780000,0.00498490290027398,0.0049725194084307206,2787.0394775390623,2705.0775927734376,2776.967810804682,2824.8738337363775,2749.205121341747,75.66871239463035,57.502962673783564,0.00572863863984119,19.93994140625,79.409912109375,18.7900390625,0.7028927423288558
2019-03-18,2822.610107421875,2835.409912109375,2821.989990234375,2832.93994140625,3620770000,0.0037059469012648005,0.0036990967989080333,2789.9064697265626,2712.77859375,2782.298489909593,2832.4837881365133,2747.329151316612,85.1546368199015,60.60988879747339,0.005313112937644175,13.419921875,49.639892578125,40.1298828125,-0.39348351195521447
2019-03-19,2840.760009765625,2852.419921875,2823.27001953125,2832.570068359375,3650740000,-0.0001305615560248663,-0.00013057007992675946,2792.54697265625,2718.7911962890626,2787.086259285763,2838.861049380276,2746.232895932224,92.62815344805222,60.991174691434686,0.005318137637493696,29.14990234375,41.050048828125,42.920166015625,0.008277244895422697
2019-03-20,2831.340087890625,2843.5400390625,2812.429931640625,2824.22998046875,3779160000,-0.0029443536044478913,-0.002948696740769673,2794.523474121094,2724.2819970703126,2790.6237565412853,2842.761537635851,2746.285410606337,96.47612702951392,60.84136014695363,0.005384099527744638,31.110107421875,13.31005859375,52.780029296875,0.03517642998405801
2019-03-21,2819.719970703125,2860.31005859375,2817.3798828125,2854.8798828125,3612620000,0.010852481049954399,0.010794015494689354,2798.523474121094,2729.891396484375,2796.7433876147343,2852.7934649679896,2744.253483274198,108.53998169379156,63.14385942036981,0.005735921539210722,42.93017578125,46.39990234375,105.949951171875,-0.044067993945744566
2019-03-22,2844.52001953125,2846.159912109375,2800.469970703125,2800.7099609375,4253730000,-0.018974501239482744,-0.019156827134273257,2798.9254760742188,2734.206396484375,2797.1211565026165,2853.1319742189103,2744.7189779295272,108.41299628938305,51.65950716360594,0.007199477086380729,45.68994140625,-21.77001953125,57.639892578125,0.17746400119580796
2019-03-25,2796.010009765625,2809.7900390625,2785.02001953125,2798.360107421875,3406110000,-0.000839020658475631,-0.000839372833310059,2799.037976074219,2738.24080078125,2797.23915182826,2853.229209219033,2744.846742929405,108.3824662896277,51.8359751710822,0.0071982692963308585,24.77001953125,-34.579833984375,15.06005859375,-0.1992651155574049
2019-03-26,2812.659912109375,2829.8701171875,2803.989990234375,2818.4599609375,3288570000,0.007182725862306283,0.007157052947934055,2800.265979003906,2742.6847998046874,2799.2601812672356,2855.0765238629738,2745.4554341448384,109.62108971813541,59.830241445959786,0.0073672109350160974,25.880126953125,-14.110107421875,26.93994140625,-0.034508574297365646
2019-03-27,2819.719970703125,2825.56005859375,2787.719970703125,2805.3701171875,3422400000,-0.0046443248906916645,-0.00465514327659887,2800.915490722656,2747.14,2799.8420799263085,2855.640361592747,2746.1906198525653,109.44974174018171,62.286755991134875,0.007453273879063368,37.840087890625,-18.85986328125,-5.5498046875,0.040695499867723584
2019-03-28,2809.39990234375,2819.7099609375,2798.77001953125,2815.43994140625,3185460000,0.003589481529391092,0.0035830547152617266,2802.46298828125,2751.2427978515625,2801.3275905434457,2856.9821731484935,2747.9438034140067,109.03836973448688,65.47099244370355,0.007451601691119619,20.93994140625,-39.43994140625,6.9599609375,-0.06923211781206173
2019-03-29,2828.27001953125,2836.030029296875,2819.22998046875,2834.39990234375,3752520000,0.0067342800173637585,0.006711706043324668,2803.998486328125,2755.6087939453123,2804.477334524427,2860.361834243558,2747.6351384126924,112.72669583086554,62.016771406623356,0.007444501129816838,16.800048828125,33.68994140625,11.919921875,0.1780151061385169
2019-04-01,2848.6298828125,2869.39990234375,2848.6298828125,2867.18994140625,3560090000,0.011568600124275408,0.011502195518044496,2807.71748046875,2760.2333935546876,2810.449963751267,2870.430341443841,2745.0046194936594,125.42572195018147,65.95140016839488,0.007753374768764253,20.77001953125,68.829833984375,34.25,-0.05128020636798736
2019-04-02,2868.239990234375,2872.89990234375,2858.75,2867.239990234375,3267210000,1.745570720723677e-05,1.7455554858152623e-05,2811.5969848632812,2764.163994140625,2815.8585377020395,2879.0261205743723,2744.1678491521902,134.85827142218204,62.92698726505123,0.0077383113087240345,14.14990234375,48.780029296875,34.669921875,-0.08226758312289861
2019-04-03,2876.090087890625,2885.25,2865.169921875,2873.39990234375,3570000000,0.002148376881724312,0.002146072420089187,2816.694482421875,2768.973994140625,2821.3386676679165,2886.709362488027,2746.6796023557226,140.02976013230455,64.65070203392594,0.007510471200202398,20.080078125,68.02978515625,49.169921875,0.09267540194845147
2019-04-04,2873.989990234375,2881.280029296875,2867.139892578125,2879.389892578125,3038740000,0.0020846350796801527,0.0020824652429942735,2823.21748046875,2773.78779296875,2826.867355754603,2890.9205260931676,2755.5144348443328,135.40609124883485,63.3247856114746,0.007135439110301877,14.14013671875,63.949951171875,24.510009765625,-0.14881232492997198
2019-04-05,2884.159912109375,2893.239990234375,2882.989990234375,2892.739990234375,3155970000,0.004636432770241061,0.004625717623099122,2830.7009765625,2778.7959912109377,2833.140939990772,2894.050140571411,2767.351812553589,126.69832801782195,63.81451380938147,0.007072151673992497,10.25,58.340087890625,92.030029296875,0.03857848976878575
2019-04-08,2888.4599609375,2895.949951171875,2880.780029296875,2895.77001953125,3056460000,0.0010474599539205265,0.0010469117505236662,2836.3244750976564,2783.41619140625,2839.1056142327225,2901.885955196029,2770.762994999284,131.12296019674523,64.42266870656351,0.006489335472062403,15.169921875,28.580078125,97.409912109375,-0.031530717972604316
2019-04-09,2886.580078125,2886.8798828125,2873.330078125,2878.199951171875,3032480000,-0.006067494393846573,-0.0060859764356695385,2840.6584716796874,2788.1031884765625,2842.8288844174035,2905.201247663654,2776.1156956957207,129.0855519679335,61.81844815806047,0.00672886336214243,13.5498046875,10.9599609375,59.739990234375,-0.007845677679406915
2019-04-10,2881.3701171875,2889.7099609375,2879.1298828125,2888.2099609375,3092230000,0.0034778715639784963,0.003471837754499924,2844.5229736328124,2793.0673876953124,2847.150891705032,2910.8006708498838,2778.245276415741,132.55539443414273,58.0240179805712,0.006626282667593472,10.580078125,14.81005859375,82.83984375,0.019703345116868
2019-04-11,2891.919921875,2893.419921875,2881.989990234375,2888.320068359375,2970650000,3.8123067008344336e-05,3.8122340342693696e-05,2848.5149780273437,2797.2127880859375,2851.071765672112,2915.268016394515,2781.761939660172,133.50607673434297,78.51341322522872,0.0066132013172993985,11.429931640625,8.93017578125,72.880126953125,-0.03931790326075357
2019-04-12,2900.860107421875,2910.5400390625,2898.3701171875,2907.409912109375,3726050000,0.006609324208602496,0.0065875783895457275,2852.761474609375,2801.278984375,2856.437303428042,2923.2425077006446,2782.2804415181054,140.96206618253927,82.00388631107111,0.006668984327962583,12.169921875,14.669921875,73.010009765625,0.25428778213522296
2019-04-15,2908.320068359375,2909.60009765625,2896.47998046875,2905.580078125,3114530000,-0.0006293691084816588,-0.0006295672443571088,2856.3934814453123,2805.2599853515626,2861.117567684895,2929.991348043901,2782.7956148467238,147.1957331971771,78.63916532905297,0.006664123276768506,13.1201171875,9.81005859375,38.39013671875,-0.16412018088860858
2019-04-16,2912.260009765625,2916.06005859375,2900.7099609375,2907.06005859375,3403120000,0.0005093580038946222,0.0005092283251399622,2860.1179809570312,2808.9037841796876,2865.4930430095483,2936.1389994411484,2784.096962472914,152.04203696823424,86.19123253963014,0.006658488392067528,15.35009765625,28.860107421875,39.820068359375,0.09265924553624472
2019-04-17,2916.0400390625,2918.0,2895.449951171875,2900.449951171875,3648100000,-0.0022738117853239315,-0.0022764008207388597,2863.9289794921874,2812.1587841796877,2868.8222723583413,2940.0167715687185,2787.8411874156563,152.17558415306212,81.01875194868825,0.006637542112745521,22.550048828125,12.239990234375,27.050048828125,0.07198688262535557
2019-04-18,2904.81005859375,2908.39990234375,2891.89990234375,2905.030029296875,3507100000,0.0015790922795098083,0.0015778468242496745,2866.436486816406,2815.6271826171874,2872.270630162011,2944.5471785494856,2788.3257950833267,156.22138346615884,78.79333167454591,0.006251740926276541,16.5,16.7099609375,25.64013671875,-0.038650256297798835
2019-04-22,2898.780029296875,2909.510009765625,2896.35009765625,2907.969970703125,3010130000,0.001012017561471401,0.0010115058169329091,2871.7994873046873,2819.6655810546877,2875.670567356403,2945.5142995978936,2798.084675011481,147.4296245864125,71.97198698268127,0.004155244388162582,13.159912109375,0.56005859375,15.22998046875,-0.14170397194263062
2019-04-23,2909.989990234375,2936.31005859375,2908.530029296875,2933.679931640625,3674480000,0.008841205788409079,0.008802351174995391,2878.565478515625,2824.18158203125,2881.195268716805,2948.6498990406626,2808.481057990587,140.16884105007557,78.04320585640916,0.004378533863181202,27.780029296875,28.099853515625,37.909912109375,0.2207047536152924
2019-04-24,2934.0,2936.830078125,2926.050048828125,2927.25,3468480000,-0.002191763174733685,-0.0021941686030362366,2884.00498046875,2828.5305810546874,2885.581433600919,2951.2780598744343,2816.731901063066,134.5461588113685,72.6775484353859,0.004338144855133559,10.780029296875,20.18994140625,49.050048828125,-0.056062354401166914
2019-04-25,2928.989990234375,2933.10009765625,2912.840087890625,2926.169921875,3440010000,-0.0003689736527457965,-0.0003690417402728576,2890.044970703125,2832.1593798828126,2889.4470039127364,2948.735470571576,2831.3544708346735,117.3809997369026,70.54999174186574,0.004097107207754264,20.260009765625,25.719970703125,37.9599609375,-0.008208206476612245
2019-04-26,2925.81005859375,2939.8798828125,2917.56005859375,2939.8798828125,3264390000,0.0046852921407636305,0.004674350323304823,2896.2669677734375,2835.896376953125,2894.2501352365234,2947.576294509562,2844.957641037313,102.6186534722492,70.64280994951687,0.004125051200083514,22.31982421875,34.849853515625,51.559814453125,-0.051052177173903535
2019-04-29,2940.580078125,2949.52001953125,2939.35009765625,2943.030029296875,3150390000,0.001071522174355355,0.0010709485042338864,2901.6984741210936,2839.8423779296877,2898.8958394327474,2948.206647057889,2855.1903011842983,93.01634587359058,70.67366123206592,0.003987536297827148,10.169921875,35.06005859375,35.6201171875,-0.034922297887201026
2019-04-30,2937.139892578125,2948.219970703125,2924.110107421875,2945.830078125,3939760000,0.0009514170090862972,0.0009509646987914453,2905.630480957031,2843.2469775390623,2903.3657669272475,2953.1407996119433,2858.120162302119,95.02063730982445,83.97473477647637,0.003274084412983605,24.10986328125,12.150146484375,40.25,0.25056262875390023
2019-05-01,2952.330078125,2954.1298828125,2923.360107421875,2923.72998046875,3669330000,-0.007502163081421376,-0.00753044585029134,2908.45498046875,2846.126376953125,2905.305215835962,2952.9783048199683,2863.9316561175315,89.04664870243687,65.91111908240667,0.0038221295271441778,30.769775390625,-3.52001953125,16.669921875,-0.06864123702966674
2019-05-02,2922.159912109375,2931.679931640625,2900.5,2917.52001953125,3802290000,-0.0021239857917741967,-0.0021262446486827887,2910.660986328125,2848.7827783203124,2906.4685304736086,2952.139040506261,2869.182932149989,82.95610835627213,62.402292914901246,0.0038726218069087895,31.179931640625,-8.64990234375,17.070068359375,0.036235498033700964
2019-05-03,2929.2099609375,2947.85009765625,2929.2099609375,2945.639892578125,3357180000,0.009638279380647763,0.00959212747891747,2913.973486328125,2852.197978515625,2910.1991363883244,2955.5179510314206,2872.4290216248296,83.08892940659098,65.0808601454635,0.004346943640844147,18.64013671875,5.760009765625,40.60986328125,-0.11706366426548209
2019-05-06,2908.889892578125,2937.320068359375,2898.2099609375,2932.469970703125,3203260000,-0.004470988428756373,-0.004481013189072523,2915.9599853515624,2854.9939794921875,2912.320168227829,2957.0262017421032,2874.8937689610216,82.13243278108166,59.73635870208993,0.0044382352339668455,39.110107421875,-10.56005859375,24.5,-0.04584800338379236
2019-05-07,2913.030029296875,2913.030029296875,2862.60009765625,2884.050048828125,3793060000,-0.016511651392423388,-0.016649488088905522,2915.373986816406,2856.7527783203127,2909.6277759040477,2957.959636869113,2872.788336763699,85.17130010541405,43.78208773649759,0.005869952644366176,50.429931640625,-61.780029296875,-49.6298828125,0.18412492273496373
2019-05-08,2879.610107421875,2897.9599609375,2873.280029296875,2879.419921875,3543110000,-0.0016054253132695706,-0.0016067153894199682,2915.4349853515623,2858.4631787109374,2906.7508374250906,2957.7993571694483,2873.0706135336764,84.72874363577193,44.255661380177735,0.005717474664825948,24.679931640625,-44.31005859375,-47.830078125,-0.06589666390724114
2019-05-09,2859.840087890625,2875.969970703125,2836.39990234375,2870.719970703125,3659050000,-0.0030214249424966866,-0.0030259986619282898,2914.5604858398438,2860.02998046875,2903.319326308713,2959.9081500644547,2869.2128216152328,90.69532844922196,40.83451597082364,0.005696259757798948,39.570068359375,-46.800048828125,-55.449951171875,0.03272266455176376
2019-05-10,2863.10009765625,2891.31005859375,2825.389892578125,2881.39990234375,3566780000,0.0037202972597878414,0.003713394069918638,2914.2144775390625,2861.9681787109375,2901.2317621215734,2960.5010470219586,2867.9279080561664,92.57313896579217,43.184013046892915,0.005766435298305699,65.920166015625,-64.239990234375,-58.47998046875,-0.02521692789111929
2019-05-13,2840.18994140625,2840.18994140625,2801.429931640625,2811.8701171875,3900270000,-0.02413055719884427,-0.024426469138497504,2909.4374877929686,2862.1317822265623,2892.7211292707093,2974.566177094671,2844.3087984912663,130.2573786034045,24.48792590176072,0.0076665303902083365,38.760009765625,-120.599853515625,-131.159912109375,0.09349889816585266
2019-05-14,2820.1201171875,2852.5400390625,2820.1201171875,2834.409912109375,3354860000,0.008015944543135589,0.007983987523216093,2905.8789794921877,2862.963779296875,2887.167680017249,2979.1618376663455,2832.59612131803,146.56571634831562,31.784603328342058,0.007964512063715058,32.419921875,-49.64013671875,-111.420166015625,-0.13983903678463283
2019-05-15,2820.3798828125,2858.679931640625,2815.080078125,2850.9599609375,3140900000,0.00583897507464215,0.005821994327723055,2903.073974609375,2864.18998046875,2883.719325819178,2980.3521934902324,2825.7957557285176,154.55643776171473,36.08818014646113,0.00811280531444352,43.599853515625,-28.4599609375,-72.77001953125,-0.06377613372838209
2019-05-16,2855.800048828125,2892.14990234375,2855.800048828125,2876.320068359375,3338470000,0.008895287120600504,0.008855957116499086,2901.86748046875,2866.2873828125,2883.01463463253,2980.0661589163865,2823.668802021113,156.39735689527333,38.72891929826385,0.008395810775875204,36.349853515625,5.60009765625,-41.199951171875,0.06290235282880707
2019-05-17,2858.60009765625,2885.47998046875,2854.22998046875,2859.530029296875,3316040000,-0.005837333350761975,-0.005854437174043804,2899.59248046875,2868.499384765625,2880.778005552944,2980.019438221779,2819.165522715721,160.853915506058,35.87616536832577,0.00846801988898027,31.25,-21.869873046875,-86.10986328125,-0.006718646565642361
2019-05-20,2841.93994140625,2853.860107421875,2831.2900390625,2840.22998046875,3293750000,-0.0067493779153879885,-0.006772257975405369,2896.2054809570313,2870.4425830078126,2876.9162888782585,2980.7471462170624,2811.6638156970002,169.0833305200622,33.0823085828718,0.008560136322691354,22.570068359375,28.35986328125,-92.239990234375,-0.0067218730775262525
2019-05-21,2854.02001953125,2868.8798828125,2854.02001953125,2864.360107421875,3223050000,0.008495835590448308,0.008459949093190606,2892.7394897460936,2872.0637841796874,2875.7204620728885,2976.4924774301553,2808.986502062032,167.50597536812347,40.55010006411875,0.008539258330095008,14.85986328125,29.9501953125,-19.68994140625,-0.021464895635673664
2019-05-22,2856.06005859375,2865.469970703125,2851.110107421875,2856.27001953125,3194000000,-0.0028243962306494508,-0.0028283923638994365,2889.1904907226562,2873.3587841796875,2873.8680389736846,2972.8015112150224,2805.57947023029,167.2220409847323,40.30884379809267,0.00854445139084789,14.35986328125,5.31005859375,-23.14990234375,-0.009013201780921798
2019-05-23,2836.699951171875,2836.699951171875,2805.489990234375,2822.239990234375,3899320000,-0.01191414994527018,-0.01198569224128196,2883.993994140625,2873.585185546875,2868.9510819508932,2970.7861023250007,2797.2018859562495,173.58421636875119,30.83375803134271,0.008869746043888764,31.2099609375,-54.080078125,-48.47998046875,0.22082654978083904
2019-05-24,2832.409912109375,2841.360107421875,2820.18994140625,2826.06005859375,2889230000,0.0013535590072402126,0.0013526437720373175,2878.3030029296874,2873.936787109375,2864.8662225835465,2964.5907631408304,2792.0152427185444,172.575520422286,32.97823066234368,0.00877290515872059,21.170166015625,-33.469970703125,-55.33984375,-0.2590426022998882
2019-05-28,2830.030029296875,2840.510009765625,2801.580078125,2802.389892578125,4146980000,-0.008375676922946718,-0.008410950000260244,2871.27099609375,2873.5349853515627,2858.9160959163637,2958.268544031138,2784.273448156362,173.99509587477587,35.81403870687549,0.008856411099262437,38.929931640625,-37.840087890625,-9.480224609375,0.4353235983289665
2019-05-29,2790.25,2792.030029296875,2766.06005859375,2783.02001953125,3701110000,-0.0069119122568113145,-0.00693591016723137,2863.1304931640625,2872.5365869140624,2851.6878981654004,2951.2148376607925,2775.0461486673325,176.1686889934599,34.06929473906749,0.008873954251621975,25.969970703125,-81.340087890625,-51.389892578125,-0.10751679535469183
2019-05-30,2786.93994140625,2799.0,2776.739990234375,2788.860107421875,3276030000,0.0020984713906617714,0.002096272674997037,2856.386999511719,2871.6623876953126,2845.7042990469695,2945.580867597693,2767.1931314257445,178.38773617194875,36.34304138575986,0.008865932206371665,22.260009765625,-67.409912109375,-62.099853515625,-0.11485203087722329
2019-05-31,2766.14990234375,2768.97998046875,2750.52001953125,2752.06005859375,3982670000,-0.01319537280847849,-0.013283205250452958,2848.1140014648436,2870.2189892578126,2836.7857999561866,2943.8844051181177,2752.3435978115695,191.54080730654823,30.15166047236542,0.009192601309087155,18.4599609375,-70.179931640625,-124.260009765625,0.21570010042643073
2019-06-03,2751.530029296875,2763.070068359375,2728.81005859375,2744.449951171875,3952360000,-0.0027652403144732274,-0.002769070654307939,2838.0545043945312,2868.010390625,2827.9919095957757,2932.953813676171,2743.1551951128913,189.7986185632799,37.22622132464705,0.008709711387048643,34.260009765625,-81.610107421875,-115.080078125,-0.00761047237154977
2019-06-04,2762.639892578125,2804.489990234375,2762.639892578125,2803.27001953125,3814130000,0.021432370568193138,0.021205927081077776,2831.5945068359374,2868.061591796875,2825.6374438753446,2916.4956549590065,2746.6933587128683,169.8022962461382,44.81314571860556,0.01033181552654725,41.85009765625,0.880126953125,-36.9599609375,-0.03497404082624056
2019-06-05,2818.090087890625,2827.280029296875,2800.919921875,2826.14990234375,3570760000,0.008161854781411959,0.008128726978813691,2828.699499511719,2868.6173876953126,2825.686249443764,2909.9391216948297,2747.459877328608,162.4792443662218,45.95282396683946,0.010000702913557539,26.360107421875,43.1298828125,-38.210205078125,-0.0638074737882558
2019-06-06,2828.510009765625,2852.10009765625,2822.449951171875,2843.489990234375,3445140000,0.006135586748687638,0.006116840676004416,2826.9030029296873,2869.11798828125,2827.3818438047747,2904.946258656215,2748.8597472031597,156.0865114530552,44.50065351565247,0.010123691039540854,29.650146484375,54.6298828125,-12.780029296875,-0.035180185730768754
2019-06-07,2852.8701171875,2884.969970703125,2852.8701171875,2873.340087890625,3244380000,0.01049769746289475,0.010442979247260026,2827.0340087890627,2870.4773876953127,2831.7588194319987,2905.395108597294,2748.6729089808314,156.7221996164626,52.216341512343746,0.010399592689553148,32.099853515625,121.280029296875,51.10009765625,-0.05827339382434382
2019-06-10,2885.830078125,2904.77001953125,2885.510009765625,2886.72998046875,3209890000,0.0046600444669098184,0.004649220074765499,2827.3005126953126,2871.9031884765627,2836.9941681021655,2906.472188240668,2748.1288371499572,158.3433510907107,57.60697305863708,0.01041892962115082,19.260009765625,142.280029296875,60.669921875,-0.010630690609607973
2019-06-11,2903.27001953125,2910.610107421875,2878.530029296875,2885.719970703125,3551000000,-0.00034988023558091275,-0.0003499414579512858,2830.9930053710937,2872.92958984375,2841.634720730828,2913.9334131681385,2748.052597574049,165.88081559408965,53.78023235315467,0.008721533324162159,32.080078125,82.449951171875,83.330078125,0.10626843910538986
2019-06-12,2882.72998046875,2888.570068359375,2874.679931640625,2879.840087890625,3039870000,-0.0020375791387226005,-0.002039657827237423,2833.264514160156,2873.1825927734376,2845.2733271269994,2919.0389375247382,2747.490090795574,171.54884672916432,54.204281492591136,0.008605033456682128,13.89013671875,53.690185546875,96.820068359375,-0.14393973528583492
2019-06-13,2886.239990234375,2895.239990234375,2881.989990234375,2891.639892578125,3100640000,0.004097381912668174,0.004089010502850191,2835.2985107421873,2873.6705908203126,2849.689190503297,2924.69268071414,2745.9043407702347,178.78833994390516,63.44542028349365,0.008560377626704037,13.25,48.14990234375,102.77978515625,0.019990986456657645
2019-06-14,2886.820068359375,2894.449951171875,2879.6201171875,2886.97998046875,2992810000,-0.001611511904139773,-0.0016128117861529605,2835.831506347656,2873.9421923828127,2853.2406943095307,2926.3752243791328,2745.2877883161796,181.0874360629532,61.764239969223105,0.00835367259337396,14.829833984375,13.639892578125,134.919921875,-0.03477669126373906
2019-06-17,2889.75,2897.27001953125,2887.300048828125,2889.669921875,2828400000,0.0009317492412306283,0.0009313154323528439,2837.3385009765625,2874.14779296875,2856.710144553861,2930.508201830057,2744.168800123068,186.3394017069886,68.34078766592688,0.008231659585542565,9.969970703125,2.93994140625,145.219970703125,-0.05493499420277259
2019-06-18,2906.7099609375,2930.7900390625,2905.43994140625,2917.75,3441540000,0.009717399870633026,0.009670489592970687,2841.214501953125,2874.6479931640624,2862.52346412016,2941.0986436231533,2741.3303602830965,199.76828334005677,77.3119873935689,0.008285794968112051,25.35009765625,32.030029296875,114.47998046875,0.2167798048366567
2019-06-19,2920.550048828125,2931.739990234375,2911.429931640625,2926.4599609375,3300220000,0.002985163546397107,0.0029807167930238428,2844.3194946289063,2875.2617919921877,2868.61265429324,2950.8714320324298,2737.767557225383,213.10387480704685,77.57293551186703,0.008126806029379187,20.31005859375,46.619873046875,100.31005859375,-0.04106301248859523
2019-06-20,2949.60009765625,2958.06005859375,2931.5,2954.179931640625,3943060000,0.009472185190685156,0.00942760533587314,2849.214990234375,2876.7813916015625,2876.761918802515,2966.5318629936824,2731.8981174750675,234.6337455186149,92.03130251482219,0.00827768605884588,26.56005859375,62.5400390625,110.68994140625,0.1947870141990533
2019-06-21,2952.7099609375,2964.14990234375,2946.8701171875,2950.4599609375,5003540000,-0.0012592227925193322,-0.0012600162797279978,2855.6259887695314,2878.0263916015624,2883.780779958228,2980.505978684003,2730.74599885506,249.75997982894296,93.54478809627756,0.007675010791587317,17.27978515625,63.47998046875,77.119873046875,0.26894848163608964
2019-06-24,2951.419921875,2954.919921875,2944.050048828125,2945.35009765625,3136960000,-0.0017318870104667816,-0.0017333884605870258,2861.5904907226563,2879.1669921875,2889.6445245008968,2991.8057556151152,2731.3752258301975,260.4305297849178,88.85380085724586,0.007724865109695272,10.869873046875,55.68017578125,58.6201171875,-0.37305187926947725
2019-06-25,2945.780029296875,2946.52001953125,2916.010009765625,2917.3798828125,3579430000,-0.009496397343734198,-0.009541775640387554,2867.339990234375,2879.3663916015626,2892.28598719724,2996.700915603499,2737.9790648652506,258.7218507382486,74.272370609021,0.007808449135389717,30.510009765625,-0.3701171875,31.659912109375,0.1410505712536978
2019-06-26,2926.070068359375,2932.590087890625,2912.989990234375,2913.780029296875,3511350000,-0.0012339337557076835,-0.0012346956788039985,2873.8779907226562,2879.530390625,2894.333038825777,2998.4231366862973,2749.332844759015,249.09029192728212,70.17631888770534,0.0075652184424405845,19.60009765625,-12.679931640625,33.93994140625,-0.019019788066815146
2019-06-27,2919.659912109375,2929.300048828125,2918.570068359375,2924.919921875,3162500000,0.003823175554131808,0.0038158857925908473,2880.6809814453127,2879.887587890625,2897.2460753066553,3000.4449758317387,2760.9169870588867,239.52798877285204,66.58736925741509,0.007572321567797836,10.72998046875,-29.260009765625,33.280029296875,-0.09934925313625809
2019-06-28,2932.93994140625,2943.97998046875,2929.050048828125,2941.760009765625,5422650000,0.0057574526279098315,0.005740941840599626,2890.165979003906,2880.7137890625,2901.485497636081,2996.3130671219824,2784.01889088583,212.29417623615245,67.31272322285803,0.006645594790833779,14.929931640625,-8.699951171875,54.780029296875,0.7146719367588932
2019-07-01,2971.409912109375,2977.929931640625,2952.219970703125,2964.330078125,3524860000,0.007672301032188189,0.007643018610953927,2901.1599853515627,2881.8997900390623,2907.470695777883,2987.4508152852954,2814.86915541783,172.58165986746553,71.77691959122666,0.006548439409646333,25.7099609375,18.97998046875,74.66015625,-0.3499746433939126
2019-07-02,2964.659912109375,2973.2099609375,2955.919921875,2973.010009765625,3224490000,0.002928125887423194,0.002923847276988696,2909.6469848632814,2883.2005908203123,2913.712535205287,2988.465106218529,2830.828863508034,157.63624271049503,75.41604839934253,0.005080941855943771,17.2900390625,55.630126953125,55.260009765625,-0.08521473193261575
2019-07-03,2978.080078125,2995.840087890625,2977.9599609375,2995.820068359375,1963570000,0.007672378673070135,0.007643095660684157,2918.1304931640625,2884.4433935546876,2921.5323002675814,2995.621472570528,2840.639513757597,154.98195881293123,76.80913034081713,0.005055662499052148,17.880126953125,82.0400390625,69.360107421875,-0.39104478537691234
2019-07-05,2984.25,2994.030029296875,2967.969970703125,2990.409912109375,2434680000,-0.00180590159841032,-0.0018075342045486649,2925.4764892578123,2885.706591796875,2928.0920728239425,3001.0053377411787,2849.947640774446,151.0576969667327,76.51369027130207,0.005102416174903767,26.06005859375,65.489990234375,36.22998046875,0.2399252382140693
2019-07-08,2979.77001953125,2980.760009765625,2970.090087890625,2975.949951171875,2922360000,-0.004835444424841517,-0.004847173010123794,2930.606982421875,2886.7021923828124,2932.6499659999363,3005.158003221481,2856.0559616222686,149.1020415992125,70.85871791390983,0.004993705201824263,10.669921875,34.18994140625,25.489990234375,0.20030558430676715
2019-07-09,2965.52001953125,2981.89990234375,2963.43994140625,2979.6298828125,3033330000,0.0012365569653400854,0.0012357930584538906,2935.2519775390624,2887.4971923828125,2937.124243791609,3009.868673434667,2860.635281643458,149.23339179120921,66.9608346984443,0.004947810424693309,18.4599609375,15.2998046875,34.27978515625,0.03797273436537596
2019-07-10,2989.300048828125,3002.97998046875,2984.6201171875,2993.070068359375,3157800000,0.0045106896075925995,0.004500546936082614,2940.619482421875,2888.4979931640623,2942.4524175599677,3015.6768688277193,2865.562096016031,150.11477281168845,67.7959004235768,0.004966506520609701,18.35986328125,20.06005859375,75.690185546875,0.04103411102649557
2019-07-11,2999.6201171875,3002.330078125,2988.800048828125,2999.909912109375,3155710000,0.002285226738359958,0.002282619578948549,2946.6229736328123,2889.57958984375,2947.9245598980065,3020.4079180041103,2872.8380292615143,147.56988874259605,63.75172162656635,0.004882239515639523,13.530029296875,4.08984375,86.1298828125,-0.0006618531889289736
2019-07-12,3003.360107421875,3013.919921875,3001.8701171875,3013.77001953125,2984140000,0.004620174547884881,0.004609534302066538,2952.7294799804686,2891.380390625,2954.1955560535534,3027.562393862769,2877.896566098168,149.6658277646011,67.94399481853812,0.004895128149218496,12.0498046875,23.360107421875,88.85009765625,-0.054368113673309626
2019-07-15,3017.800048828125,3017.800048828125,3008.77001953125,3014.300048828125,2876100000,0.00017586919155743175,0.00017585372838413283,2959.0954833984374,2893.3159912109377,2959.9197934606555,3032.015413563229,2886.175553233646,145.83986032958273,70.06338295323926,0.0048401565197331515,9.030029296875,38.35009765625,72.5400390625,-0.036204735702748514
2019-07-16,3012.1298828125,3015.02001953125,3001.14990234375,3004.0400390625,3297030000,-0.003403778522185874,-0.003409584555010327,2964.8139892578124,2894.483994140625,2964.1217216132122,3032.564818078693,2897.063160436932,135.50165764176108,78.11448558158396,0.004993259748061519,13.8701171875,24.41015625,39.7099609375,0.14635443830186712
2019-07-17,3005.10009765625,3005.260009765625,2984.25,2984.419921875,3185650000,-0.006531243569450895,-0.006552665466093182,2968.1474853515624,2895.5229931640624,2966.0548835429063,3032.6299756928074,2903.6649950103174,128.96498068249002,70.75929659417847,0.004985583119943361,21.010009765625,-8.650146484375,11.409912109375,-0.03378191887850579
2019-07-18,2978.8701171875,2998.280029296875,2973.090087890625,2995.110107421875,3369820000,0.003581997784064761,0.0035755977088190827,2971.5799926757813,2897.7441943359377,2968.8220477218556,3033.994483367419,2909.1655019841437,124.82898138327528,70.68180412141233,0.004998963996262721,25.18994140625,-4.7998046875,-0.7099609375,0.05781237737981271
2019-07-19,3004.260009765625,3006.02001953125,2975.860107421875,2976.610107421875,3285890000,-0.00617673452276668,-0.006195889464844692,2972.7015014648437,2899.687998046875,2969.563767693286,3034.603521447974,2910.7994814817134,123.80403996626046,60.1692379589999,0.004854010542706522,30.159912109375,-37.159912109375,-13.7998046875,-0.024906374821207056
2019-07-22,2981.929931640625,2990.7099609375,2976.64990234375,2985.030029296875,3016200000,0.002828694915066654,0.002824701686250326,2974.4300048828127,2901.97419921875,2971.036744988866,3035.6438446709185,2913.216165094707,122.42767957621163,56.58393552966099,0.004866983412730307,14.06005859375,-29.27001953125,9.080078125,-0.08207517597971936
2019-07-23,2994.739990234375,3005.89990234375,2988.56005859375,3005.469970703125,3333810000,0.006847482673755456,0.00682414513927642,2977.435998535156,2904.4556005859376,2974.3160998187955,3038.5416118179764,2916.330385252336,122.21122656564057,59.60578676476963,0.005026672730760135,17.33984375,1.429931640625,25.840087890625,0.10530137258802474
2019-07-24,2998.77001953125,3019.590087890625,2996.820068359375,3019.56005859375,3433220000,0.004688147952890187,0.004677192813475714,2982.5450073242187,2908.6093994140624,2978.625048273553,3039.450590925337,2925.6394237231,113.8111672022369,57.40761337406394,0.004429574949741211,22.77001953125,35.14013671875,26.489990234375,0.02981873592076334
2019-07-25,3016.260009765625,3016.31005859375,2997.239990234375,3003.669921875,3657050000,-0.005262401280453521,-0.005276296483599537,2987.039501953125,2911.994599609375,2981.010274330834,3034.4909642143607,2939.5880396918897,94.90292452247104,53.88354443413212,0.004657283530567037,19.070068359375,8.559814453125,3.760009765625,0.06519535596320658
2019-07-26,3013.25,3027.97998046875,3012.590087890625,3025.860107421875,3260170000,0.007387691099234761,0.007360535770783042,2992.0865112304687,2915.4926025390623,2985.281687006171,3032.6977545866234,2951.475267874314,81.22248671230955,63.98429954004055,0.004815160040881308,15.389892578125,49.25,12.090087890625,-0.1085246305081965
2019-07-29,3024.469970703125,3025.610107421875,3014.300048828125,3020.969970703125,3224490000,-0.0016161146071345112,-0.0016174219290574364,2996.047009277344,2918.3856005859375,2988.6805711677857,3031.0562824812514,2961.0377360734365,70.01854640781494,61.50503267467601,0.004770939996747265,11.31005859375,35.93994140625,6.669921875,-0.0109442145654981
2019-07-30,3007.659912109375,3017.18994140625,3000.93994140625,3013.179931640625,3632770000,-0.0025786549148275606,-0.0025819853720443708,2998.489501953125,2921.4585986328125,2991.0138435937706,3030.9016232930176,2966.0773806132324,64.82424267978513,55.778339609511356,0.004602533784711464,16.25,7.7099609375,9.139892578125,0.1266184729988309
2019-07-31,3016.219970703125,3017.39990234375,2958.080078125,2980.3798828125,4626330000,-0.010885526112695776,-0.01094520695213996,2998.8579956054687,2924.2615966796875,2990.001085424126,3030.2003485825703,2967.515642628367,62.68470595420331,45.116783321796014,0.00526021985843182,59.31982421875,-39.18017578125,-4.0400390625,0.27349928566906234
2019-08-01,2980.320068359375,3013.590087890625,2945.22998046875,2953.56005859375,4793810000,-0.00899879386967306,-0.009039527568806017,2996.7449951171875,2926.045595703125,2986.5305114402804,3034.0756890001358,2959.4143012342392,74.6613877658965,35.86160401025495,0.005323786057161904,68.360107421875,-50.10986328125,-41.550048828125,0.03620148151990876
2019-08-02,2943.89990234375,2945.5,2914.110107421875,2932.050048828125,3882810000,-0.007282739927037873,-0.007309388539565105,2993.827001953125,2927.5611962890625,2981.3418959534083,3041.054374633728,2946.599629272522,94.45474536120582,32.41849998643144,0.005521051239227747,31.389892578125,-93.81005859375,-44.56005859375,-0.19003673487267958
2019-08-05,2898.070068359375,2898.070068359375,2822.1201171875,2844.739990234375,4542850000,-0.0297778200029859,-0.030230182169694777,2987.26650390625,2928.0111962890624,2968.3321906468336,3068.8831468105714,2905.6498610019285,163.2332858086429,24.38582235150487,0.008469694138780128,75.949951171875,-176.22998046875,-140.2900390625,0.1699902905370081
2019-08-06,2861.179931640625,2884.39990234375,2847.419921875,2881.77001953125,4156640000,0.013017017169932643,0.012933023911166613,2982.3735107421876,2929.1253955078123,2960.0881743501113,3076.6669223407976,2888.0800991435776,188.58682319721993,34.369809502708534,0.009108125932516174,36.97998046875,-131.409912109375,-123.699951171875,-0.08501491354546153
2019-08-07,2858.64990234375,2892.169921875,2825.7099609375,2883.97998046875,4512720000,0.0007668762331907164,0.0007665823338588767,2976.9190063476562,2930.757197265625,2952.8397749328387,3080.746052390898,2873.0919603044144,207.65409208648362,32.629967388425754,0.009013289217993112,66.4599609375,-96.39990234375,-135.580078125,0.08566534508641599
2019-08-08,2896.2099609375,2938.719970703125,2894.469970703125,2938.090087890625,4118530000,0.018762303409984193,0.018588462466865085,2973.828015136719,2933.8585986328126,2951.43504283358,3078.4509292066373,2869.2051010668006,209.2458281398367,44.58228317526594,0.010095885628650117,44.25,-15.469970703125,-65.579833984375,-0.08735086599656083
2019-08-09,2930.510009765625,2935.75,2900.14990234375,2918.64990234375,3356850000,-0.00661660635492356,-0.006638593133657111,2969.0720092773436,2936.45439453125,2948.3126485012153,3074.6931303578504,2863.450888196837,211.24224216101356,40.94456090147735,0.010079788029091088,35.60009765625,-13.400146484375,-107.210205078125,-0.18493977220027535
2019-08-12,2907.070068359375,2907.580078125,2873.139892578125,2882.699951171875,3328570000,-0.012317322177972212,-0.012393809115915354,2962.4920043945312,2939.0671923828127,2942.0638201841352,3072.5530193975023,2852.43098939156,220.12203000594218,33.93191964713657,0.01035043897479346,34.440185546875,37.9599609375,-138.27001953125,-0.008424564696069226
2019-08-13,2880.719970703125,2943.31005859375,2877.050048828125,2926.320068359375,3857190000,0.015131688322181258,0.015018346267301863,2958.606005859375,2942.7045947265624,2940.5644152484438,3067.9763842613474,2849.235627457402,218.74075680394526,38.67239150694082,0.011041688228942229,66.260009765625,44.550048828125,-86.85986328125,0.15881294369654242
2019-08-14,2894.14990234375,2894.14990234375,2839.639892578125,2840.60009765625,4325150000,-0.029292752911742603,-0.02973035245453567,2951.4150146484376,2943.4511962890624,2931.044004049187,3071.9783917008776,2830.8516375959975,241.1267541048801,33.06262983219189,0.012667791469261622,54.510009765625,-43.3798828125,-139.77978515625,0.12132148014487232
2019-08-15,2846.199951171875,2856.669921875,2825.510009765625,2847.60009765625,4041720000,0.0024642680276520945,0.0024612366981802422,2944.039514160156,2943.8802001953127,2923.096965345098,3071.2145474335603,2816.864480886752,254.3500665468082,30.8816128557566,0.012642499934011574,31.159912109375,-90.489990234375,-105.9599609375,-0.06553067523669698
2019-08-16,2864.739990234375,2893.6298828125,2864.739990234375,2888.679931640625,3524080000,0.014426124657807904,0.014323058172245003,2939.6430053710938,2944.7839990234374,2919.8191526113387,3068.1496729917635,2811.136337750424,257.0133352413395,36.833933491755715,0.013151609219522707,28.889892578125,-29.969970703125,-43.3701171875,-0.1280741862375424
2019-08-19,2913.47998046875,2931.0,2913.47998046875,2923.64990234375,3221050000,0.012105865492430645,0.012033175564397505,2936.5739990234374,2945.7901953125,2920.1839859191873,3063.43799467354,2809.710003373335,253.72799130020485,41.546913747009725,0.013468952732370832,17.52001953125,40.949951171875,78.909912109375,-0.08598839980931194
2019-08-20,2919.010009765625,2923.6298828125,2899.60009765625,2900.510009765625,3067710000,-0.007914727601131322,-0.007946215312115467,2931.3260009765627,2946.0657958984375,2918.310273904562,3054.8291442146087,2807.8228577385166,247.0062864760921,42.31887379076622,0.013423477981251661,24.02978515625,-25.81005859375,18.739990234375,-0.04760559444901502
2019-08-21,2922.0400390625,2928.72998046875,2917.909912109375,2924.429931640625,3016540000,0.00824679859557964,0.008212979557352937,2926.5694946289063,2946.8399951171873,2918.893098450854,3042.882769562056,2810.2562196957565,232.62654986629968,47.18282756591787,0.013535584943094852,10.820068359375,83.829833984375,40.449951171875,-0.016680194672899273
2019-08-22,2930.93994140625,2939.080078125,2904.510009765625,2922.949951171875,2893660000,-0.0005060748601761755,-0.00050620295927854,2922.53349609375,2947.7021923828124,2919.2794653766655,3033.0390660193325,2812.027926168167,221.01113985116535,49.08446033905965,0.013507974093863654,34.570068359375,75.349853515625,-15.14013671875,-0.04073541209465148
2019-08-23,2911.070068359375,2927.010009765625,2834.969970703125,2847.110107421875,3942520000,-0.025946336754618105,-0.02628888112283785,2913.59599609375,2946.8115966796877,2912.406193190495,3017.6397677548202,2809.5522244326794,208.08754332214085,50.24408542889441,0.014409405471632702,92.0400390625,-41.56982421875,-71.539794921875,0.36246829275035775
2019-08-26,2866.699951171875,2879.27001953125,2856.0,2878.3798828125,2859790000,0.010982987735216332,0.01092311273079789,2906.4664916992188,2946.6395947265623,2909.1655922021146,2998.3630732230954,2814.569910175342,183.7931630477533,49.646676376323505,0.01474192764873873,23.27001953125,-45.27001953125,-4.320068359375,-0.2746289175451234
2019-08-27,2893.139892578125,2898.7900390625,2860.590087890625,2869.159912109375,3537490000,-0.003203180635808267,-0.0032083218005562386,2899.265490722656,2946.22939453125,2905.3555274313776,2977.510177604937,2821.0208038403753,156.4893737645616,48.47768069187623,0.014743186546405152,38.199951171875,-31.35009765625,-57.16015625,0.2369754422527528
2019-08-28,2861.280029296875,2890.030029296875,2853.050048828125,2887.93994140625,3102480000,0.006545480165679685,0.006524151530562512,2894.6434936523438,2945.633193359375,2903.696900190889,2963.0110201005323,2826.275967204155,136.73505289637706,44.44540589652553,0.014726755702559366,36.97998046875,-36.489990234375,47.33984375,-0.12297137235723632
2019-08-29,2910.3701171875,2930.5,2905.669921875,2924.580078125,3177150000,0.012687291793508804,0.012607482441094399,2893.1944946289063,2945.595595703125,2905.685774279852,2957.406494158512,2828.9824950993006,128.42399905921138,50.632714875598204,0.01494008429618829,24.830078125,1.630126953125,76.97998046875,0.024067842500193448
2019-08-30,2937.090087890625,2940.429931640625,2913.320068359375,2926.4599609375,3009910000,0.0006427872591217021,0.0006425807598767749,2892.914990234375,2945.0411962890626,2907.664268247247,2956.4600573741145,2829.369923094636,127.09013427947866,55.034986839554925,0.014852378190941184,27.10986328125,79.349853515625,37.780029296875,-0.052638370866971984
2019-09-03,2909.010009765625,2914.389892578125,2891.85009765625,2906.27001953125,3427830000,-0.00689910050906084,-0.0069230093326854165,2895.991491699219,2944.1573974609373,2907.531482655247,2955.5488287023177,2836.43415469612,119.11467400619767,47.56158754383204,0.013229768269545925,22.539794921875,27.89013671875,-17.3798828125,0.13884800542208908
2019-09-04,2924.669921875,2938.840087890625,2921.860107421875,2937.780029296875,3167900000,0.010842079212828093,0.010783725278421427,2898.7919921875,2944.00599609375,2910.4122966211166,2960.752571167853,2836.831413207147,123.9211579607063,63.61371628540414,0.013135729743957896,16.97998046875,68.6201171875,37.27001953125,-0.07582931475598265
2019-09-05,2960.60009765625,2985.860107421875,2960.60009765625,2976.0,3902600000,0.013009813642266721,0.01292591292175976,2903.3929931640623,2945.1783984375,2916.6587445619625,2973.8114192522457,2832.974567075879,140.83685217636685,66.54044676812063,0.013404585065692115,25.260009765625,88.06005859375,51.570068359375,0.23192019950124698
2019-09-06,2980.330078125,2985.030029296875,2972.510009765625,2978.7099609375,3209340000,0.0009106051537297599,0.0009101908043767861,2905.4239868164063,2946.4769970703123,2922.5683842167755,2982.1193425096044,2828.7286311232083,153.3907113863961,62.8699163441303,0.012785738324858641,12.52001953125,54.1298828125,55.760009765625,-0.17764054732742274
2019-09-09,2988.429931640625,2989.429931640625,2969.389892578125,2978.429931640625,4031120000,-9.401025965849463e-05,-9.401467889992668e-05,2908.41298828125,2947.547197265625,2927.8885315904754,2991.6584769484043,2825.1674996140955,166.4909773343088,58.69305304265961,0.012670209075497846,20.0400390625,51.969970703125,131.31982421875,0.25605887814940154
2019-09-10,2971.010009765625,2979.389892578125,2957.010009765625,2979.389892578125,4393040000,0.0003223043548219451,0.0003222524259310153,2913.2474853515623,2948.299794921875,2932.7934231131085,3001.297372525681,2825.1975981774435,176.0997743482376,63.46535346698719,0.012275278229050819,22.3798828125,73.119873046875,101.010009765625,0.08978149993054041
2019-09-11,2981.409912109375,3000.929931640625,2975.31005859375,3000.929931640625,3934370000,0.007229681189480308,0.0072036723263872,2916.977978515625,2949.0317919921877,2939.2826144014434,3013.2940206563194,2820.661936374931,192.63208428138842,63.16606833124924,0.0119436763619823,25.619873046875,63.14990234375,131.77001953125,-0.10440833682370299
2019-09-12,3009.080078125,3020.739990234375,3000.919921875,3009.570068359375,3796990000,0.002879153101061016,0.0028750162782333164,2925.426477050781,2949.7629931640627,2945.9766576355323,3023.166063107353,2827.6868909942095,195.47917211314325,64.5492152848857,0.009523933828029718,19.820068359375,33.570068359375,121.630126953125,-0.03491791570187852
2019-09-13,3012.2099609375,3017.330078125,3002.89990234375,3007.389892578125,3557010000,-0.0007244143620946941,-0.0007246768769660504,2933.415966796875,2949.9943896484374,2951.8255371538744,3030.490321336509,2836.341612257241,194.14870907926797,85.77354057276375,0.009558882556609609,14.43017578125,28.679931640625,82.809814453125,-0.0632026947661174
2019-09-16,2996.409912109375,3002.18994140625,2990.669921875,2997.9599609375,4285860000,-0.0031355866640028207,-0.0031405129163559896,2938.8799682617187,2950.145390625,2956.219291799934,3037.639433702364,2840.1205028210734,197.51893088129054,79.57265163682031,0.00923355967632077,11.52001953125,19.530029296875,71.5,0.20490524344885164
2019-09-17,2995.669921875,3006.2099609375,2993.72998046875,3005.699951171875,3673250000,0.0025817523700197853,0.0025784253724619854,2942.982470703125,2950.740390625,2960.931735549643,3045.8110421470506,2840.153899259199,205.65714288785148,84.01592082406808,0.008919717429346555,12.47998046875,26.31005859375,99.429931640625,-0.1429374734592357
2019-09-18,3001.5,3007.830078125,2978.570068359375,3006.72998046875,3458800000,0.00034269198975556137,0.00034263328426719085,2948.2934692382814,2951.282392578125,2965.293473160986,3052.843480141265,2843.743458335298,209.10002180596712,82.46513043060516,0.008651841021558101,29.260009765625,5.800048828125,68.949951171875,-0.05838154223099434
2019-09-19,3010.360107421875,3021.989990234375,3003.159912109375,3006.7900390625,3265660000,1.997472142156731e-05,1.9974521929475905e-05,2952.411474609375,2951.5567919921873,2969.2455270563687,3059.461948286554,2845.361000932196,214.10094735435814,78.0829046656392,0.008525639176898749,18.830078125,-2.780029296875,30.7900390625,-0.05584017578350875
2019-09-20,3008.419921875,3016.3701171875,2984.679931640625,2992.070068359375,6103440000,-0.0048955765157830955,-0.004907599104880387,2955.86748046875,2951.3999951171877,2971.4192928947505,3063.3751416487635,2848.359819288736,215.0153223600273,70.60486869848572,0.008633764451157468,31.690185546875,-15.31982421875,13.360107421875,0.8689759497314478
2019-09-23,2983.5,2999.14990234375,2982.22998046875,2991.780029296875,3187250000,-9.693591923765066e-05,-9.694061782751375e-05,2963.1009765625,2950.9601953125,2973.3584106473336,3058.5942526172144,2867.6077005077855,190.98655210942889,80.69048307527842,0.005837223566998473,16.919921875,-6.179931640625,13.35009765625,-0.4777944896648447
2019-09-24,3002.429931640625,3007.97998046875,2957.72998046875,2966.60009765625,3872800000,-0.008416371322106486,-0.00845198896355148,2967.5119873046874,2950.0061962890627,2972.71476179104,3054.2791011600784,2880.7448734492964,173.53422771078203,60.83622337232208,0.005963390314899261,50.25,-39.099853515625,-12.789794921875,0.21509137971605607
2019-09-25,2968.35009765625,2989.820068359375,2952.860107421875,2984.8701171875,3331200000,0.006158571742003405,0.0061396852419639035,2973.297497558594,2949.6227978515626,2973.872414685941,3046.8813324855055,2899.7136626316824,147.1676698538231,53.923779407825954,0.005939897590468936,36.9599609375,-21.85986328125,-16.059814453125,-0.13984713902086343
2019-09-26,2985.72998046875,2987.280029296875,2963.7099609375,2977.6201171875,3084910000,-0.002428916406865711,-0.002431871009613191,2977.7815063476564,2949.4868017578124,2974.2293387337086,3039.425483428045,2916.137529267268,123.28795416077719,49.53651405408998,0.005917020975212987,23.570068359375,-29.169921875,-31.949951171875,-0.07393431796349659
2019-09-27,2985.469970703125,2987.31005859375,2945.530029296875,2961.7900390625,3246480000,-0.005316352490240539,-0.005330534579128577,2979.6420043945313,2948.820400390625,2973.044643526927,3036.5926027005594,2922.6914060885033,113.90119661205608,43.75005731200287,0.005486811851985484,41.780029296875,-30.280029296875,-45.599853515625,0.05237429941230043
2019-09-30,2967.070068359375,2983.85009765625,2967.070068359375,2976.739990234375,3249130000,0.005047606675254723,0.005034910215248393,2982.156005859375,2948.822998046875,2973.396581308589,3033.3721596594264,2930.9398520593236,102.43230760010283,49.09934878286788,0.005574356885247291,16.780029296875,-15.0400390625,-21.219970703125,0.00081626869717355
2019-10-01,2983.68994140625,2992.530029296875,2938.699951171875,2940.25,3560750000,-0.012258373372913245,-0.012334126945412846,2983.8550048828124,2947.9273974609373,2970.239764041104,3025.9060938612542,2941.8039159043706,84.10217795688368,31.278594875858502,0.006073761661786345,53.830078125,-26.35009765625,-65.449951171875,0.09590875095794882
2019-10-02,2924.780029296875,2924.780029296875,2874.929931640625,2887.610107421875,3914180000,-0.017903202985502964,-0.01806540418764383,2981.3465087890627,2945.5702001953123,2962.370272934511,3038.311359926492,2924.3816576516333,113.92970227485876,20.406695560068343,0.006871032613668259,49.85009765625,-97.260009765625,-119.119873046875,0.09925717896510577
2019-10-03,2885.3798828125,2911.1298828125,2855.93994140625,2910.6298828125,3515130000,0.00797191259701524,0.007940304773866787,2978.0780029296875,2943.3915966796876,2957.4426167324145,3043.2455056179897,2912.9105002413853,130.33500537660439,28.677797372659867,0.006413761799132349,55.18994140625,-66.990234375,-96.16015625,-0.10194983368163957
2019-10-04,2918.56005859375,2953.739990234375,2918.56005859375,2952.010009765625,3005600000,0.014216897585460186,0.014116785239259274,2976.7430053710937,2942.3583984375,2956.9252255927204,3042.9417694055737,2910.5442413366136,132.39752806896013,41.12420761538092,0.007265794374907356,35.179931640625,-9.780029296875,-40.06005859375,-0.14495338721469764
2019-10-07,2944.22998046875,2959.75,2935.679931640625,2938.7900390625,2959050000,-0.004478294673592398,-0.00448835227368152,2974.7610107421874,2940.6169970703127,2955.198064970795,3043.086591350181,2906.4354301341937,136.65116121598749,37.34348085102452,0.007321211035382311,24.070068359375,-37.949951171875,-52.989990234375,-0.01548775618844822
2019-10-08,2920.39990234375,2925.469970703125,2892.659912109375,2893.06005859375,3370700000,-0.015560819201407838,-0.01568315955210993,2970.4445190429688,2938.058798828125,2949.2801596015524,3047.844105073228,2893.0449330127094,154.79917206051869,31.608581545379707,0.00803728494020264,32.81005859375,-47.18994140625,-73.5400390625,0.13911559453202882
2019-10-09,2911.10009765625,2929.320068359375,2907.409912109375,2919.39990234375,2735350000,0.0091044925499415,0.009063296514845923,2966.368017578125,2936.1831982421877,2946.434420815095,3045.5741322247613,2887.161902931489,158.4122292932725,36.96873807727816,0.008153791429406608,21.91015625,31.789794921875,-65.47021484375,-0.18849200462811877
2019-10-10,2918.550048828125,2948.4599609375,2917.1201171875,2938.1298828125,3234400000,0.006415695380997066,0.0063952024117826045,2962.796008300781,2935.3381982421874,2945.6435124338955,3040.222280049782,2885.36973655178,154.85254349800198,42.051713382638304,0.008287462446770883,31.33984375,27.5,-39.490234375,0.18244465973275825
2019-10-11,2963.070068359375,2993.280029296875,2963.070068359375,2970.27001953125,3581320000,0.010938977513132997,0.010879579673789056,2960.9400146484377,2935.6723974609376,2947.988894062215,3035.595409596713,2886.2846197001622,149.3107898965509,47.10240207431242,0.008719408179512332,30.2099609375,18.260009765625,8.47998046875,0.10725946079643833
2019-10-14,2965.81005859375,2972.840087890625,2962.93994140625,2966.14990234375,2559270000,-0.0013871187334510982,-0.0013880816732189801,2959.34951171875,2936.35439453125,2949.7185138985515,3032.0129108755687,2886.686112561931,145.32679831363748,49.935706565321986,0.008701231377669472,9.900146484375,27.35986328125,-10.590087890625,-0.2853836015770721
2019-10-15,2973.610107421875,3003.280029296875,2973.610107421875,2995.679931640625,3345090000,0.009955676641137279,0.009906445376489171,2958.8485107421875,2939.373193359375,2954.095791778749,3030.2942894108896,2887.4027320734854,142.89155733740427,51.49567178386821,0.008989996240760542,29.669921875,102.619873046875,55.429931640625,0.30704849429720205
2019-10-16,2989.679931640625,2997.5400390625,2985.199951171875,2989.68994140625,3230320000,-0.0019995427986508885,-0.002001544553193733,2957.9965087890623,2941.531591796875,2957.485710790892,3027.415772278399,2888.5772452997257,138.83852697867314,51.6758530450641,0.008998787103455273,12.340087890625,70.2900390625,102.079833984375,-0.034309988669961045
2019-10-17,3000.77001953125,3008.2900390625,2991.7900390625,2997.949951171875,3103470000,0.0027628315736780706,0.002759021969775287,2957.5545043945312,2943.8109912109376,2961.3394479700332,3025.767751734504,2889.3412570545584,136.4264946799458,55.12848657516639,0.00902391297489729,16.5,59.820068359375,87.320068359375,-0.03926855543723218
2019-10-18,2996.840087890625,3000.0,2976.31005859375,2986.199951171875,3268970000,-0.003919344949506964,-0.003927045709799847,2957.2609985351564,2944.7731884765626,2963.707114941637,3024.8970031739627,2889.62499389635,135.2720092776126,51.3539768089365,0.008999262471001836,23.68994140625,15.929931640625,34.18994140625,0.05332740448594642
2019-10-21,2996.47998046875,3007.330078125,2995.35009765625,3006.719970703125,3271960000,0.006871616056117524,0.006848114105333746,2958.0079956054688,2946.53458984375,2967.803577395112,3027.5523089109174,2888.46368230002,139.08862661089734,59.96940276810477,0.009131669954867345,11.97998046875,40.570068359375,67.929931640625,0.0009146611929751192
2019-10-22,3010.72998046875,3014.570068359375,2995.0400390625,2995.989990234375,3527540000,-0.003568666378412577,-0.003575049258376838,2959.477490234375,2948.800390625,2970.487997665518,3031.0001389790427,2887.9548414897076,143.0452974893351,68.59258514683955,0.008950994012714068,19.530029296875,0.31005859375,102.929931640625,0.07811220186065837
2019-10-23,2994.010009765625,3004.780029296875,2991.2099609375,3004.52001953125,3413600000,0.0028471487971184484,0.002843103345830729,2960.4599853515624,2950.3643896484373,2973.7291426051115,3033.9637440885003,2886.9562266146245,147.00751747387585,66.94950064787963,0.008871698037764993,13.570068359375,14.830078125,85.1201171875,-0.03230012983552277
2019-10-24,3014.780029296875,3016.070068359375,3000.419921875,3010.2900390625,3696510000,0.0019204463587332299,0.0019186046591713529,2962.0934814453126,2953.7581884765623,2977.2111327439106,3038.593925260493,2885.593037630132,153.00088763036092,62.07325227010421,0.008852878733896027,15.650146484375,12.340087890625,72.16015625,0.08287731427232248
2019-10-25,3003.320068359375,3027.389892578125,3001.93994140625,3022.550048828125,3379060000,0.004072700506109195,0.004064429510656049,2965.131481933594,2957.2571875,2981.5291247519312,3046.26662010211,2883.9963437650777,162.27027633703256,67.4209564741403,0.008772151570780715,25.449951171875,36.35009765625,52.280029296875,-0.08587830142485753
2019-10-28,3032.1201171875,3044.080078125,3032.1201171875,3039.419921875,3524970000,0.005581337868471481,0.0055658199161177,2968.265478515625,2960.2719873046876,2987.0425340017473,3055.8727381513067,2880.6582188799434,175.21451927136332,84.593891522826,0.008785746345087664,11.9599609375,32.699951171875,73.27001953125,0.04318064787248521
2019-10-29,3035.389892578125,3047.8701171875,3034.81005859375,3036.889892578125,3594430000,-0.0008324053147991117,-0.0008327519564807664,2973.0974731445312,2962.536787109375,2991.789901485212,3064.764928709383,2881.4300175796793,183.33491112970387,81.29224142751804,0.008226506417543132,13.06005859375,40.89990234375,41.2099609375,0.019705132242260115
2019-10-30,3039.739990234375,3050.10009765625,3025.9599609375,3046.77001953125,3779660000,0.00325337015914573,0.0032480894008573105,2981.05546875,2965.4619873046877,2997.026103203882,3069.0349423823955,2893.075995117604,175.95894726479128,80.36670151523009,0.00681976190330449,24.14013671875,42.25,57.080078125,0.051532510022451294
2019-10-31,3046.89990234375,3046.89990234375,3023.18994140625,3037.56005859375,4149310000,-0.0030228605633046968,-0.0030274386345390905,2987.4019775390625,2967.72458984375,3000.886479907679,3072.2477000694435,2902.5562550086815,169.6914450607619,71.5742080116223,0.006816277847301283,23.7099609375,27.27001953125,39.610107421875,0.09779980209860151
2019-11-01,3050.719970703125,3066.949951171875,3050.719970703125,3066.909912109375,3956290000,0.009662312168146059,0.009615930559647514,2993.14697265625,2970.6037890625,3007.1744258316503,3083.29667843785,2902.99726687465,180.2994115632,77.80661435657373,0.0064589278741755286,16.22998046875,44.35986328125,80.7099609375,-0.04651857778763213
2019-11-04,3078.9599609375,3085.199951171875,3074.8701171875,3078.27001953125,4178040000,0.003704089049704651,0.0036972458053124275,3000.1209716796875,2975.2269873046876,3013.9454347554215,3094.065668212341,2906.176275147034,187.88939306530665,75.33282710962739,0.006288487622758126,10.329833984375,38.85009765625,71.550048828125,0.056049986224467885
2019-11-05,3080.800048828125,3083.949951171875,3072.14990234375,3074.6201171875,4490590000,-0.001185699214361291,-0.0011864027118206639,3009.198974609375,2979.1517919921876,3019.723975939429,3094.2519108911006,2924.1460383276494,170.10587256345116,76.43001714014807,0.004773918004751436,11.800048828125,37.730224609375,78.630126953125,0.07480780461651881
2019-11-06,3075.10009765625,3078.340087890625,3065.889892578125,3076.780029296875,4465510000,0.0007024972279667807,0.0007022505922896238,3017.067980957031,2983.3041943359376,3025.157885782995,3096.0435397519423,2938.09242216212,157.9511175898224,75.49982783620115,0.0045796280284238905,12.4501953125,30.010009765625,72.260009765625,-0.00558501221443064
2019-11-07,3087.02001953125,3097.77001953125,3080.22998046875,3085.179931640625,4151990000,0.0027300951851503275,0.002726375244280665,3024.4204833984377,2987.248994140625,3030.8742711027694,3099.7488709423415,2949.092095854534,150.65677508780755,82.72720521282022,0.004492976948163202,17.5400390625,47.619873046875,74.889892578125,-0.07020922582191058
2019-11-08,3081.25,3093.090087890625,3073.580078125,3093.080078125,3508160000,0.0025606760900243053,0.002557403145115828,3030.560986328125,2990.618994140625,3036.798633676315,3107.3121084440113,2953.809864212239,153.50224423177224,81.15447283360196,0.004026641450905955,19.510009765625,26.170166015625,70.530029296875,-0.15506540237331978
2019-11-11,3080.330078125,3088.330078125,3075.820068359375,3087.010009765625,3041120000,-0.0019624672514313435,-0.0019643954133371925,3036.6039916992186,2993.8299951171875,3041.5806694943444,3110.9974496351797,2962.2105337632574,148.78691587192225,83.97792270760347,0.0040543401670772895,12.510009765625,8.739990234375,47.590087890625,-0.13312961780534527
2019-11-12,3089.280029296875,3102.610107421875,3084.72998046875,3091.840087890625,3495560000,0.0015646460846321375,0.0015634233012630327,3041.411999511719,2997.541396484375,3046.3672807701805,3117.0875467278884,2965.7364522955495,151.35109443233887,83.52275602994023,0.003596814113222753,17.880126953125,17.219970703125,54.9501953125,0.1494317882885252
2019-11-13,3084.179931640625,3098.06005859375,3078.800048828125,3094.0400390625,3513720000,0.0007115345908383919,0.0007112815701162954,3046.629504394531,3000.6665966796877,3050.907543464687,3121.676629559803,2971.582379229259,150.09425033054413,83.05836095906253,0.0035044277488029377,19.260009765625,17.260009765625,47.27001953125,0.005195161862477038
2019-11-14,3090.75,3098.199951171875,3083.260009765625,3096.6298828125,3282090000,0.0008370427393644686,0.0008366926144567594,3051.5635009765624,3003.0791943359377,3055.2620519740026,3126.10884531708,2977.0181566360448,149.09068868103532,81.6581147713733,0.0035007992899993004,14.93994140625,11.449951171875,59.06982421875,-0.06592158737748033
2019-11-15,3107.919921875,3120.4599609375,3104.60009765625,3120.4599609375,3359800000,0.007695488006902673,0.007666028777973181,3058.276501464844,3005.9141943359373,3061.471376637193,3132.2164924454205,2984.3365104842674,147.87998196115313,82.68798991609879,0.00349578364290994,15.85986328125,27.3798828125,53.550048828125,0.02367698631055215
2019-11-18,3117.909912109375,3124.169921875,3112.06005859375,3122.030029296875,3440140000,0.0005031528617669423,0.0005030263228096366,3064.0420043945314,3008.7861962890624,3067.2388673666865,3139.0303497776827,2989.05365901138,149.97669076630245,84.60981167428862,0.0033348873291398455,12.10986328125,35.02001953125,43.760009765625,0.02391213762723976
2019-11-19,3127.449951171875,3127.639892578125,3113.469970703125,3120.179931640625,3613670000,-0.0005925944462060739,-0.0005927700996925261,3070.251501464844,3011.6019970703123,3072.280873488014,3142.010865273556,2998.4921376561315,143.5187276174247,81.92568966505775,0.0031392170491784375,14.169921875,28.33984375,45.559814453125,0.05044271454068738
2019-11-20,3114.659912109375,3118.969970703125,3091.409912109375,3108.4599609375,4041010000,-0.003756184245747196,-0.0037632564209410676,3075.4484985351564,3013.75259765625,3075.7265008641557,3142.032458962984,3008.864538107329,133.1679208556552,80.17531244934517,0.0033870525373382574,27.56005859375,14.419921875,31.679931640625,0.11825650931047949
2019-11-21,3108.489990234375,3110.110107421875,3094.550048828125,3103.5400390625,3744010000,-0.0015827522106851566,-0.0015840060861895076,3080.1109985351563,3015.6319970703125,3078.375409263998,3140.2292936191143,3019.9927034511984,120.23659016791589,69.68302403622883,0.0034651359639094113,15.56005859375,6.91015625,18.360107421875,-0.07349647736580711
2019-11-22,3111.409912109375,3112.8701171875,3099.260009765625,3110.2900390625,3235270000,0.0021749356911917594,0.002172573942375937,3084.497998046875,3017.69,3081.414897816236,3139.5196988943703,3029.47629719938,110.04340169499028,68.10269151138716,0.0034175634947460273,13.610107421875,-10.169921875,17.2099609375,-0.1358810473262625
2019-11-25,3117.43994140625,3133.830078125,3117.43994140625,3133.639892578125,3514310000,0.007507291353015866,0.0074792518874672075,3089.2089965820314,3020.4035986328126,3086.3887068411777,3144.1139165658055,3034.3040765982573,109.80983996754821,77.28862308975687,0.003564453922845574,16.39013671875,11.60986328125,46.6298828125,0.08624937022257795
2019-11-26,3134.85009765625,3142.68994140625,3131.0,3140.52001953125,4600450000,0.0021955703874654287,0.0021931636449402277,3094.3905029296875,3023.1,3091.544069954518,3148.051595184152,3040.729410675223,107.32218450892924,78.23849440268239,0.0035227310318839493,11.68994140625,20.340087890625,48.679931640625,0.3090620918473328
2019-11-27,3145.489990234375,3154.260009765625,3143.409912109375,3153.6298828125,3035470000,0.004174424362754614,0.0041657356252997445,3099.73349609375,3026.037998046875,3097.457004512421,3154.6943971723217,3044.7725950151785,109.92180215714325,79.11027956649853,0.003550226552921055,10.85009765625,45.169921875,59.58984375,-0.34017976502298686
2019-11-29,3147.179931640625,3150.300048828125,3139.340087890625,3140.97998046875,1743420000,-0.004011219709926239,-0.004019286229989053,3104.9044921875,3028.721796875,3101.602049841595,3154.4270127544637,3055.3819716205367,99.04504113392704,69.57977893186327,0.0036259534906307863,10.9599609375,37.43994140625,44.35009765625,-0.425650722952294
2019-12-02,3143.85009765625,3144.31005859375,3110.780029296875,3113.8701171875,3285750000,-0.008631020716408422,-0.008668483693963605,3107.2525024414062,3031.1577978515625,3102.7704372078715,3153.537231033434,3060.9677738493783,92.56945718405586,59.36808690720894,0.0038094815770793513,33.530029296875,3.580078125,-6.58984375,0.884657741680146
2019-12-03,3087.409912109375,3094.969970703125,3070.330078125,3093.199951171875,3671580000,-0.00663809511563529,-0.006660225258045148,3107.9989990234376,3033.1861962890625,3101.8589623473003,3152.7724785270448,3063.2255195198304,89.54695900721435,50.42709352504746,0.004081996671410724,24.639892578125,-40.43994140625,-28.830078125,0.11742524537776755
2019-12-04,3103.5,3119.3798828125,3102.530029296875,3112.760009765625,3702980000,0.00632356747139462,0.006303657608769993,3109.9059936523436,3036.10939453125,3102.8971573395215,3151.853181295256,3067.958806009431,83.89437528582494,55.30131127547571,0.004283387654644458,16.849853515625,-27.760009765625,-7.419921875,0.00855217644719719
2019-12-05,3119.2099609375,3119.449951171875,3103.760009765625,3117.429931640625,3360480000,0.0015002511791302187,0.0014991269266302707,3111.9384887695314,3038.7605908203127,3104.281231082484,3150.9650668071636,3072.9119107318993,78.05315607526427,55.821781609902295,0.004287856161965531,15.68994140625,-36.199951171875,8.969970703125,-0.0924930731464928
2019-12-06,3134.6201171875,3150.60009765625,3134.6201171875,3145.909912109375,3483310000,0.009135724328457329,0.009094246030426013,3114.974987792969,3042.12638671875,3108.2458673707592,3154.6797699947524,3075.2702055911855,79.40956440356695,56.94254450519809,0.004672217244499166,15.97998046875,4.929931640625,42.369873046875,0.03655132600104749
2019-12-09,3141.860107421875,3148.8701171875,3135.4599609375,3135.9599609375,3400470000,-0.00316282139344648,-0.003167833684474369,3117.1189819335937,3045.60978515625,3110.885304853306,3156.4750595811174,3077.76290428607,78.71215529504752,53.63383812329714,0.0047453695922425165,13.41015625,22.08984375,25.669921875,-0.02378197748693056
2019-12-10,3135.360107421875,3142.1201171875,3126.090087890625,3132.52001953125,3346310000,-0.0010969340964486207,-0.0010975361689841293,3119.394482421875,3048.7253857421874,3112.945753870253,3156.6259426097317,3082.1630222340186,74.46292037571311,53.19262093682217,0.0047237143747796565,16.030029296875,39.320068359375,-1.119873046875,-0.015927210062138486
2019-12-11,3135.75,3143.97998046875,3133.2099609375,3141.6298828125,3257650000,0.002908158040315856,0.0029039375293507703,3121.8839721679688,3052.7529833984377,3115.677575674277,3157.999517502352,3085.7684268335856,72.23109066876623,58.69919323857088,0.004745522555001654,10.77001953125,28.869873046875,1.10986328125,-0.026494855527431693
2019-12-12,3141.22998046875,3176.280029296875,3138.469970703125,3168.570068359375,4003200000,0.008575225775086182,0.008538667375555057,3125.6104736328125,3058.3721826171877,3120.7149559300005,3164.872483190094,3086.348464075531,78.52401911456309,65.28897537008018,0.005052776098283774,37.81005859375,51.14013671875,14.940185546875,0.2288612957193068
2019-12-13,3166.64990234375,3182.679931640625,3156.510009765625,3168.800048828125,3757650000,7.258178414493166e-05,7.25791502146863e-05,3129.2189819335936,3063.5355859375,3125.2944885869647,3170.4811443941658,3087.9568194730214,82.5243249211444,64.19114886622161,0.005058578019013738,26.169921875,22.89013671875,27.820068359375,-0.06133842925659472
2019-12-16,3183.6298828125,3197.7099609375,3183.6298828125,3191.449951171875,4070200000,0.007147785279833618,0.007122360942542787,3132.7684814453123,3068.324384765625,3131.5950088331465,3182.2525201047574,3083.284442785867,98.96807731889021,64.0691508956391,0.005022717756224065,14.080078125,55.489990234375,77.579833984375,0.08317698561601006
2019-12-17,3195.39990234375,3198.219970703125,3191.030029296875,3192.52001953125,3842940000,0.00033529222633799094,0.0003352360284609262,3136.2929809570314,3073.398984375,3137.3973908043945,3192.183236020747,3080.402725893316,111.78051012743072,63.02346513004388,0.005023973380856189,7.18994140625,60.0,99.320068359375,-0.055835094098570126
2019-12-18,3195.2099609375,3198.47998046875,3191.139892578125,3191.139892578125,4029950000,-0.00043230017186479675,-0.0004323936405227425,3139.8409790039063,3079.3605810546874,3142.5157243066546,3200.250912756474,3079.4310452513387,120.81986750513533,59.98084915919494,0.00502120954826969,7.340087890625,49.510009765625,78.3798828125,0.048663263022581615
2019-12-19,3192.320068359375,3205.47998046875,3192.320068359375,3205.3701171875,3784360000,0.004459292004863613,0.004449378821864254,3144.686486816406,3085.0799853515623,3148.5018569619733,3209.857001933422,3079.5159716993903,130.34103023403168,66.99035755882869,0.004935150282207422,13.159912109375,36.800048828125,87.940185546875,-0.06094120274445092
2019-12-20,3223.330078125,3225.64990234375,3216.030029296875,3221.219970703125,6457480000,0.004944781081796634,0.004932595804334098,3150.5704833984373,3090.741787109375,3155.427391603988,3221.12631701224,3080.0146497846345,141.11166722760572,80.11550194443798,0.0049330668788955066,9.619873046875,52.419921875,75.31005859375,0.7063598600555971
2019-12-23,3226.050048828125,3227.780029296875,3222.300048828125,3224.010009765625,3064530000,0.0008661436002121992,0.0008657687142985109,3156.256481933594,3095.8165869140626,3161.9590695241436,3231.328847191544,3081.184116675644,150.14473051589994,90.78889271217459,0.004937545304549194,5.47998046875,32.56005859375,88.050048828125,-0.5254294244813766
2019-12-24,3225.449951171875,3226.429931640625,3220.510009765625,3223.3798828125,1296530000,-0.00019544819997963092,-0.00019546730246814044,3160.7434814453127,3100.9611865234374,3167.8086707897014,3240.6930874940085,3080.793875396617,159.89921209739168,89.11036034091948,0.004767121734209597,5.919921875,30.85986328125,90.85986328125,-0.5769237044506009
2019-12-26,3227.199951171875,3240.080078125,3227.199951171875,3239.909912109375,2164540000,0.005128166675301138,0.005115062410053991,3165.7129760742187,3105.8457861328125,3174.6754556772894,3252.438350804288,3078.9876013441494,173.45074946013847,89.95294949636529,0.00483671114015047,12.880126953125,48.77001953125,98.280029296875,0.6694870153409485
2019-12-27,3247.22998046875,3247.929931640625,3234.3701171875,3240.02001953125,2429150000,3.398471712534601e-05,3.3984139657930306e-05,3170.0324829101564,3110.8523876953127,3180.8987474729047,3262.630656398198,3077.434309422115,185.19634697608308,87.67104545641114,0.0048079010890361,13.559814453125,34.64990234375,71.449951171875,0.12224768311049927
2019-12-30,3240.090087890625,3240.919921875,3216.570068359375,3221.2900390625,3021720000,-0.005780822450430323,-0.005797596079349905,3174.047985839844,3115.319189453125,3184.745537148104,3268.2921336378436,3079.8038380418443,188.48829559599926,81.91330835141235,0.0049268239100155806,24.349853515625,0.070068359375,52.489990234375,0.24394129633822526
2019-12-31,3215.179931640625,3231.719970703125,3212.030029296875,3230.780029296875,2894760000,0.0029460216619106028,0.002941690644190719,3179.8934814453123,3120.210791015625,3189.129774495606,3272.916466294971,3086.8704965956535,186.04596969931754,85.15803395314626,0.00434782138775819,19.68994140625,6.77001953125,39.330078125,-0.04201580556768991
2020-01-02,3244.669921875,3258.139892578125,3235.530029296875,3257.85009765625,3459930000,0.008378802677341701,0.008343895362316707,3188.1259887695314,3125.2333935546876,3195.674567177572,3277.9316759731432,3098.3203015659196,179.6113744072236,86.84835480584944,0.0040934071479568545,22.60986328125,34.47021484375,65.330078125,0.1952389835426771
2020-01-03,3226.360107421875,3246.14990234375,3222.340087890625,3234.85009765625,3484700000,-0.007059870562045378,-0.007084909364954553,3194.2304931640624,3130.010595703125,3199.4055700803033,3278.9179731173967,3109.543013210728,169.37495990666866,71.55300943310846,0.004524628652861796,23.809814453125,-5.059814453125,43.710205078125,0.0071591043749439365
2020-01-06,3217.550048828125,3246.840087890625,3214.639892578125,3246.280029296875,3702460000,0.0035333728907271933,0.003527145194272564,3200.672998046875,3134.8457958984377,3203.869804291405,3280.2079153269374,3121.1380807668124,159.06983456012495,73.48441121362544,0.004537164188057344,32.2001953125,6.260009765625,40.909912109375,0.062490314804717784
2020-01-07,3241.860107421875,3244.909912109375,3232.429931640625,3237.179931640625,3435910000,-0.0028032386528962228,-0.0028071750845948405,3205.2364990234373,3139.38359375,3207.042197372283,3281.9654331978263,3128.5075648490483,153.457868348778,65.10130962401118,0.00433490715201576,12.47998046875,15.889892578125,15.9599609375,-0.07199267514031216
2020-01-08,3238.590087890625,3267.070068359375,3236.669921875,3253.050048828125,3726840000,0.004902451368978156,0.004890473485641129,3211.0910034179688,3143.99359375,3211.4238975109347,3283.2986087098534,3138.883398126084,144.4152105837693,68.20882521860344,0.004258666874411968,30.400146484375,22.27001953125,29.0400390625,0.0846733470899994
2020-01-09,3266.030029296875,3275.580078125,3263.669921875,3274.699951171875,3641230000,0.006655262605488987,0.006633214116906491,3218.2,3148.6991943359376,3217.450188335786,3285.67810377302,3150.7218962269794,134.9562075460408,72.40450679737741,0.00432918971067101,11.91015625,16.849853515625,51.320068359375,-0.022971203486063296
2020-01-10,3281.81005859375,3282.989990234375,3260.860107421875,3265.35009765625,3214580000,-0.002855178689662563,-0.0028592624875049015,3224.3860107421874,3153.2683984375,3222.0120844615444,3284.6013490690702,3164.1706724153046,120.43067665376566,66.51430292242624,0.004471212858815695,22.1298828125,30.5,25.440185546875,-0.11717194464507874
2020-01-13,3271.1298828125,3288.1298828125,3268.429931640625,3288.1298828125,3459390000,0.006976215252569862,0.006951994045933256,3230.3640014648436,3158.095595703125,3228.309017637826,3290.9855148382353,3169.742488091452,121.24302674678347,67.74516037548933,0.004359266652010407,19.699951171875,41.849853515625,48.10986328125,0.0761561385935332
2020-01-14,3285.35009765625,3294.25,3277.18994140625,3283.14990234375,3687620000,-0.001514532772802224,-0.0015156808368957204,3236.081494140625,3163.007392578125,3233.53195903839,3293.7530397376686,3178.409948543582,115.34309119408681,65.50437858187968,0.004407744551484208,17.06005859375,45.969970703125,61.85986328125,0.06597405901040365
2020-01-15,3282.27001953125,3298.659912109375,3280.68994140625,3289.2900390625,3721490000,0.0018701968845122874,0.0018684502436879626,3240.973498535156,3167.4549951171875,3238.8422523740196,3299.2993969984796,3182.6476000718326,116.65179692664697,66.79410966982599,0.00422382544036092,17.969970703125,36.239990234375,58.510009765625,0.00918478585103677
2020-01-16,3302.969970703125,3317.110107421875,3302.820068359375,3316.81005859375,3540580000,0.00836655302646827,0.008331747422232019,3247.1880004882814,3172.2257958984374,3246.26775772828,3310.0832652641266,3184.2927357124363,125.79052955169027,68.55519673693672,0.004479363124017307,14.2900390625,42.110107421875,58.9599609375,-0.04861224939473163
2020-01-17,3323.659912109375,3329.8798828125,3318.860107421875,3329.6201171875,3726220000,0.003862162248501333,0.003854723247485144,3254.11201171875,3177.3257958984377,3254.206077676777,3321.3663489392866,3186.857674498214,134.5086744410728,70.37107345535928,0.0044635200759072895,11.019775390625,64.27001953125,94.77001953125,0.052432087398109894
2020-01-21,3321.030029296875,3329.7900390625,3316.610107421875,3320.7900390625,4104840000,-0.0026519776473655776,-0.002655500369585384,3259.8830078125,3182.20599609375,3260.5474073325604,3329.3001936654846,3190.465821959516,138.8343717059688,73.6882179665722,0.004551065299268305,13.179931640625,32.66015625,74.510009765625,0.10160967414699074
2020-01-22,3330.02001953125,3337.77001953125,3320.0400390625,3321.75,3623780000,0.0002890760711180551,0.00028903429668107475,3264.9095092773437,3186.9373974609375,3266.3762256818404,3337.0445025813283,3192.774515973359,144.26998660796926,72.57431513032184,0.004499452394809481,17.72998046875,38.60009765625,84.570068359375,-0.11719336198244024
2020-01-23,3315.77001953125,3326.8798828125,3301.8701171875,3325.5400390625,3766710000,0.0011409766124783616,0.001140326193358241,3269.9860107421873,3191.5865966796873,3272.0108745752364,3344.2604615727414,3195.7115599116332,148.54890166110818,68.99162680081321,0.00449768172072552,25.009765625,36.25,72.489990234375,0.03944223987107387
2020-01-24,3333.10009765625,3333.179931640625,3281.530029296875,3295.469970703125,3708780000,-0.009042160974207403,-0.009083289426193788,3273.5905151367188,3195.7557958984376,3274.245074206464,3345.2942164805795,3201.886813792858,143.40740268772151,66.35898733309878,0.005077215852287009,51.64990234375,-21.340087890625,20.77001953125,-0.015379469085753827
2020-01-27,3247.159912109375,3258.85009765625,3234.5,3243.6298828125,3831050000,-0.015730711659182384,-0.015855752356844034,3273.776513671875,3198.791591796875,3271.329341692753,3345.130801405432,3202.4222259383178,142.70857546711431,49.41287954592412,0.006223298975956312,24.35009765625,-85.990234375,-21.72021484375,0.032967714450574004
2020-01-28,3255.35009765625,3285.780029296875,3253.219970703125,3276.239990234375,3531570000,0.010053584595046017,0.010003383500352516,3275.587512207031,3202.4355908203124,3271.797022506241,3345.150489053153,3206.0245353609093,139.12595369224346,57.83708426567809,0.006610970892983711,32.56005859375,-44.550048828125,-11.889892578125,-0.07817178058234686
2020-01-29,3289.4599609375,3293.469970703125,3271.889892578125,3273.39990234375,3600250000,-0.0008668741908683941,-0.0008672501435846315,3278.193005371094,3205.9709912109374,3271.949677728861,3342.9290442334095,3213.4569665087784,129.47207772463116,54.30830317371218,0.006451646810205309,21.580078125,-48.35009765625,-9.75,0.01944744122302544
2020-01-30,3256.449951171875,3285.909912109375,3242.800048828125,3283.659912109375,3790350000,0.003134358792605374,0.0031294569302110597,3280.8369995117187,3209.234990234375,3273.0649381460526,3341.6181732327045,3220.055825790733,121.56234744197172,51.99304876724231,0.0064550459883851745,43.10986328125,-41.880126953125,-5.630126953125,0.05280188875772507
2020-01-31,3282.330078125,3282.330078125,3214.679931640625,3225.52001953125,4529700000,-0.01770582037552626,-0.01786444357136295,3279.220495605469,3211.3047900390625,3268.5368506589284,3344.1536216003133,3214.2873696106244,129.86625198968886,42.72032155810035,0.0074139162698820624,67.650146484375,-69.949951171875,-91.2900390625,0.19506114211088676
2020-02-03,3235.659912109375,3268.43994140625,3235.659912109375,3248.919921875,3760460000,0.007254613892351713,0.007228425761232584,3279.9239868164063,3213.87958984375,3266.6685717271257,3343.1145442405764,3216.7334293922363,126.38111484834008,42.849866973440996,0.007435409753818063,32.780029296875,5.2900390625,-80.7001953125,-0.16982140097578202
2020-02-04,3280.610107421875,3306.919921875,3280.610107421875,3297.590087890625,3996900000,0.014980414164082134,0.014869315917506062,3282.4894897460936,3217.6621923828125,3269.6134780284115,3344.0747071195347,3220.9042723726525,123.17043474688217,52.27132213397602,0.008111799709990241,26.309814453125,21.35009765625,-23.199951171875,0.06287528653409424
2020-02-05,3324.909912109375,3337.580078125,3313.75,3334.68994140625,4121480000,0.01125059589785371,0.011187778658972936,3287.364990234375,3222.2851904296876,3275.8112364453486,3349.2851956646814,3225.4447848040686,123.84041086061279,56.507261084088604,0.008385882535738621,23.830078125,61.2900390625,12.93994140625,0.03116915609597437
2020-02-06,3344.919921875,3347.9599609375,3334.389892578125,3345.780029296875,3887250000,0.003325672876785646,0.003320155057001924,3292.0014892578124,3226.994990234375,3282.474931002637,3356.9174517155147,3227.08552680011,129.83192491540467,54.35756081474611,0.008359765176258445,13.570068359375,62.1201171875,20.239990234375,-0.056831526539010246
2020-02-07,3335.5400390625,3341.419921875,3322.1201171875,3327.7099609375,3733920000,-0.005400853672730133,-0.005415491009458352,3294.651989746094,3230.8763916015623,3286.7830290916713,3360.908491371677,3228.395488120511,132.51300325116608,49.71715670183892,0.008398463172749407,19.2998046875,102.18994140625,32.239990234375,-0.03944433725641516
2020-02-10,3318.280029296875,3352.260009765625,3317.77001953125,3352.090087890625,3462730000,0.007326397804890528,0.007299690120573207,3298.9889892578126,3235.10779296875,3293.002748977286,3368.4477721581966,3229.5302063574286,138.917565800768,54.4306675946975,0.008471158877031246,34.489990234375,103.170166015625,108.460205078125,-0.07262876547971031
2020-02-11,3365.8701171875,3375.6298828125,3352.719970703125,3357.75,3762940000,0.0016884725532351208,0.0016870486860021178,3302.4699951171874,3239.1901953125,3299.169153836592,3376.467249880357,3228.472740354018,147.99450952633924,55.029051009452665,0.008368075163202735,22.909912109375,60.159912109375,81.510009765625,0.08669749013061945
2020-02-12,3370.5,3381.469970703125,3369.719970703125,3379.449951171875,3930910000,0.006462646466197652,0.006441853105203067,3307.2849975585937,3243.9595947265625,3306.814944059,3388.1982491094122,3226.371746007775,161.82650310163717,57.17210785233997,0.0084277249959285,11.75,44.760009765625,106.050048828125,0.044637969247450116
2020-02-13,3365.89990234375,3385.090087890625,3360.52001953125,3373.93994140625,3500890000,-0.0016304457368023773,-0.0016317763599886593,3311.5174926757813,3249.1609912109375,3313.2078009492143,3397.1836937406574,3225.8512916109053,171.33240212975215,61.16945822325919,0.00845550857917197,24.570068359375,28.159912109375,90.280029296875,-0.10939451679127732
2020-02-14,3378.080078125,3380.68994140625,3366.14990234375,3380.159912109375,3419700000,0.0018435333204338544,0.0018418360984854144,3314.6849853515623,3254.9001904296874,3319.584192488277,3405.693285514264,3223.6766851888606,182.0166003254035,72.33436346542933,0.008293047934603441,14.5400390625,52.449951171875,154.639892578125,-0.02319124565467634
2020-02-18,3369.0400390625,3375.010009765625,3355.610107421875,3370.2900390625,3750400000,-0.002919942636890105,-0.0029242139861477136,3316.7184814453126,3260.050791015625,3324.413320733441,3410.8942270387397,3222.5427358518855,188.35149118685422,66.62190768200526,0.008307605905125704,19.39990234375,18.199951171875,121.3701171875,0.096704389273913
2020-02-19,3380.389892578125,3393.52001953125,3378.830078125,3386.14990234375,3614200000,0.004705785881164548,0.004694748284284925,3319.986474609375,3265.4251904296875,3330.292995172518,3419.160576243568,3220.812372975182,198.348203268386,69.05013331925342,0.00831705767949027,14.68994140625,28.39990234375,88.559814453125,-0.03631612627986347
2020-02-20,3380.449951171875,3389.14990234375,3341.02001953125,3373.22998046875,4019180000,-0.00381551976362815,-0.0038228174279975285,3322.5604736328123,3269.971591796875,3334.3822318673974,3424.559326093798,3220.5616211718266,203.9977049219715,64.99885938367471,0.008386086055072748,48.1298828125,-6.219970703125,38.5400390625,0.11205245974212819
2020-02-21,3360.5,3360.760009765625,3328.449951171875,3337.75,3908780000,-0.01051810302712286,-0.010573809232819777,3323.1709716796877,3274.007392578125,3334.70297168955,3425.390835631193,3220.9511077281823,204.43972790301086,70.33669908547807,0.008758312245152517,32.31005859375,-36.18994140625,-8.030029296875,-0.027468289551600078
2020-02-24,3257.610107421875,3259.81005859375,3214.64990234375,3225.889892578125,4851160000,-0.03351362667122315,-0.03408807942044074,3319.6919677734377,3275.8747900390626,3324.3398212979855,3430.2755597011083,3209.108375845767,221.16718385534114,46.83991930539931,0.011424049622660741,45.16015625,-154.27001953125,-101.820068359375,0.24109312880233724
2020-02-25,3238.93994140625,3246.989990234375,3118.77001953125,3128.2099609375,5596760000,-0.030279995565056117,-0.030747904375353224,3313.9209716796877,3275.6063916015623,3305.660786977939,3450.264424669209,3177.5775186901665,272.6869059790424,29.51375580602202,0.012792471392430484,128.219970703125,-242.080078125,-223.880126953125,0.1536951986741315
2020-02-26,3139.89990234375,3182.510009765625,3108.989990234375,3116.389892578125,5484650000,-0.0037785406053220116,-0.00378569732353003,3305.928466796875,3274.5627880859374,3287.63498751129,3467.9040138367136,3143.9529197570364,323.9510940796772,21.877238968157656,0.01249219062249238,73.52001953125,-269.760009765625,-241.360107421875,-0.020031232355863016
2020-02-27,3062.5400390625,3097.070068359375,2977.389892578125,2978.760009765625,7064710000,-0.04416324258407911,-0.045168136352261155,3291.1964721679688,3270.7619873046874,3258.218322964084,3509.4487782101487,3072.944166125789,436.5046120843599,14.343425143474107,0.015578580508577503,119.68017578125,-394.469970703125,-400.68994140625,0.28808766284083753
2020-02-28,2916.89990234375,2959.719970703125,2855.840087890625,2954.219970703125,8569570000,-0.008238340444361891,-0.008272463109653077,3274.724475097656,3266.0173876953127,3229.2660989392307,3540.027343629272,3009.4216065660403,530.6057370632316,14.16534749527652,0.0154891842874161,103.8798828125,-383.530029296875,-419.719970703125,0.21301086668808766
2020-03-02,2974.280029296875,3090.9599609375,2945.18994140625,3090.22998046875,6381330000,0.046039229006110016,0.0450108687694132,3267.9599731445314,3263.9715869140623,3216.024563846804,3545.1768282598214,2990.7431180292415,554.4337102305799,29.30808636371178,0.018944105917796362,145.77001953125,-135.659912109375,-289.929931640625,-0.2553500350659368
2020-03-03,3096.4599609375,3136.719970703125,2976.6298828125,3003.3701171875,6376510000,-0.028107896121075893,-0.02851048492291458,3255.682482910156,3260.21619140625,3195.771759403061,3557.1400510525214,2954.224914767791,602.9151362847306,25.18207290575978,0.019674109217731793,160.090087890625,-124.83984375,-366.919921875,-0.0007553284346679678
2020-03-04,3045.75,3130.969970703125,3034.3798828125,3130.1201171875,5073020000,0.04220259077449118,0.041336349360633136,3247.308984375,3258.71119140625,3189.519222049198,3553.1371133970206,2941.4808553529792,611.6562580440414,34.778575374039065,0.021857677432004282,96.590087890625,13.730224609375,-256.02978515625,-0.20442059998337647
2020-03-05,3075.699951171875,3083.0400390625,2999.830078125,3023.93994140625,5579290000,-0.033922077046888544,-0.034510782439981125,3231.771484375,3254.7655908203124,3173.7497667498697,3550.2221848346335,2913.3207839153665,636.901400919267,30.971635844680975,0.02269342402606908,83.2099609375,45.179931640625,-349.2900390625,0.09979657087888483
2020-03-06,2954.199951171875,2985.929931640625,2901.5400390625,2972.3701171875,6555240000,-0.01705385200037013,-0.01720094365238617,3213.1009887695313,3249.73279296875,3154.570752505834,3546.82665733132,2879.375320207743,667.4513371235771,28.871641872604997,0.022774569630000883,84.389892578125,18.150146484375,-365.3798828125,0.17492369100727867
2020-03-09,2863.889892578125,2863.889892578125,2734.429931640625,2746.56005859375,8441290000,-0.07596969747745097,-0.07901041294037148,3184.043493652344,3240.196396484375,3115.712591180874,3572.470650380599,2795.6163369240885,776.8543134565107,23.592465308815832,0.027673109169484348,129.4599609375,-343.669921875,-479.329833984375,0.2877163917720784
2020-03-10,2813.47998046875,2882.590087890625,2734.0,2882.22998046875,7642040000,0.04939630628156144,0.048215052425859106,3160.55048828125,3233.0427978515627,3093.4761520654333,3562.773960934214,2758.3270156282865,804.4469453059273,30.630083292135836,0.03045326566050862,148.590087890625,-121.14013671875,-245.97998046875,-0.09468339554736305
2020-03-11,2825.60009765625,2825.60009765625,2707.219970703125,2741.3798828125,7431200000,-0.048868445131273974,-0.05010289280860541,3129.731982421875,3223.0699951171873,3059.9431740413443,3561.690416649212,2697.773548194538,863.9168684546739,27.887390900472255,0.03175759526245809,118.380126953125,-388.740234375,-375.010009765625,-0.027589491811087052
2020-03-12,2630.860107421875,2660.949951171875,2478.860107421875,2480.639892578125,8850810000,-0.09511268097833658,-0.09994485240247351,3084.7914794921876,3208.2569921875,3004.771432949609,3588.433357978596,2581.149601005779,1007.2837569728172,24.08930867537137,0.036777830970707304,182.08984375,-543.300048828125,-498.1201171875,0.1910337495962966
2020-03-13,2569.989990234375,2711.330078125,2492.3701171875,2711.02001953125,8299070000,0.09287124972971839,0.08880840694923595,3051.6454833984376,3197.8617919921876,2976.7951078621463,3562.3698510213953,2540.92111577548,1021.4487352459155,35.476085171606684,0.04392038969707142,218.9599609375,-261.35009765625,-243.199951171875,-0.062337797331543654
2020-03-16,2508.590087890625,2562.97998046875,2380.93994140625,2386.1298828125,7805450000,-0.11984055240393443,-0.12765219747281742,3001.943981933594,3180.4273876953125,2920.541276905037,3568.479446200612,2435.408517666576,1133.0709285340363,31.445216641361753,0.05018126816743523,182.0400390625,-360.43017578125,-704.10009765625,-0.05947895366589273
2020-03-17,2425.659912109375,2553.929931640625,2367.0400390625,2529.18994140625,8370250000,0.05995484974402432,0.05822631263569171,2959.8889770507812,3166.3141845703126,2883.269721143248,3536.086430343864,2383.6915237576986,1152.3949065861652,36.222045199706564,0.052940384717026126,186.889892578125,-353.0400390625,-474.18017578125,0.07235969739092551
2020-03-18,2436.5,2453.570068359375,2280.52001953125,2398.10009765625,8799300000,-0.051830762729157875,-0.053222272332080246,2910.4864868164063,3149.3505859375,2837.0630903349625,3502.0255850240355,2318.947388608777,1183.0781964152584,36.333556014146,0.05345768265825028,173.050048828125,-343.27978515625,-732.02001953125,0.051258922971237464
2020-03-19,2393.47998046875,2466.969970703125,2319.780029296875,2409.389892578125,7956100000,0.0047078080405855705,0.004696760970401053,2862.294482421875,3132.79478515625,2796.332309596216,3452.143663404477,2272.4453014392725,1179.6983619652046,37.09636683022503,0.053591449776213024,147.18994140625,-71.25,-614.550048828125,-0.09582580432534404
2020-03-20,2431.93994140625,2453.010009765625,2295.56005859375,2304.919921875,9053950000,-0.04335951230846191,-0.04432762405336681,2810.652978515625,3113.8321826171873,2749.531129813243,3406.056657674054,2215.249299357196,1190.807358316858,31.118812897081753,0.053939187695035584,157.449951171875,-406.10009765625,-667.4501953125,0.1379884616834881
2020-03-23,2290.7099609375,2300.72998046875,2191.860107421875,2237.39990234375,7411380000,-0.02929386782180443,-0.02973150100957679,2761.228479003906,3093.086181640625,2700.7567271971006,3375.316264943139,2147.1406930646735,1228.1755718784652,31.41092653918193,0.053879179846457924,108.869873046875,-148.72998046875,-509.16015625,-0.181420264083632
2020-03-24,2344.43994140625,2449.7099609375,2344.43994140625,2447.330078125,7563150000,0.09382773976227554,0.08968323251796326,2727.1844848632813,3076.72578125,2676.6208558569006,3331.017856657716,2123.3511130688466,1207.6667435888694,34.072640443064884,0.05912796914955884,105.27001953125,-81.85986328125,-434.89990234375,0.02047796766594079
2020-03-25,2457.77001953125,2571.419921875,2407.530029296875,2475.56005859375,8300010000,0.011535011448221999,0.011468990420822226,2695.1429931640623,3060.474384765625,2657.472208498505,3279.720371399113,2110.5656149290116,1169.1547564701013,36.7252509607238,0.05931880101011433,163.889892578125,77.4599609375,-265.81982421875,0.09742765911029139
2020-03-26,2501.2900390625,2637.010009765625,2500.719970703125,2630.070068359375,7766990000,0.062414163303876835,0.06054383107424656,2677.70849609375,3047.4127880859373,2654.862480866207,3247.2766644846083,2108.1403277028917,1139.1363367817166,42.107228709612805,0.06083348762064247,136.2900390625,220.68017578125,149.43017578125,-0.06421919973590395
2020-03-27,2555.8701171875,2615.909912109375,2520.02001953125,2541.469970703125,6201670000,-0.033687352562252526,-0.0342678455416263,2657.07099609375,3032.45638671875,2644.063194184009,3214.229525871504,2099.9124663159964,1114.3170595555075,44.95157945648269,0.061182442307541184,95.889892578125,236.550048828125,-169.550048828125,-0.2015349575575609
2020-03-30,2558.97998046875,2631.800048828125,2545.280029296875,2626.64990234375,5751120000,0.03351600948370015,0.032966590569974794,2633.8919921875,3018.65318359375,2642.4047854373175,3152.407107422281,2115.3768769527187,1037.0302304695624,43.548369602194576,0.06068708234409274,86.52001953125,389.25,240.52001953125,-0.07264978626724738
2020-03-31,2614.68994140625,2641.389892578125,2571.14990234375,2584.590087890625,6576210000,-0.016012721914555605,-0.016142310788415843,2612.952990722656,3003.7525830078125,2636.898623766204,3101.6080514373407,2124.2979300079714,977.3101214293692,45.834379261142324,0.06051868191279169,70.239990234375,137.260009765625,55.400146484375,0.1434659683679005
2020-04-01,2498.080078125,2522.75,2447.489990234375,2470.5,5964000000,-0.04414243033166543,-0.04514636273278691,2579.9719848632812,2986.7467822265626,2621.05113578847,3006.783660982323,2153.1603087442395,853.6233522380835,49.70783460229334,0.0599971733958969,75.260009765625,-5.06005859375,72.39990234375,-0.09309465482397916
2020-04-02,2458.5400390625,2533.219970703125,2455.7900390625,2526.89990234375,6464190000,0.02282934723487151,0.022572657056960366,2555.119982910156,2970.8497802734373,2612.0843516508776,2927.4966010138955,2182.7433648064166,744.753236207479,44.10370270294782,0.06015023364999656,77.429931640625,-103.170166015625,117.510009765625,0.08386820925553318
2020-04-03,2514.919921875,2538.179931640625,2459.9599609375,2488.64990234375,6096970000,-0.015137125124949469,-0.015252860825944299,2530.933972167969,2954.1119775390625,2600.3286898121037,2847.9187723574096,2213.9491719785283,633.9696003788813,54.021403201784764,0.06013524244859098,78.219970703125,-52.820068359375,183.72998046875,-0.05680835495243797
2020-04-06,2578.280029296875,2676.85009765625,2574.570068359375,2663.679931640625,6403840000,0.07033131865275055,0.06796824414483035,2526.7899658203123,2941.4761767578125,2606.36214141482,2833.9194265075785,2219.660505133046,614.2589213745323,55.146367635350806,0.060216294265198374,102.280029296875,37.030029296875,426.280029296875,0.05033155813461443
2020-04-07,2738.64990234375,2756.889892578125,2657.669921875,2659.409912109375,7050410000,-0.0016030527844311804,-0.001604339048362459,2515.648962402344,2929.79177734375,2611.414310052397,2781.9406144255736,2249.357310379114,532.5833040464595,61.074046736496825,0.05909291039174674,99.219970703125,74.81982421875,212.079833984375,0.10096598291025383
2020-04-08,2685.0,2760.75,2663.300048828125,2749.97998046875,5875710000,0.03405645287963033,0.033489371191284686,2516.078967285156,2919.2665771484376,2624.6110405682402,2783.9286062587403,2248.229328311572,535.6992779471684,63.52503192067966,0.05856363401423218,97.449951171875,279.47998046875,274.419921875,-0.16661442384201774
2020-04-09,2776.989990234375,2818.570068359375,2762.360107421875,2789.820068359375,7899550000,0.014487410153376512,0.014383470303699339,2531.537976074219,2909.59498046875,2640.3452336912055,2825.218766465583,2237.857185682855,587.3615807827282,70.29753764416441,0.053965055527777854,56.2099609375,262.920166015625,159.75,0.3444417781000084
2020-04-13,2782.4599609375,2782.4599609375,2721.169921875,2761.6298828125,5319530000,-0.010104660822607414,-0.01015605944467711,2534.068469238281,2899.1543798828125,2651.8961526551384,2835.0424479257686,2233.0944905507936,601.947957374975,72.69098399322328,0.05014648363576358,61.2900390625,272.97998046875,220.159912109375,-0.3266034141185258
2020-04-14,2805.10009765625,2851.85009765625,2805.10009765625,2846.06005859375,5615730000,0.030572589146256046,0.03011455957230757,2557.064978027344,2891.5651806640626,2670.3879532207206,2879.9325517992097,2234.197404255478,645.7351475437317,69.36239640654728,0.04140872213049844,46.75,182.380126953125,219.41015625,0.05568161096939006
2020-04-15,2795.639892578125,2801.8798828125,2761.5400390625,2783.360107421875,5208000000,-0.022030438529415775,-0.022276732672369248,2569.773486328125,2882.253984375,2681.147206001783,2907.6799908915414,2231.8669817647083,675.8130091268331,64.46265197124697,0.04020765694579953,40.33984375,123.9501953125,198.77001953125,-0.07260498635083956
2020-04-16,2799.340087890625,2806.510009765625,2764.320068359375,2799.550048828125,5228810000,0.005816689462164515,0.0057998378395412884,2589.845983886719,2872.29318359375,2692.4236672233396,2932.4755186096672,2247.2164491637704,685.2590694458968,59.15316087907474,0.037876098510896745,42.18994140625,49.570068359375,329.050048828125,0.003995775729646711
2020-04-17,2842.429931640625,2879.219970703125,2830.8798828125,2874.56005859375,5804810000,0.026793594848223412,0.026440932021320578,2613.1044921875,2863.0905859375,2709.7699902109975,2967.120483525555,2259.088500849445,708.0319826761097,68.25730988517597,0.03808306934565514,48.340087890625,84.739990234375,347.66015625,0.11015890804982398
2020-04-20,2845.6201171875,2868.97998046875,2820.429931640625,2823.159912109375,5228630000,-0.01788104803401469,-0.018042845615347775,2639.016491699219,2852.63818359375,2720.5690303917954,2973.3726509289313,2304.6603324695066,668.7123184594248,61.18529170375851,0.03661834294573946,48.550048828125,61.530029296875,334.510009765625,-0.09925906274279439
2020-04-21,2784.81005859375,2785.5400390625,2727.10009765625,2736.56005859375,5121010000,-0.030674795694063395,-0.031155115236330667,2663.974499511719,2840.815185546875,2722.091985458648,2941.85463849183,2386.094360531608,555.7602779602221,58.23265626888811,0.03669916288592167,58.43994140625,-109.5,72.880126953125,-0.02058282953660906
2020-04-22,2787.889892578125,2815.10009765625,2775.949951171875,2799.31005859375,5084920000,0.022930247703843776,0.02267130058213675,2681.5734985351564,2829.7595849609374,2729.4460876619914,2945.9372543874815,2417.2097426828313,528.7275117046502,68.86178301595598,0.031274847785084006,39.150146484375,15.949951171875,139.900146484375,-0.007047437907756526
2020-04-23,2810.419921875,2844.89990234375,2794.260009765625,2797.800048828125,5773530000,-0.0005394221197431159,-0.0005395676601955963,2697.685498046875,2818.5605859375,2735.9559887254327,2948.0931955831984,2447.277800510552,500.8153950726464,66.58422434117134,0.03130329882362354,50.639892578125,-1.75,47.820068359375,0.13542199287304424
2020-04-24,2812.639892578125,2842.7099609375,2791.760009765625,2836.739990234375,5382810000,0.013918057304545428,0.013822090566839217,2708.018994140625,2807.70638671875,2745.5544650596175,2963.6802642108664,2452.357724070384,511.3225401404825,71.29172584034085,0.02850526916576096,50.949951171875,-37.820068359375,46.919921875,-0.06767436906017632
2020-04-27,2854.64990234375,2887.719970703125,2852.889892578125,2878.47998046875,5203930000,0.014714069804799612,0.014606868181735996,2724.869494628906,2797.7971875,2758.2140379557254,2978.7291065299164,2471.0098827278957,507.7192238020207,65.69853606348353,0.027143995411876117,34.830078125,55.320068359375,116.85009765625,-0.03323171354738508
2020-04-28,2909.9599609375,2921.14990234375,2860.7099609375,2863.389892578125,5691160000,-0.005242380698498916,-0.005256170190483643,2736.706494140625,2787.461787109375,2768.2307860150017,2993.3450309869945,2480.067957294256,513.2770736927387,64.67565389498475,0.026496447869953966,60.43994140625,126.829833984375,17.329833984375,0.09362731627827436
2020-04-29,2918.4599609375,2954.860107421875,2912.159912109375,2939.510009765625,6645640000,0.026583916282167053,0.02623670404507307,2754.452490234375,2778.8461865234376,2784.5430930388707,3015.842425077372,2493.0625553913783,522.7798696859936,63.9255771836616,0.026459751115385816,42.7001953125,140.199951171875,156.14990234375,0.16771273343220017
2020-04-30,2930.909912109375,2930.909912109375,2892.469970703125,2912.429931640625,6544980000,-0.009212446303987654,-0.009255143319054839,2776.5489868164063,2769.371787109375,2796.7227919533234,3010.1050514193166,2542.992922213496,467.11212920582057,59.18081419879156,0.023955700071286293,38.43994140625,114.6298828125,112.8798828125,-0.015146772921795337
2020-05-01,2869.090087890625,2869.090087890625,2821.610107421875,2830.7099609375,4759810000,-0.028059034078492195,-0.028460211014775954,2791.7394897460936,2758.52138671875,2799.9596651899114,2994.4052949735637,2589.0736845186234,405.33161045494035,54.788712562162274,0.025035220268820057,47.47998046875,-6.030029296875,-43.85009765625,-0.27275408022637193
2020-05-04,2815.010009765625,2844.239990234375,2797.85009765625,2842.739990234375,4735930000,0.004249827591976452,0.0042408225788494016,2809.443994140625,2748.6211865234377,2804.0339818608127,2954.225171625883,2664.662816655367,289.562354970516,49.744169360297356,0.024544822714259618,46.389892578125,-35.739990234375,19.580078125,-0.005017006981371086
2020-05-05,2868.8798828125,2898.22998046875,2863.550048828125,2868.43994140625,5140290000,0.009040556385797371,0.008999935197779802,2819.681994628906,2741.4721875,2810.167882769902,2949.2192895868807,2690.1446996709315,259.0745899159492,56.9523285882835,0.01952936288670483,34.679931640625,5.050048828125,131.8798828125,0.08538132953823219
2020-05-06,2883.139892578125,2891.110107421875,2847.64990234375,2848.419921875,4892570000,-0.006979410390386298,-0.007003880399042588,2829.1324951171873,2735.87638671875,2813.8109341132445,2934.820282657027,2723.444707577348,211.37557507967904,53.96857747718134,0.019645621108646965,43.460205078125,-91.090087890625,49.10986328125,-0.048191833534683814
2020-05-07,2878.260009765625,2901.919921875,2876.47998046875,2881.18994140625,5178790000,0.011504630788313985,0.011438955754890805,2835.6929931640625,2731.1723876953124,2820.227982426864,2936.8870428259006,2734.4989435022244,202.38809932367622,50.5780494471109,0.018415537419549575,25.43994140625,-31.239990234375,83.389892578125,0.058500951442697735
2020-05-08,2908.830078125,2932.159912109375,2902.8798828125,2929.800048828125,4876030000,0.016871538638701944,0.016730795065226244,2842.6919921875,2730.1931884765627,2830.6634173222224,2949.721955982292,2735.662028392708,214.05992758958382,59.34324874460216,0.018504756118765144,29.280029296875,99.090087890625,93.06005859375,-0.05846153252014463
2020-05-11,2915.4599609375,2944.25,2903.43994140625,2930.18994140625,4819730000,0.00013307822091168653,0.0001330693667907644,2851.1199951171875,2729.712587890625,2840.1421339016533,2957.8191919134547,2744.4207983209203,213.39839359253438,69.98367256436487,0.018274590013364962,40.81005859375,87.449951171875,51.7099609375,-0.011546278427327139
2020-05-12,2939.5,2945.820068359375,2869.590087890625,2870.1201171875,5119630000,-0.020500317528877154,-0.020713365772047604,2852.322998046875,2725.310390625,2842.997179928877,2959.3241005455625,2745.3218955481875,214.00220499737497,57.34864285815633,0.01779956490721407,76.22998046875,1.68017578125,6.730224609375,0.06222340255574488
2020-05-13,2865.860107421875,2874.139892578125,2793.14990234375,2820.0,6151650000,-0.01746272460422804,-0.017616996624280044,2854.154992675781,2721.64298828125,2840.8069723166027,2957.3723336593534,2750.937651692209,206.43468196714457,52.09275500007135,0.017521422947712948,80.989990234375,-28.419921875,-119.510009765625,0.20158097362504712
2020-05-14,2794.5400390625,2852.800048828125,2766.639892578125,2852.5,5651130000,0.01152482269503552,0.01145891780407149,2856.802490234375,2716.0905859375,2841.920594000736,2956.788275298118,2756.816705170632,199.9715701274863,51.503931941098,0.017653429438834564,86.16015625,-28.68994140625,-59.929931640625,-0.08136353661212847
2020-05-15,2829.949951171875,2865.010009765625,2816.780029296875,2863.699951171875,5507700000,0.0039263632504382695,0.003918675203723029,2856.259484863281,2712.8857861328124,2843.9948184932255,2955.9567565432576,2756.5622131833047,199.39454335995288,48.5022876733815,0.016610480221414755,48.22998046875,-66.10009765625,32.989990234375,-0.02538076455505356
2020-05-18,2913.860107421875,2968.090087890625,2913.860107421875,2953.909912109375,6373670000,0.03150119163168075,0.031015208770073424,2862.796984863281,2712.51658203125,2854.4629226471443,2970.2048053243157,2755.3891644022465,214.81564092206918,57.96074271923874,0.017469698520488304,54.22998046875,23.719970703125,111.169921875,0.15722897035060002
2020-05-19,2948.590087890625,2964.2099609375,2922.35009765625,2922.93994140625,4984330000,-0.010484399194493177,-0.010539747711599283,2872.1159790039064,2716.0441796875,2860.9845434813446,2964.730210192711,2779.5017478151017,185.2284623776095,48.41704352774623,0.01597669373938041,41.85986328125,52.81982421875,54.5,-0.21798116312893512
2020-05-20,2953.6298828125,2980.2900390625,2953.6298828125,2971.610107421875,5005380000,0.01665110025908012,0.0165139906134157,2880.7309814453124,2717.8317822265626,2871.520311475681,2976.819366569982,2784.642596320643,192.17677024933892,55.42957336986468,0.0156310965104746,26.66015625,151.610107421875,123.190185546875,0.004223235620434362
2020-05-21,2969.949951171875,2978.5,2938.570068359375,2948.510009765625,4976620000,-0.007773596407737116,-0.007803968309953686,2888.2664794921875,2721.974384765625,2878.852663693771,2980.53317168546,2795.999787298915,184.53338438654464,62.11037326360566,0.015802674646806812,39.929931640625,96.010009765625,67.320068359375,-0.005745817500369621
2020-05-22,2948.050048828125,2956.760009765625,2933.590087890625,2955.449951171875,3970860000,0.002353711326488428,0.002350945686812366,2894.2019775390627,2731.4705859375,2886.1476434535903,2987.7759998560778,2800.6279552220476,187.14804463403016,61.7096387021238,0.015582380041884718,23.169921875,91.75,25.64990234375,-0.20209700559817712
2020-05-26,3004.080078125,3021.719970703125,2988.169921875,2991.77001953125,5848500000,0.012289184036080147,0.01221428502146052,2899.8664794921874,2737.0855859375,2896.2069173657483,3002.6919052118606,2797.0410537725143,205.6508514393463,62.536343882365436,0.015488767668230426,33.550048828125,37.860107421875,61.580078125,0.4728547468306614
2020-05-27,3015.64990234375,3036.25,2969.75,3036.1298828125,6398000000,0.014827297215913804,0.014718447490314346,2908.5034790039062,2750.0855859375,2909.5329140749627,3026.3502057822716,2790.656752225541,235.69345355673067,68.18084652571463,0.01564111792215308,66.5,113.18994140625,166.009765625,0.09395571514063428
2020-05-28,3046.610107421875,3068.669921875,3023.39990234375,3029.72998046875,5447020000,-0.0021079145460738413,-0.0021101393249195488,2913.0144775390627,2760.09638671875,2920.980253731514,3042.2183310424766,2783.8106240356487,258.4077070068279,65.16148292570121,0.01465354713676465,45.27001953125,58.119873046875,209.72998046875,-0.14863707408565174
2020-05-29,3025.169921875,3049.169921875,2998.610107421875,3044.31005859375,7297550000,0.004812335824971425,0.004800793552307952,2919.6084838867187,2773.0205859375,2932.7259494326795,3061.522719941975,2777.6942478314622,283.82847211051285,62.5606093796781,0.014442201029496456,50.559814453125,95.800048828125,191.81005859375,0.3397325510095428
2020-06-01,3038.780029296875,3062.179931640625,3031.5400390625,3055.72998046875,4684170000,0.003751234813537785,0.003744216478364391,2930.859484863281,2785.9473876953125,2944.4406190551626,3078.6557552860186,2783.0632144405436,295.592540845475,63.445152275477476,0.012548420700300355,30.639892578125,100.280029296875,192.030029296875,-0.35811745037718135
2020-06-02,3064.780029296875,3081.070068359375,3051.639892578125,3080.820068359375,5197150000,0.008210832780053412,0.008177307282398658,2942.7634887695312,2801.465390625,2957.429138036516,3098.7977484728167,2786.729229066246,312.0685194065709,74.39333718112292,0.012585329592929727,29.43017578125,89.050048828125,126.91015625,0.10951353174628586
2020-06-03,3098.89990234375,3130.93994140625,3098.89990234375,3122.8701171875,6005560000,0.013648979133831007,0.01355667081256392,2955.484997558594,2819.174794921875,2973.185421765181,3126.749305847826,2784.220689269362,342.5286165784637,85.73182266986035,0.012721905420408283,32.0400390625,86.740234375,199.93017578125,0.1555487141991283
2020-06-04,3111.56005859375,3128.909912109375,3090.409912109375,3112.35009765625,6451290000,-0.0033687022311144066,-0.003374389083608904,2968.681506347656,2832.4751953125,2986.4392004214733,3145.7840475393373,2791.578965155975,354.2050823833624,82.33333090304612,0.012577696848938181,38.5,82.6201171875,140.739990234375,0.07421955654426893
2020-06-05,3163.840087890625,3211.719970703125,3163.840087890625,3193.929931640625,8639300000,0.026211650818398713,0.025874012821635813,2984.318505859375,2846.8425927734374,3006.200222442345,3182.8271492056488,2785.809862513101,397.0172866925477,84.96643524981232,0.01341019424264129,47.8798828125,149.619873046875,245.419921875,0.3391585248841704
2020-06-08,3199.919921875,3233.1298828125,3196.0,3232.389892578125,8498300000,0.012041579421169235,0.011969656405806002,2999.447998046875,2858.8889892578127,3027.7420957886097,3224.774010804326,2774.121985289424,450.65202551490165,83.11611168014939,0.013232216297954564,37.1298828125,176.659912109375,276.93994140625,-0.016320766728785907
2020-06-09,3213.320068359375,3222.7099609375,3193.110107421875,3207.179931640625,6410930000,-0.007799170822611612,-0.007829743419721978,3013.297497558594,2872.2031884765624,3044.8314134888014,3254.210590519531,2772.384404597657,481.82618592187373,84.27055988687228,0.013502188009257454,29.599853515625,126.35986328125,215.409912109375,-0.24562206558958855
2020-06-10,3213.419921875,3223.27001953125,3181.489990234375,3190.139892578125,6598870000,-0.0053130910724373814,-0.005327255735182077,3029.298486328125,2883.47298828125,3058.670316259213,3272.668964062138,2785.928008594112,486.7409554680262,78.52349249930214,0.012397364850916739,41.780029296875,67.269775390625,154.010009765625,0.029315559521005508
2020-06-11,3123.530029296875,3123.530029296875,2999.489990234375,3002.10009765625,7037320000,-0.05894405927443824,-0.06075269299628893,3038.4034912109373,2891.8231884765623,3053.282676392264,3261.5930606206166,2815.213921801258,446.37913881935856,54.88952160406514,0.018423807631078863,124.0400390625,-110.25,-27.6298828125,0.0664431940620136
2020-06-12,3071.0400390625,3088.419921875,2984.469970703125,3041.31005859375,5845330000,0.013060843963234703,0.012976286605211731,3047.843994140625,2903.2393896484373,3052.14242707812,3253.1834571980085,2842.5045310832415,410.6789261147669,57.39816772374912,0.018463066557369186,103.949951171875,-152.619873046875,-3.0,-0.1693812417227013
2020-06-15,2993.760009765625,3079.760009765625,2965.659912109375,3066.590087890625,5757480000,0.008312217041285264,0.00827786081817526,3057.9885009765626,2914.033193359375,3053.518394774549,3244.1771821647985,2871.7998197883267,372.37736237647186,56.57193220978683,0.018495979737548546,114.10009765625,-165.7998046875,10.860107421875,-0.015029091599618849
2020-06-16,3131.0,3153.449951171875,3076.06005859375,3124.739990234375,5845810000,0.01896239819380252,0.018784852866710527,3066.5300048828126,2926.7549951171877,3060.301403865961,3248.2346997445934,2884.825310021032,363.4093897235616,57.599109580924335,0.017695436297566543,77.389892578125,-82.43994140625,43.919921875,0.015341781473839244
2020-06-17,3136.1298828125,3141.159912109375,3108.030029296875,3113.489990234375,4560450000,-0.0036002995561740248,-0.0036067962326294138,3076.057507324219,2935.7511962890626,3065.366983520096,3245.6393456516694,2906.4756689967685,339.1636766549009,57.12390804645435,0.01748572187081464,33.1298828125,-76.64990234375,-9.380126953125,-0.21987714277405523
2020-06-18,3101.639892578125,3120.0,3093.510009765625,3115.340087890625,4448690000,0.0005942198825281686,0.0005940434038017573,3083.244006347656,2944.8697998046873,3070.1263267934796,3246.243164179047,2920.244848516265,325.99831566278226,56.17491710929519,0.01720740485197392,26.489990234375,113.239990234375,2.989990234375,-0.024506353539672565
2020-06-19,3140.2900390625,3155.530029296875,3083.110107421875,3097.739990234375,8346650000,-0.005649494809462974,-0.005665513565673728,3090.7055053710938,2951.825,3072.7561995021365,3240.894754594319,2940.5162561478687,300.37849844645007,53.61326800292468,0.01714705239312195,72.419921875,56.429931640625,-96.18994140625,0.8762040061231509
2020-06-22,3094.419921875,3120.919921875,3079.389892578125,3117.860107421875,4686690000,0.006495095537691675,0.006474093296658384,3098.8260131835937,2958.38580078125,3077.051809780207,3235.145533192758,2962.506493174429,272.63904001832907,53.21327363529696,0.017168727098707055,41.530029296875,51.27001953125,-114.52978515625,-0.43849448581167294
2020-06-23,3138.699951171875,3154.89990234375,3127.1201171875,3131.2900390625,4711850000,0.004307419569164139,0.004298169191483789,3105.8020141601564,2965.77900390625,3082.2173554261394,3233.030726742646,2978.573301577667,254.4574251649792,50.76860607022289,0.01702927541351894,27.77978515625,6.550048828125,-75.889892578125,0.005368394325206083
2020-06-24,3114.39990234375,3115.010009765625,3032.1298828125,3050.330078125,5597680000,-0.025855145939064572,-0.0261952655956623,3106.5120239257812,2969.864404296875,3079.18047187365,3232.253435874236,2980.7706119773266,251.4828238969094,44.9836576010717,0.017878147680985366,82.880126953125,-63.159912109375,-139.809814453125,0.1880004669079025
2020-06-25,3046.60009765625,3086.25,3024.010009765625,3083.760009765625,4847690000,0.010959447267809841,0.01089982772821816,3109.213525390625,2975.87240234375,3079.616618339552,3230.242445355081,2988.1846054261687,242.05783992891247,40.336476729474626,0.01802032325674,62.239990234375,-31.580078125,81.659912109375,-0.13398229266410366
2020-06-26,3073.199951171875,3073.72998046875,3004.6298828125,3009.050048828125,8107850000,-0.024226905044785974,-0.024525204274831163,3107.4505249023437,2980.06240234375,3072.895992671797,3233.3879329917113,2981.513116812976,251.87481617873527,31.58112399439139,0.01885127699925433,69.10009765625,-88.68994140625,-32.260009765625,0.6725182509607668
2020-06-29,3018.590087890625,3053.889892578125,2999.739990234375,3053.239990234375,4473970000,0.014685678433118632,0.01457888811353358,3107.326025390625,2983.6360009765626,3071.0239924396615,3233.4834487216062,2981.168602059644,252.3148466619623,37.689921064057756,0.019134742188792093,54.14990234375,-64.6201171875,-13.35009765625,-0.4481928008041589
2020-06-30,3050.199951171875,3111.510009765625,3047.830078125,3100.2900390625,4705850000,0.015409875731554612,0.015292349435755562,3108.299523925781,2989.178603515625,3073.81123497517,3233.894980430672,2982.70406742089,251.19091300978198,43.14405631924172,0.019360997343529085,63.679931640625,-31.0,-24.449951171875,0.05182868906139282
2020-07-01,3105.919921875,3128.43994140625,3101.169921875,3115.860107421875,4449230000,0.005022132820864389,0.005009563975870565,3107.9490234375,2996.7646044921876,3077.815889493904,3233.412326541718,2982.4857203332817,250.92660620843617,61.78127571048808,0.019147475927875694,27.27001953125,65.530029296875,2.3701171875,-0.05453212490835879
2020-07-02,3143.639892578125,3165.81005859375,3124.52001953125,3130.010009765625,4197720000,0.004541250844364075,0.0045309704768169146,3108.8320190429686,3003.378603515625,3082.7867580912107,3234.6737459201972,2982.99029216574,251.68345375445733,59.68890123915744,0.01915450269420187,41.2900390625,46.25,14.669921875,-0.0565288825257404
2020-07-06,3155.2900390625,3182.590087890625,3155.2900390625,3179.719970703125,4759160000,0.01588172586745884,0.01575693083216329,3108.1215209960938,3011.017001953125,3092.018492625679,3232.086725684605,2984.1563163075825,247.93040937702244,61.731329317740844,0.0185534326463256,27.300048828125,170.669921875,81.97998046875,0.13374879696597208
2020-07-07,3166.43994140625,3184.14990234375,3142.929931640625,3145.320068359375,4571330000,-0.010818532028197159,-0.010877477869643567,3103.768029785156,3017.188603515625,3097.094833171745,3214.7986684298403,2992.737391140472,222.06127728936826,52.2446753667276,0.018472927418598406,41.219970703125,92.080078125,27.4599609375,-0.0394670488069323
2020-07-08,3153.070068359375,3171.800048828125,3136.530029296875,3169.93994140625,4937310000,0.007827461915415501,0.007796986263430269,3101.9060302734374,3023.017802734375,3104.032462527412,3206.7090259200186,2997.1030346268562,209.60599129316233,55.982532027978976,0.018509497301730776,35.27001953125,69.64990234375,38.64990234375,0.0800598512905435
2020-07-09,3176.169921875,3179.780029296875,3115.699951171875,3152.050048828125,4843650000,-0.005643606159361103,-0.005659591476194623,3100.0015380859377,3028.791005859375,3108.605565984623,3199.2928042923313,3000.710271879544,198.58253241278726,53.762580386857834,0.018514245301411242,64.080078125,36.18994140625,101.719970703125,-0.018969843902853945
2020-07-10,3152.469970703125,3186.820068359375,3136.219970703125,3185.0400390625,4524190000,0.01046620127324438,0.010411809774443004,3109.14853515625,3033.7016064453123,3115.8850396110874,3204.0752019660345,3014.2218683464657,189.85333361956873,58.67415232096845,0.012496851124348353,50.60009765625,55.030029296875,101.280029296875,-0.06595439389716429
2020-07-13,3205.080078125,3235.320068359375,3149.429931640625,3155.219970703125,4902440000,-0.009362541127788226,-0.009406645216058874,3114.844030761719,3038.5574072265626,3119.631223524615,3206.2360000131584,3023.4520615102792,182.7839385028792,53.641884166826124,0.012555911298353454,85.89013671875,-24.5,146.169921875,0.08360612617949292
2020-07-14,3141.110107421875,3200.949951171875,3127.659912109375,3197.52001953125,4507140000,0.013406370782667931,0.01331730058290395,3121.39052734375,3045.8936083984377,3127.0492040966756,3216.8937165699786,3025.8873381175213,191.00637845245728,56.1121500380773,0.012742784496495563,73.2900390625,52.199951171875,144.280029296875,-0.08063331728690204
2020-07-15,3225.97998046875,3238.280029296875,3200.760009765625,3226.56005859375,4686830000,0.009082050740923053,0.009041056936355048,3126.4815307617187,3053.570009765625,3136.5264283344923,3232.9612061729276,3020.0018553505097,212.95935082241795,67.98743686786882,0.012239079005864092,37.52001953125,56.6201171875,126.27001953125,0.03986785411591387
2020-07-16,3208.360107421875,3220.389892578125,3198.590087890625,3215.570068359375,3972860000,-0.0034061012455366413,-0.0034119152141152374,3131.5855346679687,3060.5126123046875,3144.054394051148,3245.0033429308396,3018.1677264050977,226.8356165257419,64.09945304273705,0.012234748888684012,21.7998046875,63.52001953125,99.7099609375,-0.1523353738027622
2020-07-17,3224.2099609375,3233.52001953125,3205.64990234375,3224.72998046875,4012850000,0.002848612194617406,0.0028445625875835605,3137.055029296875,3068.0388134765626,3151.7377832337766,3257.506602584632,3016.603456009118,240.90314657551426,76.83389638168786,0.012234547421544537,27.8701171875,39.68994140625,94.719970703125,0.010065796428769147
2020-07-20,3224.2900390625,3258.610107421875,3215.159912109375,3251.840087890625,3979340000,0.0084069387471426,0.008371797255140334,3144.7600341796874,3075.45181640625,3161.2713360582384,3274.015682563328,3015.504385796047,258.51129676728124,75.80563909297398,0.01218782207232829,43.4501953125,96.6201171875,72.1201171875,-0.008350673461504865
2020-07-21,3268.52001953125,3277.2900390625,3247.77001953125,3257.300048828125,4556610000,0.0016790373419135474,0.0016776293345600682,3151.73203125,3082.00181640625,3170.4169277506085,3289.631942711469,3013.832119788531,275.7998229229379,72.87377106204568,0.012152287658808807,29.52001953125,59.780029296875,111.97998046875,0.1450667698663597
2020-07-22,3254.860107421875,3279.320068359375,3253.10009765625,3276.02001953125,4267160000,0.005747082068739751,0.005730630594473862,3158.9685302734374,3088.91841796875,3180.4743650630503,3307.157685451766,3010.7793750951087,296.3783103566575,73.12046544380058,0.012169302097751591,26.219970703125,49.4599609375,106.080078125,-0.0635231016040434
2020-07-23,3271.639892578125,3279.989990234375,3222.659912109375,3235.659912109375,4296760000,-0.012319859824193036,-0.012396378412246847,3168.2350219726563,3096.2292138671874,3185.730131448415,3310.8954723830675,3025.574571562245,285.3209008208223,64.17853721316396,0.010820869270209433,57.330078125,20.08984375,83.60986328125,0.006936697944300185
2020-07-24,3218.580078125,3227.260009765625,3200.050048828125,3215.6298828125,3689410000,-0.006190400054688405,-0.006209640024276134,3174.828515625,3104.1418115234374,3188.577726816423,3313.174216491734,3036.4828147582657,276.6914017334684,55.23636200521618,0.01083721014224765,27.2099609375,-9.10009765625,30.58984375,-0.14135069214943352
2020-07-27,3219.840087890625,3241.429931640625,3214.25,3239.409912109375,3970310000,0.007395138795039502,0.007367928821482373,3186.3465087890627,3111.880009765625,3193.4188873205135,3303.279017341075,3069.4140002370505,233.86501710402445,64.15864180023482,0.008923991000392748,27.179931640625,-12.43017578125,84.18994140625,0.07613683488687895
2020-07-28,3234.27001953125,3243.719970703125,3216.169921875,3218.43994140625,4053180000,-0.006473392152297919,-0.006494435418646306,3194.6065063476562,3118.9748095703126,3195.8018448524886,3293.968520517333,3095.2444921779793,198.72402833935394,57.37934129156303,0.00881068584757947,27.550048828125,-38.860107421875,20.919921875,0.020872425578859044
2020-07-29,3227.219970703125,3264.739990234375,3227.219970703125,3258.43994140625,4478200000,0.01242838167815008,0.012351783351742583,3202.5140014648437,3125.06541015625,3201.7673778576086,3295.2211109225027,3109.8068920071846,185.4142189153181,65.16691250328034,0.008606736287399133,37.52001953125,-17.580078125,31.8798828125,0.10486087467124583
2020-07-30,3231.760009765625,3250.919921875,3204.1298828125,3246.219970703125,4264920000,-0.003750251937389204,-0.0037573017634548516,3209.0319946289064,3131.5310107421874,3206.0009581286104,3294.102885661944,3123.9611035958687,170.1417820660754,59.270804584774,0.008695895605750214,46.7900390625,10.56005859375,30.64990234375,-0.047626278415434764
2020-07-31,3270.449951171875,3272.169921875,3220.260009765625,3271.1201171875,5007530000,0.007670504990141325,0.0076412362421762695,3216.0875,3137.5212109375,3212.2027828008854,3296.8612270088483,3135.313772991152,161.5474540176965,67.82858194409496,0.008770207445927018,51.909912109375,55.490234375,46.39013671875,0.17412049932941298
2020-08-03,3288.260009765625,3302.72998046875,3284.530029296875,3294.610107421875,4438940000,0.00718102343932614,0.007155362664358673,3221.8320068359376,3144.443212890625,3220.051099431456,3307.884734422524,3135.779279249351,172.10545517317314,65.85246655755034,0.008259002269849897,18.199951171875,55.2001953125,42.77001953125,-0.1135469982206797
2020-08-04,3289.919921875,3306.840087890625,3286.3701171875,3306.510009765625,4414380000,0.0036119303819721615,0.003605423026133557,3229.89150390625,3151.4644140625,3228.2852813680433,3315.965241247373,3143.817766565127,172.14747468224596,63.82786102339895,0.007709883669911986,20.469970703125,88.070068359375,49.2099609375,-0.005532852437744151
2020-08-05,3317.3701171875,3330.77001953125,3317.3701171875,3327.77001953125,4535060000,0.006429743053199433,0.006409160435517922,3237.7830078125,3158.1844140625,3237.7600183359677,3329.4709987969036,3146.095016828096,183.37598196880754,68.73996374101986,0.007665547223629851,13.39990234375,69.330078125,51.75,0.02733792740996477
2020-08-06,3323.169921875,3351.030029296875,3318.139892578125,3349.159912109375,4278930000,0.00642769555966427,0.006407126020664802,3247.6385009765627,3164.4450146484373,3248.3695320286733,3342.832293537891,3152.4447084152343,190.38758512265667,69.96692713862943,0.0074665279220616125,32.89013671875,102.93994140625,113.5,-0.05647775332630656
2020-08-07,3340.050048828125,3352.5400390625,3328.719970703125,3351.280029296875,4110030000,0.0006330295486443038,0.0006328292699566697,3255.9505004882812,3170.876015625,3258.170531768502,3356.9820624316476,3154.918938544915,202.06312388673268,67.34820438294457,0.007274730635880758,23.820068359375,80.159912109375,135.650146484375,-0.03947248494366584
2020-08-10,3356.0400390625,3363.2900390625,3335.43994140625,3360.469970703125,4327920000,0.002742218294476073,0.0027384652733919213,3266.213000488281,3177.1992138671876,3267.9133354765613,3365.8505967687347,3166.5754042078274,199.27519256090727,67.76769436726786,0.00671124668428307,27.85009765625,65.85986328125,121.06005859375,0.053014211575098
2020-08-11,3370.340087890625,3381.010009765625,3326.43994140625,3333.68994140625,4880540000,-0.007969132154236114,-0.008001055401377298,3273.0214965820314,3182.7584130859377,3274.1777741365318,3371.497932295363,3174.5450608686997,196.95287142666348,59.6635100793156,0.0066985751997982075,54.570068359375,27.179931640625,115.25,0.1276872030906302
2020-08-12,3355.4599609375,3387.889892578125,3355.4599609375,3380.35009765625,3772250000,0.013996549490237653,0.013899502293613534,3280.7109985351562,3188.749013671875,3284.2894239955526,3387.5722804203306,3173.849716649982,213.72256377034864,73.7438211682429,0.007048825553122117,32.429931640625,52.580078125,121.91015625,-0.22708347846754662
2020-08-13,3372.949951171875,3387.239990234375,3363.35009765625,3373.429931640625,3438730000,-0.002047174350497949,-0.002049272676156681,3288.6039916992186,3193.7602099609376,3292.7789961522262,3398.4836458567706,3178.7243375416665,219.75930831510414,77.05944756525298,0.006996732087796003,23.889892578125,24.27001953125,127.2099609375,-0.08841407647955468
2020-08-14,3368.659912109375,3378.510009765625,3361.639892578125,3372.85009765625,3200060000,-0.00017188262276812694,-0.00017189739627902921,3296.0099975585936,3198.9702099609376,3300.404815343086,3407.714349819789,3184.3056452973983,223.4087045223905,74.8602955557476,0.007019609061582178,16.8701171875,21.570068359375,101.72998046875,-0.06940643784187772
2020-08-17,3380.860107421875,3387.590087890625,3379.219970703125,3381.989990234375,3460330000,0.0027098425110787527,0.002706177507423456,3302.5174926757813,3202.7314111328124,3308.174831999399,3418.4707267682516,3186.564258583311,231.90646818494042,81.87488164106624,0.0068715561710191745,8.3701171875,21.52001953125,87.3798828125,0.08133285000906243
2020-08-18,3387.0400390625,3395.06005859375,3370.14990234375,3389.780029296875,3669550000,0.002303389154016955,0.0023007404198168474,3309.141491699219,3205.8792138671874,3315.9467555515394,3429.279184777727,3189.0037986207108,240.27538615701633,79.2725408832546,0.006871504046883656,24.91015625,56.090087890625,83.27001953125,0.060462441443446036
2020-08-19,3392.510009765625,3399.5400390625,3369.659912109375,3374.85009765625,3679480000,-0.0044043954214108005,-0.004414123345182018,3314.0829956054686,3209.2326171875,3321.55659765675,3436.5912380157833,3191.574753195154,245.01648482062956,78.32638169800548,0.0069559388717271515,29.880126953125,-5.5,47.080078125,0.002706053875815906
2020-08-20,3360.47998046875,3390.800048828125,3354.68994140625,3385.510009765625,3431040000,0.0031586327691348615,0.0031536547683461333,3321.5755004882812,3213.14001953125,3327.647398809976,3442.203825403354,3200.9471755732084,241.25664983014576,76.87608484413235,0.006150677445082677,36.110107421875,12.080078125,36.35009765625,-0.06752041049278701
2020-08-21,3386.010009765625,3399.9599609375,3379.31005859375,3397.159912109375,3505010000,0.0034411070444764214,0.0034351999829724668,3330.652001953125,3221.0412158203126,3334.2676381718234,3444.8623687650156,3216.441635141234,228.42073362378142,75.51374439363826,0.005820424899060318,20.64990234375,24.309814453125,45.8798828125,0.02155906080955039
2020-08-24,3418.090087890625,3432.090087890625,3413.1298828125,3431.280029296875,3743410000,0.010043718303008653,0.009993615364903508,3340.2455078125,3228.840615234375,3343.5069135170666,3454.4191625294497,3226.07185309555,228.34730943389968,77.95153283905026,0.0059597639844695465,18.960205078125,49.2900390625,70.81005859375,0.06801692434543694
2020-08-25,3435.949951171875,3444.2099609375,3425.840087890625,3443.6201171875,3627650000,0.0035963511532906,0.003589899745540117,3351.5045166015625,3236.3812158203127,3353.041504342822,3459.3383259437396,3243.6707072593854,215.66761868435424,77.03366945821227,0.005536720086019219,18.369873046875,53.840087890625,109.93017578125,-0.030923676540907885
2020-08-26,3449.969970703125,3481.070068359375,3444.14990234375,3478.72998046875,3780530000,0.010195626139483993,0.010144001344841499,3362.5190185546876,3243.461015625,3365.0118354024344,3475.220335981578,3249.817701127797,225.4026348537809,78.41573619661465,0.005364977560167767,36.920166015625,103.8798828125,98.3798828125,0.04214298512811321
2020-08-27,3485.139892578125,3501.3798828125,3468.35009765625,3484.550048828125,3955890000,0.0016730440109038458,0.0016716460318091384,3374.4355224609376,3250.882216796875,3376.396427157262,3485.751649370137,3263.1193955517383,222.63225381839857,78.76042410869525,0.0051219665853694425,33.02978515625,99.0400390625,111.1201171875,0.04638503067030286
2020-08-28,3494.68994140625,3509.22998046875,3484.320068359375,3508.010009765625,3868510000,0.00673256535528588,0.006710002849570254,3386.2800170898436,3258.735615234375,3388.9310540723445,3501.6474485557305,3270.9125856239566,230.73486293177393,79.99269444102548,0.005086531607865592,24.909912109375,110.85009765625,135.159912109375,-0.022088581836198662
2020-08-31,3509.72998046875,3514.77001953125,3493.25,3500.31005859375,4348280000,-0.0021949627140287475,-0.002197375175508541,3396.5650146484377,3266.7870166015623,3399.5385783124784,3514.1769230015293,3278.953106295346,235.22381670618324,86.71989669643818,0.0051622957466670606,21.52001953125,69.030029296875,118.320068359375,0.12401932526993598
2020-09-01,3507.43994140625,3528.030029296875,3494.60009765625,3526.64990234375,4101490000,0.007525003016613407,0.007496831420705943,3407.5720092773436,3274.9628125,3411.644418696409,3530.7695487031397,3284.3744698515475,246.3950788515922,85.41346558432656,0.005258161429099493,33.429931640625,83.02978515625,136.869873046875,-0.056755774697121675
2020-09-02,3543.760009765625,3588.110107421875,3535.22998046875,3580.840087890625,4295640000,0.015365910154807594,0.01524905014386973,3420.2255126953123,3283.9538134765626,3427.758291953001,3559.8076007458803,3280.6434246447443,279.16417610113604,90.85618157789948,0.0058856145563289984,52.880126953125,102.110107421875,205.989990234375,0.04733645577582779
2020-09-03,3564.739990234375,3564.85009765625,3427.409912109375,3455.06005859375,4911830000,-0.03512584371534122,-0.0357575941421853,3425.5205200195314,3292.0484130859377,3430.3584602045007,3561.7458678785174,3289.2951721605455,272.45069571797194,60.844789005646355,0.010439879290012055,137.440185546875,-29.489990234375,69.550048828125,0.1434454470113884
2020-09-04,3453.60009765625,3479.14990234375,3349.6298828125,3426.9599609375,4438720000,-0.008133027264274895,-0.008166280754275102,3429.3045166015627,3298.912412109375,3430.0347936076437,3560.9751100267285,3297.633923176397,263.3411868503317,55.649635896199584,0.010664657780338366,129.52001953125,-81.050048828125,29.800048828125,-0.09632051597876967
2020-09-08,3371.8798828125,3379.969970703125,3329.27001953125,3331.840087890625,4694330000,-0.027756342102360998,-0.02814882908646679,3427.8730224609376,3305.368212890625,3420.6829168726895,3563.264522012855,3292.48152290902,270.7829991038352,44.03074647738534,0.012457995451289396,50.699951171875,-168.469970703125,-99.43994140625,0.05758642131064806
2020-09-09,3369.820068359375,3424.77001953125,3366.840087890625,3398.9599609375,3932520000,0.02014498633677464,0.019944760662180386,3431.1365234375,3312.2826123046875,3418.614063926481,3559.956332157873,3302.3167147171266,257.6396174407464,52.24273723224505,0.013121850049483696,57.929931640625,-127.68994140625,-44.66015625,-0.1622830095029536
2020-09-10,3412.56005859375,3425.550048828125,3329.25,3339.18994140625,4208630000,-0.01758479659017942,-0.017741245925395586,3429.078515625,3317.0606103515624,3411.049861781697,3562.5458660930353,3295.6111651569645,266.93470093607084,46.051951997569496,0.013379908628436866,96.300048828125,-241.650146484375,-139.5400390625,0.07021197603572271
2020-09-11,3352.699951171875,3368.949951171875,3310.469970703125,3340.969970703125,3710090000,0.0005330721905940639,0.0005329301580873496,3427.455517578125,3321.5628076171874,3404.375586440881,3564.51328728828,3290.3977478679703,274.1155394203097,45.12874370123537,0.013376912653194531,58.47998046875,-114.090087890625,-143.580078125,-0.11845659989117596
2020-09-14,3363.56005859375,3402.929931640625,3363.56005859375,3383.5400390625,3839580000,0.012741829089357504,0.012661335025022992,3427.9900146484374,3326.633408203125,3402.3912485953206,3564.2321031729125,3291.7479261239623,272.4841770489502,45.921053125621874,0.013696223718731087,39.369873046875,-43.419921875,-124.469970703125,0.034902118277454264
2020-09-15,3407.72998046875,3419.47998046875,3389.25,3401.199951171875,4057190000,0.005219359577689042,0.005205785930499657,3428.9505126953127,3331.0630078125,3402.2777916978494,3564.0935642963555,3293.80746109427,270.28610320208554,46.40823493272818,0.013731411875569425,30.22998046875,69.35986328125,-99.110107421875,0.056675469712833104
2020-09-16,3411.22998046875,3428.919921875,3384.449951171875,3385.489990234375,4718900000,-0.004618946596211537,-0.0046296468921518345,3428.7360107421873,3335.86640625,3400.6789534632326,3564.1541786147773,3293.3178428695974,270.8363357451799,41.83709107013316,0.013767409078655176,44.469970703125,-13.469970703125,-141.159912109375,0.1630956400858723
2020-09-17,3346.860107421875,3375.169921875,3328.820068359375,3357.010009765625,4379840000,-0.008412365876402483,-0.008447949528552457,3427.8440063476564,3339.6078076171875,3396.520006444413,3564.9808147602316,3290.7071979350812,274.2736168251504,39.26032493435774,0.013864147454700205,46.349853515625,17.820068359375,-223.830078125,-0.07185149081353703
2020-09-18,3357.3798828125,3362.27001953125,3292.39990234375,3319.469970703125,7076400000,-0.011182581807410497,-0.011245576947828505,3424.5420043945314,3342.9562060546873,3389.1819078023855,3568.957774819149,3280.1262339699138,288.83154084923535,34.49148805081866,0.014052367767221713,69.8701171875,-21.5,-135.590087890625,0.6156754584642361
2020-09-21,3285.570068359375,3285.570068359375,3229.10009765625,3281.06005859375,4836070000,-0.011571097930805796,-0.011638564027297718,3418.73701171875,3344.8766064453125,3378.8845888301344,3576.503612175443,3260.9704112620575,315.5332009133854,32.83273091801365,0.014208923012610324,56.469970703125,-102.47998046875,-145.89990234375,-0.3165917698264654
2020-09-22,3295.75,3320.31005859375,3270.949951171875,3315.570068359375,3974510000,0.010517945160813724,0.010463016398376152,3412.951513671875,3348.0836083984377,3372.8546344995857,3577.137273168814,3248.7657541749363,328.37151899387754,33.68124461362898,0.014229827616737597,49.360107421875,-85.6298828125,-16.27001953125,-0.1781529216905462
2020-09-23,3320.110107421875,3323.35009765625,3232.570068359375,3236.919921875,4378650000,-0.023721455093028143,-0.02400733891437413,3402.61650390625,3348.8716064453124,3359.908471392482,3583.814788279659,3221.418219532841,362.39656874681805,24.380200310268137,0.014993686935299178,90.780029296875,-148.570068359375,-162.0400390625,0.10168297475663657
2020-09-24,3226.139892578125,3278.699951171875,3209.449951171875,3246.590087890625,4601920000,0.0029874591429570607,0.0029830055546290505,3391.0095092773436,3349.27220703125,3349.1162443923054,3581.1963544853393,3200.822664069348,380.3736904159914,31.221969618001722,0.01474481234746684,69.25,-110.419921875,-92.599853515625,0.05099060212622608
2020-09-25,3236.659912109375,3306.8798828125,3228.43994140625,3298.4599609375,3803330000,0.0159767237756141,0.015850439224188495,3381.7050048828123,3350.9300048828127,3344.2918364442285,3570.828485429091,3192.5815243365337,378.2469610925573,38.90059510503963,0.015335960406080151,78.43994140625,-21.010009765625,-42.510009765625,-0.17353409011890686
2020-09-28,3333.89990234375,3360.739990234375,3332.909912109375,3351.60009765625,3950910000,0.016110590199083896,0.0159821918538544,3373.8845092773436,3353.4674072265625,3344.9878613215637,3553.7246019307763,3194.044416623911,359.6801853068655,51.84026273031989,0.01577432280775688,27.830078125,70.5400390625,-31.93994140625,0.03880283856515221
2020-09-29,3350.919921875,3357.919921875,3327.5400390625,3335.469970703125,3661590000,-0.0048126645432444715,-0.004824282704443997,3365.6425048828123,3355.1400048828127,3344.081395548379,3535.9427502216367,3195.342259543988,340.60049067764885,43.466634375218256,0.015785493585103817,30.3798828125,19.89990234375,-65.72998046875,-0.07322869921106778
2020-09-30,3341.2099609375,3393.56005859375,3340.469970703125,3363.0,4738640000,0.008253718228220741,0.00821984256837961,3357.460009765625,3357.25400390625,3345.8831674009143,3509.986011476296,3204.9340080549537,305.0520034213423,52.62427400987647,0.01581016200782753,53.090087890625,126.080078125,-22.489990234375,0.294148170603481
2020-10-01,3385.8701171875,3397.179931640625,3361.389892578125,3380.800048828125,4076340000,0.005292907769290922,0.0052789495642950775,3347.4580078125,3359.3496044921876,3349.2085846796963,3459.0495165902585,3235.8664990347415,223.18301755551693,54.24021582621623,0.015373759443508985,35.7900390625,134.2099609375,23.7900390625,-0.13976583998784464
2020-10-02,3338.93994140625,3369.10009765625,3323.68994140625,3348.419921875,3975180000,-0.009577652178616392,-0.009623812866370861,3342.1260009765624,3361.6048046875,3349.133473936392,3441.602817590201,3242.6491843629237,198.95363322727735,46.17827964667976,0.013488478926814705,45.41015625,49.9599609375,28.949951171875,-0.02481637939916692
2020-10-05,3367.27001953125,3409.570068359375,3367.27001953125,3408.60009765625,3692720000,0.01797270867614209,0.017813109002900934,3341.2080078125,3365.464208984375,3354.7969619097116,3437.6820855904602,3244.7339300345398,192.9481555559205,50.7370653075219,0.014061690849058828,42.300048828125,57.0,127.5400390625,-0.07105590187111022
2020-10-06,3408.739990234375,3431.56005859375,3354.5400390625,3360.969970703125,4453390000,-0.013973515692226712,-0.014072064387523205,3342.664501953125,3367.89541015625,3355.3848675090844,3439.4222311368494,3245.906772769401,193.51545836744845,47.70377788142336,0.012931079784891417,77.02001953125,25.5,45.39990234375,0.20599178925020034
2020-10-07,3384.56005859375,3426.260009765625,3384.56005859375,3419.43994140625,3814750000,0.01739675486921799,0.017247163770241564,3343.6885009765624,3371.91541015625,3361.485350737386,3443.3448517296074,3244.0321502235174,199.31270150608998,55.53544300125683,0.012724452776894933,41.699951171875,56.43994140625,182.52001953125,-0.14340536085992917
2020-10-08,3434.280029296875,3447.280029296875,3428.14990234375,3446.830078125,3867640000,0.008010123642494982,0.007978212894869286,3349.0705078125,3375.683212890625,3369.613420012397,3458.8192372021326,3239.3217784228677,219.4974587792649,61.499555816163,0.012094333726032918,19.130126953125,66.030029296875,200.239990234375,0.013864604495707367
2020-10-09,3459.669921875,3482.340087890625,3458.070068359375,3477.139892578125,3944090000,0.00879353312061526,0.008755095180752877,3355.87900390625,3380.301611328125,3379.8540364472283,3479.5268556075507,3232.2311522049495,247.29570340260125,67.96718786842396,0.012194558712875923,24.27001953125,128.719970703125,178.679931640625,0.019766575999834446
2020-10-12,3500.02001953125,3549.85009765625,3499.610107421875,3534.219970703125,3435760000,0.01641581296364758,0.01628253015832422,3363.4130004882813,3385.5636083984373,3394.555553995409,3510.330022415136,3216.4959785614265,293.8340438537098,69.23952748773993,0.012389886045105016,50.239990234375,125.619873046875,182.619873046875,-0.12888397577134392
2020-10-13,3534.010009765625,3534.010009765625,3500.860107421875,3511.929931640625,3611100000,-0.006306918994084421,-0.006326891629163268,3368.949499511719,3389.9100048828127,3405.734066152096,3529.5688747567738,3208.330124266664,321.23875049010985,76.86322242959272,0.0125121549824462,33.14990234375,150.9599609375,176.4599609375,0.05103383239807213
2020-10-14,3515.469970703125,3527.93994140625,3480.550048828125,3488.669921875,3858510000,-0.006623141753502759,-0.0066451720840594065,3374.10849609375,3393.553203125,3413.632719078087,3543.3609449618984,3204.8560472256017,338.5048977362967,73.03500880691098,0.012573115038968827,47.389892578125,69.22998046875,125.669921875,0.06851374927307474
2020-10-15,3453.719970703125,3489.080078125,3440.889892578125,3483.340087890625,3724550000,-0.0015277553060997207,-0.001528923514213078,3380.425,3396.6646044921877,3420.2715161078527,3556.2907247101484,3204.559275289852,351.7314494202965,69.30174918270708,0.012377948678997143,48.190185546875,36.510009765625,102.5400390625,-0.03471806474519956
2020-10-16,3493.5,3515.760009765625,3480.449951171875,3483.81005859375,4688030000,0.00013491955745537076,0.00013491045663045577,3388.6420043945313,3399.357607421875,3426.3228058684144,3567.841480942538,3209.4425278465246,358.39895309601343,65.50848205131729,0.012000279784427935,35.31005859375,6.670166015625,135.39013671875,0.2586835993609966
2020-10-19,3493.659912109375,3502.419921875,3419.929931640625,3426.919921875,4091080000,-0.016329861778318078,-0.016464663514942676,3395.9349975585938,3400.8704052734374,3426.3796740595176,3568.4469149471834,3223.423080170004,345.0238347771792,59.79099522969352,0.012336176457180235,82.489990234375,-107.300048828125,18.31982421875,-0.12733493599656998
2020-10-20,3439.3798828125,3476.929931640625,3435.64990234375,3443.1201171875,3917850000,0.004727334073110212,0.0047161953200011274,3402.3125,3402.523408203125,3427.974001976468,3571.717763521385,3232.907236478615,338.81052704277045,58.79125706950239,0.012199093568044153,41.280029296875,-68.809814453125,82.150146484375,-0.04234334210037449
2020-10-21,3439.909912109375,3464.860107421875,3433.06005859375,3435.56005859375,4103960000,-0.0021956999281005363,-0.0021981140115702774,3412.2445068359375,3404.560810546875,3428.6964835590666,3563.0975065789016,3261.3915070929734,301.70599948592826,56.14672311971609,0.010667474938482472,31.800048828125,-53.10986328125,16.1201171875,0.04750309480965331
2020-10-22,3438.5,3460.530029296875,3415.340087890625,3453.489990234375,4172060000,0.005218925396392127,0.0052053540034913415,3422.589501953125,3406.0236083984373,3431.057769909096,3552.5396184388146,3292.639385467435,259.9002329713794,62.189372340805186,0.010678601438804492,45.18994140625,-29.85009765625,6.659912109375,0.016593728983713252
2020-10-23,3464.89990234375,3466.4599609375,3440.449951171875,3465.389892578125,3651600000,0.003445761353703114,0.003439838320389479,3430.935998535156,3407.8628076171876,3434.327495877575,3548.1347555436414,3313.737241526671,234.3975140169705,57.41942521630462,0.010245089568546919,26.010009765625,-18.420166015625,-11.75,-0.12474892499149104
2020-10-26,3441.419921875,3441.419921875,3364.860107421875,3400.969970703125,4002210000,-0.018589516294535646,-0.018764472985322012,3433.4044921875,3408.425205078125,3431.150588718104,3545.5376503410903,3321.27133403391,224.2663163071802,55.00625782227785,0.01074848291505245,76.559814453125,-25.949951171875,-133.25,0.09601544528425898
2020-10-27,3403.14990234375,3409.510009765625,3388.7099609375,3390.679931640625,3962400000,-0.0030256189119989285,-0.003030205350445511,3436.164990234375,3408.59900390625,3427.2962404250106,3540.600893603334,3331.7290868654163,208.87180673791772,45.906864942283114,0.010706836233017675,20.800048828125,-52.440185546875,-121.25,-0.009947004280135174
2020-10-28,3342.47998046875,3342.47998046875,3268.889892578125,3271.030029296875,5139970000,-0.035287878760604796,-0.03592554210857772,3431.5664916992187,3406.22400390625,3412.413744127093,3555.7913225390325,3307.341660859405,248.44966167962775,30.183944877629685,0.013251933522472375,73.590087890625,-164.530029296875,-217.639892578125,0.29718604885927724
2020-10-29,3277.169921875,3341.050048828125,3259.820068359375,3310.110107421875,4911860000,0.011947330894238384,0.01187652493999744,3428.0319946289064,3404.9292041015624,3402.670540631358,3561.980656440848,3294.0833328169647,267.8973236238835,31.53755398510168,0.013507291452793169,81.22998046875,-143.3798828125,-173.22998046875,-0.04437963645702214
2020-10-30,3293.590087890625,3304.929931640625,3233.93994140625,3269.9599609375,4843930000,-0.012129550130175693,-0.012203713445259962,3424.108996582031,3402.618203125,3390.031437803372,3571.7690232003592,3276.448969963703,295.32005323665635,19.654596824973183,0.013604597411159174,70.989990234375,-195.429931640625,-213.85009765625,-0.013829791565720506
2020-11-02,3296.199951171875,3330.139892578125,3279.739990234375,3310.239990234375,4314690000,0.01231820260127181,0.012242950890591667,3419.1909912109377,3400.8798046875,3382.43225232061,3575.3342692491788,3263.0477131726966,312.28655607648216,27.758554961102064,0.013241361268896823,50.39990234375,-90.72998046875,-116.679931640625,-0.10925839143009908
2020-11-03,3336.25,3389.489990234375,3336.25,3369.159912109375,4241380000,0.01779929009643455,0.01764273768407783,3419.60048828125,3399.63740234375,3381.16821991954,3575.1426663170614,3264.0583102454384,311.084356071623,37.7819133190331,0.013553114139590578,53.239990234375,-21.52001953125,-73.960205078125,-0.016990791922478765
2020-11-04,3406.4599609375,3486.25,3405.169921875,3443.43994140625,4790400000,0.02204704770168342,0.021807525655091704,3420.80048828125,3399.633798828125,3387.0988600611317,3576.7073411765064,3264.893635385994,311.81370579051236,46.42484788797589,0.013898969483697749,81.080078125,172.409912109375,7.8798828125,0.12944371878963912
2020-11-05,3485.739990234375,3529.050048828125,3485.739990234375,3510.449951171875,4858150000,0.01946019413896294,0.01927326577670128,3423.981481933594,3400.2681982421873,3398.84658302406,3584.6479291172304,3263.3150347499572,321.3328943672732,52.13269178824633,0.014451922162800074,43.31005859375,200.33984375,56.9599609375,0.014142869071476216
2020-11-06,3508.340087890625,3521.580078125,3484.340087890625,3509.43994140625,4842460000,-0.00028771518741854685,-0.00028775658537381985,3425.596484375,3400.76599609375,3409.3792838223635,3589.13645306502,3262.05651568498,327.07993738004006,57.25539794119643,0.014336857493466503,37.239990234375,239.47998046875,44.050048828125,-0.00322962444551933
2020-11-09,3583.0400390625,3645.989990234375,3547.47998046875,3550.5,8570510000,0.01169988923568721,0.011631974746344153,3426.4104858398437,3401.6157958984377,3422.8193520297573,3592.3710714723766,3260.4499002073107,331.9211712650658,59.04571517888728,0.01409917460699829,98.510009765625,240.260009765625,149.530029296875,0.7698669684416599
2020-11-10,3543.260009765625,3557.219970703125,3511.909912109375,3545.530029296875,6037470000,-0.0013997945931910616,-0.001400775220867666,3428.0904907226563,3402.5201953125,3434.506083198054,3598.3214747394554,3257.8595067058573,340.46196803359817,59.304507977794955,0.014020170953036164,45.31005859375,176.3701171875,154.85009765625,-0.2955530067638915
2020-11-11,3563.219970703125,3581.159912109375,3557.0,3572.659912109375,4635560000,0.007651855318760337,0.007622728362991461,3432.289990234375,3403.4403955078124,3447.6635907134178,3612.655716244016,3251.9242642247345,360.7314520192813,59.92834635227039,0.01399804105573272,24.159912109375,129.219970703125,301.6298828125,-0.23220156787528556
2020-11-12,3562.669921875,3569.02001953125,3518.580078125,3537.010009765625,4909660000,-0.009978532303877019,-0.01002865154706935,3434.973486328125,3402.5637939453127,3456.172773480295,3620.0721364465426,3249.8748362097076,370.19730023683496,55.73971216524085,0.01421326949963511,50.43994140625,26.56005859375,226.89990234375,0.059129857018353826
2020-11-13,3552.570068359375,3593.659912109375,3552.570068359375,3585.14990234375,4719580000,0.013610335409063534,0.013518546706294007,3440.040478515625,3405.1655908203124,3468.4563095625285,3635.997848073644,3244.0831089576063,391.9147391160377,65.15585152910366,0.014493653268524724,41.08984375,75.7099609375,315.18994140625,-0.03871551186843891
2020-11-16,3600.159912109375,3628.510009765625,3600.159912109375,3626.909912109375,5295510000,0.011648051240012336,0.011580734922832603,3450.0399780273438,3409.16458984375,3483.547128852704,3662.8630412536368,3237.2169148010507,425.64612645258603,68.48175047522416,0.014021094002598631,28.35009765625,76.409912109375,316.669921875,0.12202992639175525
2020-11-17,3610.31005859375,3623.110107421875,3588.679931640625,3609.530029296875,4812180000,-0.004791925698091615,-0.004803443784647531,3458.3604736328125,3414.718388671875,3495.5455003235775,3682.7424065682994,3233.9785406973256,448.76386587097386,81.52826933064824,0.01411824770072353,34.43017578125,64.0,240.3701171875,-0.09127166221950289
2020-11-18,3612.090087890625,3619.090087890625,3567.330078125,3567.7900390625,5284810000,-0.011563829610944043,-0.011631210647481315,3464.97197265625,3418.094990234375,3502.4259325844273,3694.2638705826585,3235.680074729841,458.5837958528173,73.88226232503918,0.014432676275469417,51.760009765625,-4.869873046875,124.35009765625,0.09821536185263224
2020-11-19,3559.409912109375,3585.219970703125,3543.840087890625,3581.8701171875,4363370000,0.003946442467421596,0.003938675690732779,3471.390979003906,3422.94859375,3509.9920454037674,3706.44503598229,3236.336922025522,470.10811395676774,80.37634229640035,0.01442049079512616,41.3798828125,44.860107421875,71.420166015625,-0.17435631555344466
2020-11-20,3579.31005859375,3581.22998046875,3556.85009765625,3557.5400390625,4236370000,-0.006792562915180156,-0.006815737372918576,3475.998486328125,3427.2799951171874,3514.520425752218,3714.1494827105935,3237.847489945657,476.3019927649366,74.85628890922877,0.014544890730915425,24.3798828125,-27.60986328125,48.10009765625,-0.02910594334195815
2020-11-23,3566.820068359375,3589.81005859375,3552.77001953125,3577.590087890625,5057550000,0.005635930617216234,0.005620108181849693,3484.8294921875,3431.16099609375,3520.5270602415903,3724.360768326502,3245.298216048498,479.06255227800375,72.72511903849266,0.013779961323119807,37.0400390625,-49.31982421875,27.090087890625,0.19384048135550014
2020-11-24,3594.52001953125,3642.31005859375,3594.52001953125,3635.409912109375,6280290000,0.016161668273416252,0.016032458814031775,3497.0659912109377,3435.8451953125,3531.4682842289985,3741.304027874209,3252.827954547666,488.476073326543,71.70969257792677,0.01403144945144486,47.7900390625,25.8798828125,89.8798828125,0.24176528160868416
2020-11-25,3635.5,3635.5,3617.760009765625,3629.64990234375,4910440000,-0.001584418237524976,-0.0015856747555094064,3514.9969848632813,3440.7283935546875,3540.8189145256415,3741.3659732884516,3288.627996438111,452.7379768503406,65.6479815496996,0.010759560324512743,17.739990234375,61.85986328125,56.989990234375,-0.2181189085217402
2020-11-27,3638.550048828125,3644.31005859375,3629.330078125,3638.35009765625,2778390000,0.002396979198154181,0.0023941110259011363,3531.408984375,3446.3551953125,3550.1075986333185,3742.2989023799246,3320.519066370075,421.77983600984953,66.58777241763227,0.010659069951196315,14.97998046875,56.47998046875,101.340087890625,-0.43418716041739636
2020-11-30,3634.179931640625,3634.179931640625,3594.389892578125,3621.6298828125,6308410000,-0.004595548640170977,-0.004606140636972006,3548.99248046875,3452.3983935546876,3556.9192447456217,3723.62278480364,3374.3621761338595,349.2606086697806,59.76441899716198,0.010150559046292357,39.7900390625,64.08984375,36.47998046875,1.2705271758104515
2020-12-01,3645.8701171875,3678.449951171875,3645.8701171875,3662.449951171875,5418480000,0.011271187194776155,0.011208140661592923,3566.602978515625,3460.02619140625,3566.9697882147884,3707.6681246443504,3425.5378323869,282.1302922574505,64.61206496746257,0.010114382859643271,32.579833984375,84.85986328125,35.5400390625,-0.14107041235430162
2020-12-02,3653.780029296875,3670.9599609375,3644.840087890625,3669.010009765625,5041250000,0.0017911667548251575,0.0017895645286042845,3581.5954833984374,3467.094990234375,3576.687904552963,3695.409704064654,3467.781262732221,227.62844133243289,62.69400453143636,0.009682086066904601,26.119873046875,33.60009765625,59.47998046875,-0.06961915518743267
2020-12-03,3668.280029296875,3682.72998046875,3657.169921875,3666.719970703125,5065340000,-0.000624157213091503,-0.0006243520802942291,3592.759484863281,3475.6909912109377,3585.262387043455,3692.4394896199938,3493.0794801065686,199.3600095134252,68.7360702819516,0.00878228929915248,25.56005859375,37.070068359375,98.929931640625,0.004778576741879537
2020-12-04,3670.93994140625,3699.199951171875,3670.93994140625,3699.1201171875,5099620000,0.008836275129611826,0.00879746371518688,3602.1929931640625,3484.741591796875,3596.105980390507,3704.744027031016,3499.641959297109,205.10206773390655,67.24675290129322,0.008035472364117587,28.260009765625,60.77001953125,117.25,0.006767561506236586
2020-12-07,3694.72998046875,3697.409912109375,3678.8798828125,3691.9599609375,4804500000,-0.0019356376714373402,-0.001937513438963252,3611.318994140625,3492.611591796875,3605.234930918792,3711.575188190485,3511.062800090765,200.51238809971983,60.99521227822432,0.008075547182020436,18.530029296875,70.330078125,134.419921875,-0.057870978621936575
2020-12-08,3683.050048828125,3708.449951171875,3678.830078125,3702.25,4584390000,0.002787148065356293,0.002783271170170473,3618.906494140625,3499.62458984375,3614.4744613074786,3722.689456710338,3515.123531570912,207.56592513942633,66.0570217681196,0.00778588599290727,29.619873046875,39.800048828125,124.659912109375,-0.04581330003122075
2020-12-09,3705.97998046875,3712.389892578125,3660.5400390625,3672.820068359375,5232800000,-0.007949201604598555,-0.00798096494847171,3625.27099609375,3506.371591796875,3620.0311857886118,3725.6641400813473,3524.8778521061527,200.78628797519468,68.99889505104758,0.008074266412328878,51.849853515625,3.81005859375,37.41015625,0.1414386646860324
2020-12-10,3659.1298828125,3678.489990234375,3645.179931640625,3668.10009765625,4658480000,-0.0012851080682624305,-0.0012859345277717227,3630.043005371094,3512.47359375,3624.6091773950534,3728.969012052773,3531.1169986894147,197.8520133633583,66.1448657939004,0.007979881277979996,33.31005859375,1.380126953125,38.4501953125,-0.10975386026601441
2020-12-11,3656.080078125,3665.909912109375,3633.39990234375,3663.4599609375,4375470000,-0.0012649972997506032,-0.0012657980842328352,3636.3655029296874,3518.1267919921875,3628.3092520181435,3725.9813619947504,3546.7496438646244,179.23171813012596,71.4100020726616,0.007555449738020153,32.510009765625,-35.66015625,25.10986328125,-0.06075157562123268
2020-12-14,3675.27001953125,3697.610107421875,3645.840087890625,3647.489990234375,4623850000,-0.004359258971957769,-0.0043687882451469585,3639.4825073242187,3524.108193359375,3630.1359889911178,3725.876540472661,3553.0884741757764,172.7880662968846,64.36609739502528,0.007131751393365151,51.77001953125,-44.469970703125,25.860107421875,0.05676647308746263
2020-12-15,3666.409912109375,3695.2900390625,3659.6201171875,3694.6201171875,4387080000,0.012921249154708825,0.012838482022218645,3642.868017578125,3529.82859375,3636.2773345336304,3732.4360039345884,3553.300031221662,179.13597271292656,62.72839204234732,0.007237763030652874,35.669921875,-7.6298828125,32.170166015625,-0.05120624587735334
2020-12-16,3696.25,3711.27001953125,3688.570068359375,3701.169921875,4067040000,0.0017727951669590514,0.0017712256203230642,3647.4500122070312,3536.6325927734374,3642.4575809470944,3739.186834798599,3555.7131896154633,183.4736451831359,65.3225975178047,0.007111409082240847,22.699951171875,28.349853515625,32.159912109375,-0.0729505730463087
2020-12-17,3713.64990234375,3725.1201171875,3710.8701171875,3722.47998046875,4192810000,0.005757654753379748,0.0057411428089832834,3655.1845092773438,3542.6933935546876,3650.078761853919,3744.6997509769244,3565.669267577763,179.0304833991613,67.10021457395854,0.0064929640771668315,14.25,54.3798828125,55.760009765625,0.03092421023643732
2020-12-18,3722.389892578125,3726.699951171875,3685.840087890625,3709.409912109375,7097100000,-0.0035111185091528663,-0.003517296952148704,3661.5614990234376,3547.944990234375,3655.729347592534,3747.1722732087555,3575.9507248381196,171.2215483706359,68.11088152951713,0.006597326195608761,40.85986328125,45.949951171875,10.289794921875,0.6926834271049727
2020-12-21,3684.280029296875,3702.89990234375,3636.47998046875,3694.919921875,4748580000,-0.0039062790518439305,-0.003913928486909485,3668.4304931640627,3552.3005908203127,3659.461783238483,3739.752418266568,3597.1085680615574,142.6438502050105,57.51583163705287,0.006429565763654516,66.419921875,47.429931640625,2.9599609375,-0.3309126262839751
2020-12-22,3698.080078125,3698.260009765625,3676.159912109375,3687.260009765625,4053310000,-0.002073092860288006,-0.0020752446917703606,3673.9139892578123,3555.3613916015624,3662.109233383925,3731.3386815967588,3616.489296918866,114.84938467789289,54.202931796816316,0.0064258839171827875,22.10009765625,-7.360107421875,-14.989990234375,-0.14641640237713172
2020-12-23,3693.419921875,3711.239990234375,3689.280029296875,3690.010009765625,3779160000,0.000745811250824957,0.0007455332718186887,3676.643994140625,3558.9229931640625,3664.7664501821823,3731.4950595037644,3621.792928777486,109.70213072627848,55.35230169844519,0.005425115878076916,21.9599609375,-11.159912109375,17.18994140625,-0.0676360801419087
2020-12-24,3694.030029296875,3703.820068359375,3689.320068359375,3703.06005859375,1883780000,0.0035365890047962534,0.0035303499794869524,3680.314501953125,3563.2107958984375,3668.4134605070935,3731.6358799955724,3628.9931239106772,102.64275608489515,50.993829365323734,0.005429510284205623,14.5,-19.419921875,34.9599609375,-0.5015347325860773
2020-12-28,3723.030029296875,3740.510009765625,3723.030029296875,3735.360107421875,3535460000,0.008722529021144565,0.0086847075384115,3685.165002441406,3568.2511962890626,3674.7893316418345,3738.0987417835577,3632.2312630992546,105.86747868430302,59.71528599831891,0.005692098335280709,17.47998046875,25.9501953125,71.900146484375,0.8767902833664227
2020-12-29,3750.010009765625,3756.1201171875,3723.31005859375,3727.0400390625,3393290000,-0.00222738052560012,-0.002229864827278697,3690.435510253906,3573.1157958984377,3679.7655894914215,3737.3859899381428,3643.4850305696696,93.9009593684732,55.59872256052508,0.005585946199126389,32.81005859375,32.1201171875,79.550048828125,-0.04021258902660474
2020-12-30,3736.18994140625,3744.6298828125,3730.2099609375,3732.0400390625,3154850000,0.0013415471654707467,0.0013406480950792154,3693.9150146484376,3579.2181982421876,3684.744108498191,3742.4216763957515,3645.4083529011236,97.01332349462791,65.03348625160986,0.0050860251809307965,14.419921875,44.780029296875,37.419921875,-0.07026808790289074
2020-12-31,3733.27001953125,3760.199951171875,3726.8798828125,3756.070068359375,3179040000,0.006438845522919845,0.006418204711703793,3698.268017578125,3585.477197265625,3691.537057056399,3752.6357244295737,3643.9003107266767,108.73541370289695,70.33797185280011,0.0052304253527723455,33.320068359375,66.06005859375,54.900146484375,0.007667559471924212
2021-01-04,3764.610107421875,3769.989990234375,3662.7099609375,3700.64990234375,5015000000,-0.014754827521051062,-0.014864762712025787,3699.9645141601563,3590.778994140625,3692.404947083766,3752.265481152739,3647.6635471675736,104.60193398516549,56.96309691197417,0.00632723898913482,107.280029296875,-2.41015625,-21.830078125,0.5775202576878555
2021-01-05,3698.02001953125,3737.830078125,3695.070068359375,3726.860107421875,4591020000,0.007082595157549276,0.007057631383362026,3701.351513671875,3596.246396484375,3695.6863909254903,3755.0118342712835,3647.691193072467,107.3206411988167,64.31172531348446,0.006216519325184381,42.760009765625,-8.5,17.4501953125,-0.08454237288135591
2021-01-06,3712.199951171875,3783.0400390625,3705.340087890625,3748.139892578125,6064110000,0.005709842747752214,0.005693603382474094,3704.160510253906,3601.901396484375,3700.6819625114554,3761.5060638087025,3646.8149566991096,114.69110710959285,60.64264554097052,0.006300359760306051,77.699951171875,21.099853515625,53.219970703125,0.3208633375589738
2021-01-07,3764.7099609375,3811.550048828125,3764.7099609375,3803.7900390625,5099160000,0.014847403800101189,0.014738260107752971,3709.237512207031,3609.9577978515626,3710.5017793258407,3781.824749622224,3636.6502747918385,145.1744748303854,67.07259218822855,0.0070372135885793325,46.840087890625,71.75,116.530029296875,-0.15912475202461696
2021-01-08,3815.050048828125,3826.68994140625,3783.60009765625,3824.679931640625,4773040000,0.005491862685268911,0.00547683739351537,3716.8305053710938,3618.6377978515625,3721.375889070106,3803.7363340211787,3629.924676721009,173.81165730016983,67.02649409050568,0.0067349776308216714,43.08984375,68.60986328125,134.669921875,-0.06395563190800058
2021-01-11,3803.139892578125,3817.860107421875,3789.02001953125,3799.610107421875,4465430000,-0.006554750898592476,-0.006576327616621317,3723.406005859375,3629.2093994140623,3728.8267670083696,3814.583132780611,3632.228878938139,182.35425384247173,64.4495965407949,0.006971226038684599,28.840087890625,98.960205078125,96.550048828125,-0.06444739620870554
2021-01-12,3801.6201171875,3810.780029296875,3776.510009765625,3801.18994140625,4994950000,0.0004157884466327033,0.000415702030569564,3730.2925048828124,3639.03099609375,3735.718497903406,3823.1946721013633,3637.3903376642616,185.80433443710172,67.75843611594335,0.006942584082908702,34.27001953125,74.329833984375,65.829833984375,0.11858208503996259
2021-01-13,3802.22998046875,3820.9599609375,3791.5,3809.840087890625,4602510000,0.0022756417379066196,0.0022730563867261076,3738.410009765625,3649.8285986328124,3742.7776969498077,3829.1961019312757,3647.6239175999744,181.5721843313013,70.41638880304484,0.006786019838525168,29.4599609375,61.7001953125,82.800048828125,-0.07856735302655682
2021-01-14,3814.97998046875,3823.60009765625,3792.860107421875,3795.5400390625,5198480000,-0.0037534511943366766,-0.003760513068743101,3743.456005859375,3659.534599609375,3747.8026819129213,3835.207487183735,3651.7045245350155,183.5029626487194,66.92541245441211,0.0064138086743728145,30.739990234375,-8.25,63.5,0.12948804022153126
2021-01-15,3788.72998046875,3788.72998046875,3749.6201171875,3768.25,5369820000,-0.007190027975370938,-0.007216000798278504,3746.810009765625,3667.5164013671874,3749.7500455402624,3836.942929678872,3656.6770898523782,180.2658398264939,59.998756792704924,0.006691154722967195,39.10986328125,-56.429931640625,12.179931640625,0.03295963435465743
2021-01-19,3781.8798828125,3804.530029296875,3780.3701171875,3798.909912109375,5014440000,0.008136379515524483,0.008103457635761657,3750.6315063476563,3674.62580078125,3754.4319375944638,3842.8772915584937,3658.385721136819,184.49157042167462,59.796483051293976,0.006801899649985246,24.159912109375,-0.7001953125,98.260009765625,-0.06618098930690419
2021-01-20,3816.219970703125,3859.75,3816.219970703125,3851.85009765625,4566190000,0.013935625421946263,0.013839417376510862,3757.753515625,3681.4538037109373,3763.709857600348,3858.2267393903376,3657.2802918596626,200.94644753067496,66.9132972761235,0.00728900214328753,43.530029296875,50.66015625,124.989990234375,-0.08939183637654458
2021-01-21,3857.4599609375,3861.449951171875,3845.050048828125,3853.070068359375,4501760000,0.0003167233075522802,0.00031667316131354906,3765.661022949219,3688.32640625,3772.2203538631125,3870.1268194927684,3661.1952264056695,208.93159308709892,66.57082173712195,0.00717184008063934,16.39990234375,43.22998046875,104.93017578125,-0.01411023194391825
2021-01-22,3844.239990234375,3852.31005859375,3830.409912109375,3841.469970703125,5110890000,-0.0030106116552376383,-0.0030151526629377105,3773.3715209960938,3694.1458056640627,3778.8155554669233,3876.2239750151193,3670.519066977068,205.70490803805114,62.10452444657299,0.007203697173846145,21.900146484375,45.929931640625,37.679931640625,0.13530930125106622
2021-01-25,3851.679931640625,3859.22998046875,3797.159912109375,3855.360107421875,7000840000,0.0036158389430824833,0.0036093175130174657,3781.639025878906,3700.3424072265625,3786.105512795966,3882.8469241290127,3680.4311276287995,202.41579650021322,74.85462414074689,0.007204405211873816,62.070068359375,87.110107421875,30.68017578125,0.36978882347301556
2021-01-26,3862.9599609375,3870.89990234375,3847.780029296875,3849.6201171875,6137500000,-0.0014888337468982327,-0.001489943161153501,3788.9670288085936,3705.881611328125,3792.154522738017,3887.404522533104,3690.5295350840834,196.8749874490204,71.11019494472075,0.0072435559488428225,23.119873046875,50.710205078125,50.010009765625,-0.12331948737580056
2021-01-27,3836.830078125,3836.830078125,3732.47998046875,3750.77001953125,9976520000,-0.025677883699462,-0.02601331512610035,3789.7375244140626,3710.1568115234377,3788.2131414802298,3886.6375293445226,3692.8375194836026,193.80000986092,50.3570337268117,0.009336918519684297,104.35009765625,-101.080078125,-50.419921875,0.6255022403258657
2021-01-28,3755.75,3830.5,3755.75,3787.3798828125,6992770000,0.009760625975629766,0.009713298778760395,3792.7545166015625,3714.2014111328126,3788.1337835118748,3885.0848058736365,3700.4242273294885,184.66057854414794,47.650926964014616,0.009551994628706886,74.75,-65.690185546875,-22.460205078125,-0.29907723334389147
2021-01-29,3778.050048828125,3778.050048828125,3694.1201171875,3714.239990234375,6643370000,-0.019311475173124593,-0.019500377654792,3791.8645141601564,3715.9480126953126,3781.096279390208,3886.9607335625305,3696.7682947577823,190.19243880474824,36.247954044122125,0.01055900753617941,83.929931640625,-127.22998046875,-81.300048828125,-0.04996589334412538
2021-02-01,3731.169921875,3784.320068359375,3725.6201171875,3773.860107421875,5436230000,0.016051767614439383,0.015924300234678626,3792.754016113281,3719.2346142578126,3780.4071201551287,3886.7671440031627,3698.7408882233995,188.02625577976323,47.047630031138276,0.01108225504880512,58.699951171875,-81.5,5.610107421875,-0.1817059715174678
2021-02-02,3791.840087890625,3843.090087890625,3791.840087890625,3826.31005859375,5514090000,0.013898223484416938,0.013802528814310624,3799.0370239257813,3724.4050146484374,3784.7788285778547,3883.437124317999,3714.6369235335637,168.80020078443522,52.57927694413389,0.010884602205138854,51.25,-23.31005859375,27.400146484375,0.014322425651600357
2021-02-03,3840.27001953125,3847.510009765625,3816.679931640625,3830.169921875,4864870000,0.0010087690809532646,0.0010082606153447803,3804.2025146484375,3729.3710107421875,3789.1017898442497,3882.4223730303565,3725.9826562665185,156.43971676383808,52.10815967237967,0.010811817316750898,30.830078125,79.39990234375,-21.68017578125,-0.11773837568846357
2021-02-04,3836.659912109375,3872.419921875,3836.659912109375,3871.739990234375,4879240000,0.010853322230420792,0.010794847643921975,3810.38251953125,3735.655009765625,3796.972094643309,3889.478182428125,3731.2868566343755,158.19132579374946,57.47879273501713,0.010979010328300627,35.760009765625,84.360107421875,18.669921875,0.0029538302154015206
2021-02-05,3878.300048828125,3894.56005859375,3874.929931640625,3886.830078125,4879470000,0.003897495164625342,0.003889919607763825,3814.534521484375,3741.8398095703124,3805.5299978320413,3900.5853932008627,3728.4836497678875,172.10174343297513,61.923821719097994,0.010552623399978731,19.630126953125,172.590087890625,45.360107421875,4.7138488781017784e-05
2021-02-08,3892.590087890625,3915.77001953125,3892.590087890625,3915.590087890625,4648360000,0.007399348360373592,0.007372107476289037,3819.080029296875,3747.4434130859377,3816.011911170954,3916.270715242245,3721.8893433515054,194.3813718907395,61.777778653999135,0.010602588464446124,23.179931640625,141.72998046875,60.22998046875,-0.04736375057127107
2021-02-09,3910.489990234375,3918.35009765625,3902.639892578125,3911.22998046875,4568320000,-0.0011135249921484514,-0.0011141454217211749,3824.661022949219,3753.0750146484374,3825.080298723125,3929.6504716965096,3719.6715742019283,209.97889749458136,56.64560939489489,0.010461216260060675,15.710205078125,84.919921875,61.60986328125,-0.017218976155030985
2021-02-10,3920.780029296875,3931.5,3884.93994140625,3909.8798828125,4837070000,-0.00034518493235935477,-0.0003452445223915674,3830.0955200195312,3758.5056103515626,3833.1564495887797,3941.0520434099217,3719.138996629141,221.91304678078086,56.356124106305344,0.010466753400270161,46.56005859375,79.7099609375,159.10986328125,0.05882906626506035
2021-02-11,3916.39990234375,3925.989990234375,3890.389892578125,3916.3798828125,4590960000,0.0016624551635393559,0.0016610748145877074,3835.422509765625,3764.4006103515626,3841.0824908481814,3952.3535152710765,3718.4915042601733,233.8620110109032,58.47799453241179,0.010465145479918683,35.60009765625,44.639892578125,129.0,-0.050879974860814525
2021-02-12,3911.64990234375,3937.22998046875,3905.780029296875,3934.830078125,4135060000,0.0047110331133788375,0.004699970926162608,3842.38701171875,3769.848212890625,3850.0108324935927,3965.7326985284017,3719.041324909098,246.6913736193037,58.90219668962303,0.010415429303133314,31.449951171875,48.0,220.590087890625,-0.09930384930384928
2021-02-16,3939.610107421875,3950.429931640625,3923.85009765625,3932.590087890625,5058990000,-0.0005692724183511411,-0.0005694345154154666,3850.6040161132814,3775.119814453125,3857.8755234837863,3975.045647223889,3726.162385002674,248.88326222121486,59.36772119972546,0.010216107934750338,26.579833984375,17.0,158.72998046875,0.22343811214347564
2021-02-17,3918.5,3933.610107421875,3900.429931640625,3931.330078125,4730650000,-0.0003204020092266724,-0.0003204533489169501,3857.2250244140623,3780.4120166015623,3864.871195354378,3984.152131186537,3730.2979176415874,253.85421354494974,76.14839914975823,0.010131547118306966,33.18017578125,20.10009765625,105.02001953125,-0.06490228286673827
2021-02-18,3915.860107421875,3921.97998046875,3885.030029296875,3913.969970703125,4793650000,-0.004415835627354592,-0.004425614227243303,3860.331018066406,3784.709013671875,3869.547269197116,3989.720666005105,3730.941370127707,258.779295877398,69.41503243745596,0.009796639733141663,36.949951171875,4.090087890625,83.800048828125,0.013317408812742348
2021-02-19,3921.159912109375,3930.409912109375,3903.070068359375,3906.7099609375,4845320000,-0.0018548966445751658,-0.0018566190956649255,3863.0130126953127,3789.004013671875,3873.0865731723907,3993.983003446492,3732.043021944133,261.93998150235893,86.99487092853556,0.009814833894748966,27.33984375,-9.669921875,34.969970703125,0.010778842844179293
2021-02-22,3885.550048828125,3902.919921875,3874.7099609375,3876.5,5917100000,-0.0077328394581538396,-0.007762892893710863,3864.764514160156,3792.489013671875,3873.4116614416866,3995.4580881077136,3734.0709402125985,261.38714789511505,72.2433443982261,0.009965393048294378,28.2099609375,-58.330078125,-10.330078125,0.22119901265551078
2021-02-23,3857.070068359375,3895.97998046875,3805.590087890625,3881.3701171875,6296610000,0.0012563181187927874,0.0012555296115265332,3866.0650146484377,3796.6600146484375,3874.1696096079545,3996.882143692269,3735.2478856046064,261.6342580876626,65.03218048801297,0.009940518069706472,90.389892578125,-51.219970703125,-34.219970703125,0.06413783779216176
2021-02-24,3873.7099609375,3928.64990234375,3859.60009765625,3925.429931640625,6012790000,0.01135161376597904,0.011287667670985945,3869.855505371094,3801.806611328125,3879.0515450396374,4003.0381881889375,3736.67282255325,266.36536563568734,71.326176236851,0.01022385017752956,69.0498046875,-5.900146484375,14.199951171875,-0.04507504831965137
2021-02-25,3915.800048828125,3925.02001953125,3814.0400390625,3829.340087890625,6547470000,-0.02447880752512621,-0.02478339442417185,3873.7840087890627,3805.1242138671873,3874.3171205492554,3996.3918230810755,3751.17619449705,245.21562858402558,42.370285629935786,0.010061239564379742,110.97998046875,-84.6298828125,-80.539794921875,0.088923777481003
2021-02-26,3839.659912109375,3861.080078125,3789.5400390625,3811.14990234375,6526070000,-0.004750214169902844,-0.004761532293798778,3874.972509765625,3808.397412109375,3868.301195005874,3994.4752683411057,3755.4697511901445,239.00551715096117,36.53188091211959,0.009925008224466224,71.5400390625,-95.56005859375,-105.22998046875,-0.003268438037898558
2021-03-01,3842.510009765625,3914.5,3842.510009765625,3901.820068359375,5114820000,0.023790763506800205,0.02351217322569352,3884.351513671875,3812.5414111328123,3871.4934686585884,3977.21344116139,3791.48958618236,185.72385497902997,47.9919509996454,0.010106700882744837,71.989990234375,25.320068359375,-33.010009765625,-0.21624806353594128
2021-03-02,3903.639892578125,3906.409912109375,3868.570068359375,3870.2900390625,5536010000,-0.008080851690870694,-0.00811367873950876,3889.1730102539063,3815.9238134765624,3871.378856316104,3966.612686088305,3811.7333344195076,154.87935166879743,44.468181404327815,0.009842634970118511,37.83984375,-11.080078125,-62.300048828125,0.08234698386257966
2021-03-03,3863.989990234375,3874.469970703125,3818.860107421875,3819.719970703125,6173660000,-0.01306622187199813,-0.01315233589480116,3888.843505859375,3817.86861328125,3866.458962448201,3967.4566073077704,3810.2304044109796,157.2262028967907,39.247745431612934,0.009874055633486855,55.60986328125,-105.7099609375,-111.610107421875,0.1151822341361377
2021-03-04,3818.530029296875,3843.669921875,3723.340087890625,3768.469970703125,7195400000,-0.013417213930100202,-0.013508038064390469,3885.758508300781,3819.049814453125,3857.1266775200984,3977.7676016460705,3793.749414955492,184.01818669057866,34.06179248832072,0.010310677729912465,120.329833984375,-60.8701171875,-145.5,0.16549988175571695
2021-03-05,3793.580078125,3851.68994140625,3730.18994140625,3841.93994140625,6851070000,0.01949596819778221,0.019308356338709188,3884.268505859375,3821.99021484375,3855.680321699732,3978.1789825877995,3790.358029130951,187.82095345684866,41.051568523783274,0.010982309849655323,121.5,30.7900390625,-64.77001953125,-0.047854184617950324
2021-03-08,3844.389892578125,3881.06005859375,3819.25,3821.35009765625,5871710000,-0.005359231030161227,-0.005373643224025429,3880.9945068359375,3824.6720166015625,3852.4107765527338,3979.0051151051644,3782.9838985667106,196.0212165384537,39.64978563078884,0.010989868125906072,61.81005859375,-80.469970703125,-55.14990234375,-0.14294993336807238
2021-03-09,3851.929931640625,3903.760009765625,3851.929931640625,3875.43994140625,5513560000,0.01415464230382213,0.014055400743930569,3878.9869995117188,3828.380615234375,3854.604030348307,3975.649487842218,3782.3245111812193,193.3249766609988,45.26523267838677,0.011352688126410004,51.830078125,5.14990234375,-5.93017578125,-0.060995859809152675
2021-03-10,3891.989990234375,3917.35009765625,3885.72998046875,3898.81005859375,5847380000,0.006030313342701321,0.006012203770988197,3878.366003417969,3832.295615234375,3858.8141282764445,3974.313253416753,3782.4187534191847,191.89449999756835,48.72866451525459,0.011442873827461229,31.6201171875,79.090087890625,-26.619873046875,0.060545273833965796
2021-03-11,3915.5400390625,3960.27001953125,3915.5400390625,3939.340087890625,5312880000,0.010395487004435822,0.010341825500657608,3879.839013671875,3836.37521484375,3866.483267287319,3978.6841604150054,3780.9938669287444,197.690293486261,52.591790771841815,0.011680186008928835,44.72998046875,170.8701171875,110.0,-0.09140845985723522
2021-03-12,3924.52001953125,3944.989990234375,3915.2099609375,3943.340087890625,4476280000,0.0010153984958789497,0.0010148833275308508,3881.1870239257814,3840.7012158203124,3873.8029644876337,3982.8262549458614,3779.5477929057015,203.27846204015987,55.53972323338196,0.01167751797088987,29.780029296875,101.400146484375,132.190185546875,-0.15746638358103326
2021-03-15,3942.9599609375,3970.080078125,3923.5400390625,3968.93994140625,4900100000,0.006491921301497117,0.006470939539413048,3882.8925170898438,3845.4392138671874,3882.863628956073,3989.352152351327,3776.4328818283607,212.91927052296614,57.01670302635738,0.01171877547975836,46.5400390625,147.58984375,67.119873046875,0.0946812978634044
2021-03-16,3973.590087890625,3981.0400390625,3953.43994140625,3962.7099609375,4613080000,-0.0015696837343783798,-0.0015709169785959108,3884.3985107421877,3849.57201171875,3890.468041525733,3994.60451084276,3774.192510641615,220.41200020114502,53.17991347746536,0.011725698595797914,27.60009765625,87.27001953125,92.419921875,-0.05857431480990183
2021-03-17,3949.570068359375,3983.8701171875,3935.739990234375,3974.1201171875,4561660000,0.00287938213053085,0.0028752446501592592,3886.5380126953123,3855.041416015625,3898.434905874473,4002.1110171468317,3770.965008243793,231.14600890303882,64.43469180607991,0.011736503999637134,48.130126953125,75.31005859375,154.400146484375,-0.011146565851882007
2021-03-18,3953.5,3969.6201171875,3910.860107421875,3915.4599609375,5118590000,-0.014760539319459198,-0.014870560065947797,3886.612512207031,3858.8134130859376,3900.0563396899993,4002.261866738375,3770.9631576756874,231.29870906268752,59.623227968701435,0.01218874073596484,58.760009765625,-23.880126953125,146.989990234375,0.12208932713091292
2021-03-19,3913.139892578125,3930.1201171875,3886.75,3913.10009765625,7757420000,-0.0006027039747036333,-0.0006028856737550234,3886.932019042969,3862.1126171875,3901.2986023534518,4002.850153278249,3771.013884807689,231.83626847055984,51.243225265863416,0.012181440841801061,43.3701171875,-30.239990234375,71.16015625,0.5155384588333896
2021-03-22,3916.47998046875,3955.31005859375,3914.159912109375,3940.590087890625,4316260000,0.007025118077311765,0.007000556898342752,3890.1365234375,3864.8486181640624,3905.040648595087,4008.360931038291,3771.912115836709,236.44881520158197,57.81772037251519,0.01212552016141292,41.150146484375,-28.349853515625,119.239990234375,-0.4435959378246891
2021-03-23,3937.60009765625,3949.1298828125,3901.570068359375,3910.52001953125,4669010000,-0.007630854183940605,-0.007660118119334028,3891.5940185546874,3866.565419921875,3905.5624934461503,4010.081816122096,3773.106220987279,236.975595134817,60.57980001991267,0.012273333345171111,47.559814453125,-52.18994140625,35.080078125,0.08172584598703514
2021-03-24,3919.929931640625,3942.080078125,3889.070068359375,3889.139892578125,4783020000,-0.00546733601831495,-0.00548233660034883,3889.7795166015626,3868.356015625,3903.998436220624,4007.192200119749,3772.366833083376,234.82536703637288,65.11207537570445,0.012061118882188531,53.010009765625,-84.980224609375,-9.670166015625,0.024418452734091378
2021-03-25,3879.340087890625,3919.5400390625,3853.5,3909.52001953125,4948340000,0.005240265846959469,0.005226583432729291,3893.7885131835938,3870.5226171875,3904.5243012978267,4007.9422216860394,3779.634804681148,228.30741700489125,59.76138889829265,0.01069067550801372,66.0400390625,-5.93994140625,-29.820068359375,0.03456393659236223
2021-03-26,3917.1201171875,3978.18994140625,3917.1201171875,3974.5400390625,5483160000,0.016631202604519668,0.016494418658716575,3901.9580200195314,3873.8166162109374,3911.1924667992243,4014.586361432176,3789.329678606887,225.25668282528932,69.61005289219418,0.011135651920005665,61.06982421875,61.43994140625,31.199951171875,0.10808068968583395
2021-03-29,3969.31005859375,3981.830078125,3943.25,3971.090087890625,4628180000,-0.0008680126852336212,-0.0008683896263867381,3905.421520996094,3877.3276171875,3916.8970021412624,4022.2153002299083,3788.6277417622796,233.5875584676287,64.06824868916871,0.009912559839319891,38.580078125,30.5,2.150146484375,-0.15592833329685807
2021-03-30,3963.340087890625,3968.010009765625,3944.35009765625,3958.550048828125,4121510000,-0.0031578329337678124,-0.0031628294096500294,3909.834521484375,3881.1336181640627,3920.8639589685827,4027.7039100395064,3791.9651329292433,235.73877711026307,59.07570561622222,0.009736670032153946,23.659912109375,48.030029296875,-4.159912109375,-0.10947499881162792
2021-03-31,3967.25,3994.409912109375,3966.97998046875,3972.889892578125,4578050000,0.0036224990395776757,0.003615953592419885,3917.493017578125,3884.6132177734376,3925.818809788539,4030.5137068020736,3804.4723283541766,226.04137844789693,55.53754748944634,0.00914954972298755,27.429931640625,83.75,-1.230224609375,0.11077008183893766
2021-04-01,3992.780029296875,4020.6298828125,3992.780029296875,4019.8701171875,4162130000,0.011825201774944727,0.011755830427674127,3930.063024902344,3887.9736181640624,3934.7760771598687,4028.2444490828334,3831.8816007218543,196.36284836097911,61.06211741688776,0.008636460307757542,27.849853515625,110.35009765625,104.41015625,-0.09085090813774421
2021-04-05,4034.43994140625,4083.419921875,4034.43994140625,4077.909912109375,4005030000,0.014438226417743616,0.0143349877622439,3941.8615234375,3892.4704150390626,3948.4078709645837,4051.499199554202,3832.2238473207985,219.27535223340328,64.40067031333987,0.008199307539478702,48.97998046875,103.369873046875,164.809814453125,-0.03774509686146277
2021-04-06,4075.570068359375,4086.22998046875,4068.139892578125,4073.93994140625,4081270000,-0.0009735307519511682,-0.0009740049407969285,3954.491015625,3897.119814453125,3960.3633062447425,4063.8707197043427,3845.111311545657,218.7594081586858,64.78766814717105,0.00802019974737861,18.090087890625,102.849853515625,133.349853515625,0.019036062151843947
2021-04-07,4074.2900390625,4083.1298828125,4068.31005859375,4079.949951171875,4120810000,0.001475232784985625,0.0014741456981068137,3964.716516113281,3901.611611328125,3971.7525105235172,4080.9995405113345,3848.433491715228,232.56604879610677,64.27470136931808,0.007601913183174244,14.81982421875,121.39990234375,169.429931640625,0.009688160793086542
2021-04-08,4089.949951171875,4098.18994140625,4082.5400390625,4097.169921875,3907100000,0.0042206328286402695,0.004211750940591775,3974.6345092773436,3906.562607421875,3983.697025890325,4100.67642808722,3848.592590467467,252.08383761975347,77.59452709757024,0.007569660512544832,15.64990234375,124.280029296875,208.030029296875,-0.05186116321791101
2021-04-09,4096.10986328125,4129.47998046875,4095.510009765625,4128.7998046875,3640390000,0.007719934348738189,0.007690288135687276,3984.1074951171877,3914.123203125,3997.5163381567227,4126.410121549657,3841.804868684719,284.6052528649375,80.08196129650841,0.007445620660547102,33.969970703125,108.9296875,219.27978515625,-0.06826290599165619
2021-04-12,4124.7099609375,4131.759765625,4114.81982421875,4127.990234375,3588900000,-0.00019607884876882142,-0.0001960980747395339,3993.3400024414063,3920.93541015625,4009.9424235108445,4147.934994809423,3838.7450100733895,309.1899847360337,78.23655565896492,0.007462196744948517,16.93994140625,50.080322265625,153.4501953125,-0.014144088957501855
2021-04-13,4130.10009765625,4148.0,4124.43017578125,4141.58984375,3734720000,0.0032944868090414303,0.0032890718770625686,4001.9724975585937,3929.4824072265624,4022.4802730574306,4169.565619161297,3834.3793759558903,335.18624320540675,86.63481844812317,0.007402057081407984,23.56982421875,67.64990234375,170.499755859375,0.040630833960266344
2021-04-14,4141.580078125,4151.68994140625,4120.8701171875,4124.66015625,3985350000,-0.004087726727828533,-0.004096104320730151,4010.0700073242188,3936.498408203125,4032.211690504342,4185.157792804427,3834.9822218440104,350.17557096041674,87.87489507452948,0.007489681876425142,30.81982421875,44.710205078125,166.110107421875,0.06710810984491467
2021-04-15,4139.759765625,4173.490234375,4139.759765625,4170.419921875,4033420000,0.01109419052516647,0.011033101401119478,4019.8849975585936,3943.38060546875,4045.3743792063096,4208.010235684862,3831.759759432325,376.2504762525368,88.78994800642914,0.007759044493782964,33.73046875,73.25,197.530029296875,0.012061675887939494
2021-04-16,4174.14013671875,4191.31005859375,4170.75,4185.47021484375,4163820000,0.0036088195555097347,0.0036023233905179666,4033.3855102539064,3950.486611328125,4058.7168397432088,4228.578450616237,3838.192569891575,390.385880724662,86.83358316237523,0.006618994737584652,20.56005859375,56.67041015625,165.60009765625,0.03232988382067825
2021-04-19,4179.7998046875,4180.81005859375,4150.47021484375,4163.259765625,3810290000,-0.005306560094486046,-0.005320689893757947,4045.8934936523438,3956.3170068359377,4068.673308874808,4240.692227893955,3851.0947594107324,389.5974684832222,81.49402430290203,0.006846882437255404,30.33984375,35.26953125,85.349853515625,-0.08490520723758477
2021-04-20,4159.18017578125,4159.18017578125,4118.3798828125,4134.93994140625,4342650000,-0.006802319771775922,-0.006825561005077803,4055.610986328125,3961.2792041015623,4074.984416734945,4247.662496364601,3863.559476291649,384.10302007295195,77.48628715820614,0.007124856164045818,40.80029296875,-6.64990234375,61.0,0.1397163995391426
2021-04-21,4128.419921875,4175.02001953125,4126.35009765625,4173.419921875,3887250000,0.009306055472153574,0.009263020919853236,4068.7559814453125,3966.43580078125,4084.3592267482836,4254.891023326002,3882.620939564623,372.2700837613793,79.06156216188293,0.006867498192046932,48.669921875,48.759765625,93.469970703125,-0.10486684397775548
2021-04-22,4170.4599609375,4179.56982421875,4123.68994140625,4134.97998046875,4245140000,-0.009210657476561801,-0.009253337860554323,4081.047985839844,3970.91080078125,4089.1802509121376,4248.801888831011,3913.294082848677,335.5078059823336,67.10558012909817,0.007163116807899514,55.8798828125,-35.43994140625,37.81005859375,0.09206765708405684
2021-04-23,4138.77978515625,4194.169921875,4138.77978515625,4180.169921875,3569880000,0.010928696540176919,0.01086940989553096,4094.5804809570313,3976.3166015625,4097.845933860982,4247.042564835109,3942.1183970789534,304.92416775615584,65.7994497349388,0.007362980314042252,55.39013671875,-5.30029296875,51.3701171875,-0.1590666032215663
2021-04-26,4185.02978515625,4194.18994140625,4182.35986328125,4187.6201171875,3748320000,0.001782270924804541,0.001780684564582624,4105.234484863281,3981.74140625,4106.395856082555,4252.052505829513,3958.4164638970487,293.63604193246465,67.37702250637781,0.006672544643459993,11.830078125,24.3603515625,59.6298828125,0.04998487344112412
2021-04-27,4188.25,4193.35009765625,4176.22021484375,4186.72021484375,3710700000,-0.00021489588801437698,-0.0002149189814442344,4116.0159912109375,3986.779208984375,4114.045795012193,4252.67473711389,3979.357245307985,273.31749180590487,66.57979917611101,0.006656072753364712,17.1298828125,51.7802734375,45.13037109375,-0.010036496350364965
2021-04-28,4185.14013671875,4201.52978515625,4181.77978515625,4183.18017578125,3787360000,-0.0008455399168898481,-0.0008458975873960478,4127.247497558594,3991.7910107421876,4120.630021752103,4245.035648989021,4009.459346128167,235.57630286085396,63.94870584732435,0.006569060445033464,19.75,9.76025390625,58.52001953125,0.020659174818767445
2021-04-29,4206.14013671875,4218.77978515625,4176.81005859375,4211.47021484375,4298680000,0.006762806734045723,0.0067400415367024095,4139.176513671875,3997.3938134765626,4129.281468713212,4237.929686375719,4040.4233409680305,197.5063454076885,63.553893274968495,0.006627429552087518,41.9697265625,76.490234375,41.05029296875,0.13500697055468724
2021-04-30,4198.10009765625,4198.10009765625,4174.85009765625,4181.169921875,4300880000,-0.007194706699326425,-0.0072207134171198275,4147.24150390625,4002.7378125,4134.223226157192,4230.023967160282,4064.459040652218,165.56492650806422,57.95008277686451,0.006650080547754773,23.25,1.0,-4.30029296875,0.0005117850130738066
2021-05-03,4191.97998046875,4209.39013671875,4188.02978515625,4192.66015625,4070220000,0.002748090747253684,0.002744321649512167,4152.979016113281,4008.45681640625,4139.788648070792,4231.315739355479,4074.6422928710836,156.67344648439575,57.68319880585436,0.005978164109334635,21.3603515625,5.0400390625,29.400390625,-0.05363088484217182
2021-05-04,4179.0400390625,4179.0400390625,4128.58984375,4164.66015625,4452460000,-0.006678337608227225,-0.0067007374898472305,4157.515026855469,4014.22001953125,4142.157363135479,4226.533432218902,4088.496621492036,138.03681072686595,55.823757404105635,0.006228505872107886,50.4501953125,-22.06005859375,29.72021484375,0.09391138562534707
2021-05-05,4177.06005859375,4187.72021484375,4160.93994140625,4167.58984375,4230920000,0.0007034637617677753,0.0007032164471135163,4161.897021484375,4019.9444140625,4144.579504146385,4220.526885898753,4103.267157069997,117.25972882875612,49.52924741313494,0.006228581372855908,26.7802734375,-15.59033203125,-5.830078125,-0.049756763676709004
2021-05-06,4169.14013671875,4202.7001953125,4147.330078125,4201.6201171875,4511000000,0.008165456466051824,0.008132299498632055,4167.11953125,4025.4682177734376,4150.011943483634,4219.776863421587,4114.4621990784135,105.31466434317372,52.52681132072588,0.006393493647808711,55.3701171875,-9.85009765625,66.64013671875,0.0661983682036058
2021-05-07,4210.33984375,4238.0400390625,4201.64013671875,4232.60009765625,4016080000,0.007373341616968343,0.007346291419186351,4172.309545898437,4033.53341796875,4157.877481976264,4229.343889368105,4115.275202428769,114.06868693933575,60.55921634760522,0.006375560776901783,36.39990234375,51.43017578125,52.43017578125,-0.10971403236532917
2021-05-10,4228.2900390625,4236.39013671875,4188.1298828125,4188.43017578125,4560700000,-0.010435647322188157,-0.010490480503138024,4175.33154296875,4041.0790234375,4160.787262338644,4228.769902144974,4121.893183792526,106.87671835244873,57.77044184865414,0.006889216925406829,48.26025390625,-4.22998046875,0.81005859375,0.13560984840939416
2021-05-11,4150.33984375,4162.0400390625,4111.52978515625,4152.10009765625,4870710000,-0.00867391280271812,-0.008711750141781542,4175.8570556640625,4046.0846240234373,4159.959913321273,4228.091448674706,4123.622662653419,104.46878602128709,46.88343595065803,0.007170583363547057,50.51025390625,-12.56005859375,-34.6201171875,0.06797421448461849
2021-05-12,4130.5498046875,4134.72998046875,4056.8798828125,4063.0400390625,4733070000,-0.021449400664502738,-0.021682782358302413,4172.776049804687,4049.9396240234373,4150.729449106152,4242.174602642333,4103.377496967041,138.7971056752922,40.83942554363573,0.008615995474487468,77.85009765625,-104.5498046875,-120.14013671875,-0.028258713822009507
2021-05-13,4074.989990234375,4131.580078125,4074.989990234375,4112.5,4779540000,0.012173141406923493,0.012099644578094055,4169.880053710937,4055.795224609375,4147.08854919128,4244.3418713648525,4095.418236057022,148.9236353078304,41.47585107403735,0.008696839620878864,56.590087890625,-89.1201171875,-98.97021484375,0.009818151854927182
2021-05-14,4129.580078125,4183.1298828125,4129.580078125,4173.85009765625,4008880000,0.014917956876899785,0.014807778563623631,4169.299047851562,4063.9028271484376,4149.637268092706,4243.4292713038385,4095.1688243992853,148.2604469045532,48.47281655711409,0.00933355048197662,53.5498046875,-58.75,-7.31982421875,-0.16124145838302428
2021-05-17,4169.919921875,4171.919921875,4142.68994140625,4163.2900390625,4125050000,-0.0025300521932207776,-0.002533258183961915,4169.300561523438,4070.3298291015626,4150.937531994591,4243.43026698217,4095.1708560647057,148.25941091746427,47.45595571979196,0.009272443254944937,29.22998046875,-25.14013671875,-29.3701171875,0.02897816846600554
2021-05-18,4165.93994140625,4169.14990234375,4125.990234375,4127.830078125,4398150000,-0.008517292959364653,-0.0085537723840327,4168.945068359375,4076.4594287109376,4148.736822102249,4243.832892005723,4094.0572447130276,149.77564729269534,44.37968103746615,0.009346694228638075,43.15966796875,-24.27001953125,-36.830078125,0.06620525811808342
2021-05-19,4098.4501953125,4116.93017578125,4061.409912109375,4115.68017578125,4247450000,-0.002943411456817757,-0.002947751811378411,4166.058081054687,4081.2642333984377,4145.588570071677,4244.5830548538215,4087.533107255553,157.04994759826832,39.943736018585156,0.009099804857259705,55.520263671875,52.64013671875,-51.90966796875,-0.034264406625513
2021-05-20,4121.97021484375,4172.7998046875,4121.97021484375,4159.1201171875,3978880000,0.010554741756143349,0.01049942933450842,4167.265087890625,4086.4704345703126,4146.877288844613,4244.510376447053,4090.019799334197,154.49057711285604,47.74730822338753,0.009194747811346209,50.82958984375,46.6201171875,-42.5,-0.0632308797042932
2021-05-21,4168.60986328125,4188.72021484375,4151.72021484375,4155.85986328125,3995250000,-0.0007838806801412357,-0.0007841880752528091,4166.049584960938,4090.800830078125,4147.732772124293,4243.204875846913,4088.8942940749635,154.31058177194927,46.176038122414276,0.008850824675537864,37.0,-17.990234375,-76.740234375,0.00411422309795717
2021-05-24,4170.16015625,4209.52001953125,4170.16015625,4197.0498046875,3684800000,0.009911292190138532,0.009862497481216075,4166.521069335938,4095.8750244140624,4152.4296323684075,4244.343728250884,4088.698410420991,155.64531782989297,53.27585014864638,0.0091314733037788,39.35986328125,33.759765625,8.61962890625,-0.07770477441962331
2021-05-25,4205.93994140625,4213.419921875,4182.52001953125,4188.1298828125,4182250000,-0.0021252837802967495,-0.002127545400828599,4166.591552734375,4100.258823242188,4155.829656220226,4244.493752723906,4088.6893527448437,155.8043999790625,52.05252464532397,0.009145495966121657,30.89990234375,60.2998046875,36.02978515625,0.1350005427702996
2021-05-26,4191.58984375,4202.60986328125,4184.10986328125,4195.990234375,4420890000,0.0018768165702687245,0.0018750575506104544,4167.2320556640625,4104.924428710938,4159.654473187347,4245.915258998098,4088.5488523300273,157.36640666807034,49.40636899650103,0.00915161872028641,18.5,80.31005859375,132.9501953125,0.057060194871181746
2021-05-27,4201.93994140625,4213.3798828125,4197.77978515625,4200.8798828125,6406310000,0.0011653145418315525,0.001164636089862995,4166.7025390625,4109.459624023438,4163.580702675457,4244.266807287904,4089.1382708370966,155.1285364508076,46.46058826926618,0.009024831594980966,15.60009765625,41.759765625,88.3798828125,0.44909961568824386
2021-05-28,4210.77001953125,4218.35986328125,4203.56982421875,4204.10986328125,4649250000,0.0007688818911402162,0.000768586452887337,4167.849536132812,4115.232622070313,4167.440622733152,4246.977301297172,4088.7217709684523,158.2555303287195,51.92549384551917,0.008869071223366335,14.7900390625,48.25,30.259765625,-0.27427021171313903
2021-06-01,4216.52001953125,4234.1201171875,4197.58984375,4202.0400390625,5074670000,-0.0004923335226864056,-0.0004924547586291649,4168.318530273437,4121.011420898438,4170.735805240709,4248.1733192798265,4088.4637412670486,159.7095780127779,56.696159088855694,0.008851789569721012,36.5302734375,4.990234375,38.75,0.09150293058020109
2021-06-02,4206.81982421875,4217.3701171875,4198.27001953125,4208.1201171875,5833670000,0.0014469348384307246,0.0014458890369002922,4170.491528320313,4126.362021484375,4174.296215902308,4252.269255328677,4088.713801311949,163.55545401672816,75.02071558013729,0.008707225652137381,19.10009765625,19.990234375,80.2900390625,0.14956637574462972
2021-06-03,4191.43017578125,4204.39013671875,4167.93017578125,4192.85009765625,5587970000,-0.0036287033416374515,-0.003635303056049319,4171.754541015625,4132.008623046875,4176.063252259826,4254.121711075755,4089.3873709554955,164.73434012025973,65.70994873361528,0.008757088543082658,36.4599609375,-3.14013671875,77.169921875,-0.04211756921457677
2021-06-04,4206.0498046875,4233.4501953125,4206.0498046875,4229.89013671875,4139790000,0.008834095710505974,0.008795303383016323,4173.168041992188,4138.823627929687,4181.189622208295,4258.606232627114,4087.7298513572614,170.87638126985257,62.107868373745646,0.008789756824270021,27.400390625,29.01025390625,70.77001953125,-0.25916030329439854
2021-06-07,4229.33984375,4232.33984375,4215.66015625,4226.52001953125,4476920000,-0.0007967387044511831,-0.0007970562694215079,4172.864038085938,4145.163627929687,4185.506802905719,4257.450856630374,4088.2772195415014,169.1736370888725,64.09935913488654,0.008635753262497521,16.6796875,22.41015625,70.66015625,0.0814364979866129
2021-06-08,4233.81005859375,4236.740234375,4208.41015625,4227.259765625,4659620000,0.00017502486450582388,0.00017500954944121158,4174.805517578125,4150.218022460937,4189.483275545651,4262.617662246955,4086.9933729092945,175.62428933766023,76.23339413989632,0.00828193640333208,28.330078125,25.2197265625,30.2099609375,0.040809306398148726
2021-06-09,4232.990234375,4237.08984375,4218.740234375,4219.5498046875,4713260000,-0.0018238673194856947,-0.0018255325906156837,4178.178002929688,4155.187216796875,4192.346754511541,4267.486648771576,4088.8693570878,178.61729168377633,78.06228118082544,0.008020344142928758,18.349609375,11.4296875,31.419921875,0.011511668333469283
2021-06-10,4228.56005859375,4249.740234375,4220.33984375,4239.18017578125,4408210000,0.004652243012262192,0.004641454776462911,4186.985009765625,4160.799819335937,4196.807080346752,4262.098130822781,4111.87188870847,150.2262421143114,74.82324585706456,0.006095804307150029,29.400390625,46.330078125,43.18994140625,-0.06472165762126425
2021-06-11,4242.89990234375,4248.3798828125,4232.25,4247.43994140625,3815010000,0.0019484346695590737,0.0019465389328083601,4193.732006835938,4166.2908203125,4201.629257590514,4264.807581479079,4122.656432192796,142.15114928628282,77.54126284875184,0.005620446581492883,16.1298828125,17.5498046875,46.56005859375,-0.13456709185814653
2021-06-14,4248.31005859375,4255.58984375,4234.06982421875,4255.14990234375,4151200000,0.0018152018730952513,0.0018135563851361702,4197.7969970703125,4170.996416015625,4206.726461852727,4273.249508298333,4122.344485842292,150.90502245604148,71.87836709777775,0.00467407574570293,21.52001953125,28.6298828125,51.0400390625,0.08812296691227539
2021-06-15,4255.27978515625,4257.16015625,4238.35009765625,4246.58984375,4048940000,-0.0020116937805257917,-0.00201371995427588,4201.961987304688,4174.370014648437,4210.522974414372,4278.581629905794,4125.342344703581,153.23928520221307,72.0737031519639,0.004655013296537305,18.81005859375,19.330078125,44.5498046875,-0.024633840817113173
2021-06-16,4248.8701171875,4251.89013671875,4202.4501953125,4223.7001953125,4538350000,-0.005390124612855707,-0.005404703747026491,4206.7554931640625,4177.365219726563,4211.777947833241,4275.431178762257,4138.079807565868,137.35137119638966,59.39644210135905,0.004361745392568848,49.43994140625,4.150390625,15.580078125,0.12087361136494978
2021-06-17,4220.3701171875,4232.2900390625,4196.0498046875,4221.85986328125,5312680000,-0.00043571559205179966,-0.00043581054367264766,4212.064477539063,4180.20341796875,4212.738130256861,4265.911011459071,4158.2179436190545,107.69306784001674,57.26454108632508,0.004272786162970331,36.240234375,-17.3203125,29.009765625,0.17061927793140685
2021-06-18,4204.77978515625,4204.77978515625,4164.39990234375,4166.4501953125,6817010000,-0.013124468779900589,-0.013211355687284158,4212.430981445313,4181.5890234375,4208.3297555002555,4264.840813226716,4160.0211496639095,104.81966356280645,40.42126703014195,0.0048147446673152605,40.3798828125,-80.98974609375,-63.43994140625,0.2831584059269521
2021-06-21,4173.39990234375,4226.240234375,4173.39990234375,4224.7900390625,4128950000,0.014002289962720793,0.013905163512319857,4215.877490234375,4183.508828125,4209.897401553802,4261.211667322278,4170.5433131464715,90.6683541758066,54.49872160297855,0.0057218045318007124,52.84033203125,-30.35986328125,-1.72998046875,-0.3943165698744757
2021-06-22,4224.60986328125,4255.83984375,4217.27001953125,4246.43994140625,3828390000,0.005124491902218642,0.005111406378990611,4218.346997070313,4185.877822265625,4213.377643444512,4264.731553385069,4171.962440755557,92.76911262951216,57.138049526761655,0.005414159029860032,38.56982421875,-0.14990234375,19.18017578125,-0.07279332517952508
2021-06-23,4249.27001953125,4256.60009765625,4241.43017578125,4241.83984375,3730350000,-0.0010832833431588806,-0.0010838705186495853,4221.032495117188,4187.882822265625,4216.088329187892,4266.255580540699,4175.809409693677,90.44617084702259,59.50336351116088,0.0053915295432315075,15.169921875,18.1396484375,22.2900390625,-0.025608676232045324
2021-06-24,4256.97021484375,4271.27978515625,4256.97021484375,4266.490234375,3816660000,0.005811249724885448,0.005794429545916893,4224.5574951171875,4190.719423828125,4220.888510634283,4272.472187178144,4176.642803056231,95.82938412191288,57.45845248827356,0.005509101016883747,14.3095703125,44.63037109375,27.31005859375,0.02313723913305732
2021-06-25,4274.4501953125,4286.1201171875,4271.16015625,4280.7001953125,7341450000,0.0033305973193167304,0.003325063164687565,4228.548510742187,4192.925029296875,4226.584861556018,4281.2201719413915,4175.876849542983,105.34332239840842,60.573816888604284,0.005536873826518309,14.9599609375,114.25,33.26025390625,0.9235273773403971
2021-06-28,4284.89990234375,4292.14013671875,4274.669921875,4290.60986328125,4147890000,0.0023149642620619026,0.0023122888604717494,4232.873510742187,4195.027822265625,4232.682480767945,4291.01706264663,4174.729958837745,116.28710380888515,61.93619969198329,0.005544909124001358,17.47021484375,65.81982421875,35.4599609375,-0.4350039842265493
2021-06-29,4293.2099609375,4300.52001953125,4287.0400390625,4291.7998046875,3707150000,0.00027733619326086867,0.0002772977426878152,4237.361499023437,4197.598623046875,4238.312702093617,4299.222054178368,4175.5009438685065,123.72111030986161,63.95598011031382,0.005536426886326113,13.47998046875,45.35986328125,45.2099609375,-0.10625643399415119
2021-06-30,4290.64990234375,4302.43017578125,4287.9599609375,4297.5,4266040000,0.0013281596467464851,0.0013272784229071918,4241.830493164062,4200.84982421875,4243.949587608511,4307.587785438987,4176.073200889137,131.51458454985004,61.905920114833684,0.005536067131369854,14.47021484375,55.66015625,73.7998046875,0.15076001780343384
2021-07-01,4300.72998046875,4320.66015625,4300.72998046875,4319.93994140625,3788230000,0.0052216268542757405,0.005208041432254744,4248.184985351562,4203.780224609375,4251.186764160677,4318.422952901278,4177.947017801846,140.4759350994318,63.990758259899444,0.005494618287379792,19.93017578125,53.44970703125,98.080078125,-0.11200316921547848
2021-07-02,4326.60009765625,4355.43017578125,4326.60009765625,4352.33984375,3225840000,0.007500081663913916,0.007472095894691671,4254.307470703125,4208.127421875,4260.820390788232,4337.907211209013,4170.707730197236,167.1994810117776,67.1235940750274,0.005408431368593689,28.830078125,71.6396484375,185.8896484375,-0.1484571950488751
2021-07-06,4356.4599609375,4356.4599609375,4314.3701171875,4343.5400390625,4309570000,-0.0020218560598241897,-0.0020239027700217787,4260.158471679688,4211.39482421875,4268.698452528638,4351.583423329632,4168.733520029744,182.84990329988796,67.0669357666944,0.005441953288789457,42.08984375,52.93017578125,118.75,0.33595280609081657
2021-07-07,4351.009765625,4361.8798828125,4329.7900390625,4358.1298828125,4037380000,0.003358975310182588,0.0033533465536629346,4266.701977539063,4214.80501953125,4277.215731603292,4366.557348356929,4166.846606721197,199.71074163573212,74.3770962680673,0.005451394573397493,32.08984375,66.330078125,111.68994140625,-0.06315943353977316
2021-07-08,4321.06982421875,4330.8798828125,4289.3701171875,4320.81982421875,4347500000,-0.008561024934316985,-0.008597881009556396,4271.765478515625,4217.48701171875,4281.368502328573,4371.8237086328445,4171.707248398405,200.11646023443973,65.89977656997252,0.005862810448243037,41.509765625,23.31982421875,78.97998046875,0.07681219008366802
2021-07-09,4329.3798828125,4371.60009765625,4329.3798828125,4369.5498046875,3531120000,0.011277947808795874,0.011214825902413766,4278.283959960938,4221.214404296875,4289.766721600852,4386.0903118887745,4170.477608033101,215.61270385567332,83.34755057275164,0.006242858423619079,42.22021484375,49.60986328125,103.0595703125,-0.1877814836112709
2021-07-12,4372.41015625,4386.68017578125,4364.02978515625,4384.6298828125,3384460000,0.0034511743312370946,0.0034452326955940497,4285.14345703125,4224.67759765625,4298.801308382914,4401.782841032893,4168.504073029608,233.27876800328522,80.59021418158711,0.006257133845539525,22.650390625,32.2900390625,103.9296875,-0.0415335644214867
2021-07-13,4381.06982421875,4392.3701171875,4366.919921875,4369.2099609375,3695430000,-0.0035168126585656267,-0.0035230111811655838,4290.846459960938,4228.4383984375,4305.506894340493,4412.362862955285,4169.330056966591,243.03280598869424,74.0697413943301,0.006360634833676665,25.4501953125,25.669921875,78.60009765625,0.09188171820615398
2021-07-14,4380.10986328125,4393.68017578125,4362.35986328125,4374.2998046875,4006370000,0.0011649345752446916,0.0011642565654693257,4297.231958007813,4232.07119140625,4312.0586000878275,4422.325559085884,4172.138356929741,250.18720215614303,75.91973308058031,0.006311939212059996,31.3203125,16.169921875,82.5,0.0841417642872413
2021-07-15,4369.02001953125,4369.02001953125,4340.7001953125,4360.02978515625,3905230000,-0.0032622408541723713,-0.0032675735627459117,4304.0484375,4235.978583984375,4316.627284380058,4427.112222426325,4180.984652573674,246.1275698526515,69.0788674322023,0.006206716153144835,28.31982421875,39.2099609375,62.52978515625,-0.02524479765972687
2021-07-16,4367.43017578125,4375.08984375,4322.52978515625,4327.16015625,3985700000,-0.007538854211077806,-0.007567415006813217,4309.313452148437,4239.169990234375,4317.6304150343385,4426.438742004504,4192.18816229237,234.2505797121339,58.80594528560323,0.0065248815486190215,52.56005859375,-42.3896484375,7.22021484375,0.02060570056053046
2021-07-19,4296.39990234375,4296.39990234375,4233.1298828125,4258.490234375,5157660000,-0.015869512427409305,-0.015996781399983978,4313.915454101562,4240.307392578125,4311.998016876306,4413.294161033989,4214.536747169135,198.75741386485424,45.02112470311126,0.006863320786142776,63.27001953125,-126.1396484375,-93.849609375,0.294041197280277
2021-07-20,4265.10986328125,4336.83984375,4262.0498046875,4323.06005859375,4438270000,0.015162609437855634,0.0150488060047999,4318.828955078125,4242.116591796875,4313.05154465892,4408.938875623641,4228.719034532608,180.21984109103323,54.049896065677885,0.006981866944459389,74.7900390625,-46.14990234375,-20.47998046875,-0.13947991918815894
2021-07-21,4331.1298828125,4359.7001953125,4331.1298828125,4358.68994140625,3810280000,0.008241819990835397,0.008208041662144044,4324.441455078125,4245.521787109375,4317.398058634856,4409.40307522335,4239.479834932899,169.92324029045085,57.35688312420233,0.007108362763405778,28.5703125,-15.60986328125,0.56005859375,-0.14149432098542902
2021-07-22,4361.27001953125,4369.8701171875,4350.06005859375,4367.47998046875,3358300000,0.0020166699583279435,0.0020146392092429753,4330.723461914063,4249.829384765625,4322.16776547618,4408.220873130786,4253.22605069734,154.99482243344573,55.909724380390024,0.007086749864467855,19.81005859375,7.4501953125,46.66015625,-0.11862120369106732
2021-07-23,4381.2001953125,4415.18017578125,4381.2001953125,4411.7900390625,4540070000,0.010145452020822843,0.010094332386254415,4337.988452148437,4256.804384765625,4330.703220103448,4417.351790215589,4258.625114081286,158.7266761343035,57.177740362394715,0.007289399094626507,33.97998046875,84.6298828125,42.240234375,0.35189530417175363
2021-07-26,4409.580078125,4422.72998046875,4405.4501953125,4422.2998046875,4275630000,0.0023821998626283314,0.0023793669227295928,4345.068432617188,4263.000380859375,4339.426704349548,4428.092841983444,4262.044023250932,166.0488187325118,59.46998607389525,0.007281321132475304,17.27978515625,163.8095703125,37.669921875,-0.05824579797227791
2021-07-27,4416.3798828125,4416.3798828125,4372.509765625,4401.4599609375,4241950000,-0.0047124448070912095,-0.004723583382178003,4350.6109375,4267.552578125,4345.334633548401,4433.126494055736,4268.0953809442635,165.03111311147222,55.13281461481332,0.007416042962467398,43.8701171875,78.39990234375,32.25,-0.007877201722319316
2021-07-28,4402.9501953125,4415.47021484375,4387.009765625,4400.64013671875,4215290000,-0.0001862618826539153,-0.000186279231552706,4356.052954101562,4272.299580078125,4350.60182432653,4436.569368430745,4275.536539772379,161.03282865836627,60.35018095341811,0.007420138677672336,28.46044921875,41.9501953125,26.34033203125,-0.006284845413076501
2021-07-29,4403.58984375,4429.97021484375,4403.58984375,4419.14990234375,4044600000,0.004206152980007483,0.004197331845272641,4362.13544921875,4278.1259765625,4357.130212709122,4442.406808920154,4281.864089517347,160.54271940280705,56.97849041308574,0.0074489900647295255,26.38037109375,51.669921875,59.1201171875,-0.04049306216179671
2021-07-30,4395.1201171875,4412.25,4389.64990234375,4395.259765625,3956740000,-0.0054060480514769305,-0.005420713608261166,4365.901440429688,4283.717568359375,4360.76159870111,4444.8946963793915,4286.908184479984,157.98651189940756,51.459393074821214,0.00754223630545769,22.60009765625,-16.5302734375,68.099609375,-0.021722790881669396
2021-08-02,4406.85986328125,4422.18017578125,4384.81005859375,4387.16015625,3724090000,-0.001842805614891363,-0.001844505670060361,4367.6424560546875,4288.278369140625,4363.2757470391,4446.911594128374,4288.373317981001,158.53827614737384,52.51496170296607,0.007399369130735252,37.3701171875,-35.1396484375,128.669921875,-0.05879840474734255
2021-08-03,4392.740234375,4423.7900390625,4373.0,4423.14990234375,3965190000,0.0082034265474622,0.008169961338918062,4371.62294921875,4293.624169921875,4368.978047544305,4453.740125784763,4289.5057726527375,164.23435313202572,56.298880940478426,0.007572671609166013,50.7900390625,21.68994140625,100.08984375,0.06474064805093316
2021-08-04,4415.9501953125,4416.169921875,4400.22998046875,4402.66015625,4260760000,-0.004632387901412294,-0.004643150661295458,4373.849462890625,4297.736376953125,4372.185867421038,4456.836391323217,4290.862534458032,165.97385686518464,55.41011318809201,0.007648532988984489,15.93994140625,2.02001953125,43.97021484375,0.07454119474728826
2021-08-05,4408.85986328125,4429.759765625,4408.85986328125,4429.10009765625,3769410000,0.006005446813494242,0.005987485990419113,4379.2634765625,4302.55578125,4377.606270300582,4461.810691841824,4296.716261283175,165.09443055864904,63.15156875418126,0.007426996075918616,20.89990234375,9.9501953125,61.6201171875,-0.11531980210103365
2021-08-06,4429.06982421875,4440.81982421875,4429.06982421875,4436.52001953125,3451870000,0.001675266241764728,0.0016738645485288822,4382.611987304687,4307.366376953125,4383.217103560645,4468.850834177031,4296.3731404323435,172.4776937446877,77.27939977165227,0.00704621812766733,11.75,41.26025390625,24.72998046875,-0.0842413003626562
2021-08-09,4437.77001953125,4439.39013671875,4424.740234375,4432.35009765625,3449280000,-0.0009399082741974318,-0.0009403502649549345,4384.997998046875,4311.99578125,4387.896436331655,4474.06610403528,4295.929892058471,178.13621197680914,70.55033236622718,0.0070271353256903205,14.64990234375,45.18994140625,10.05029296875,-0.0007503179436073593
2021-08-10,4435.7900390625,4445.2099609375,4430.02978515625,4436.75,3886610000,0.0009926793341701323,0.0009921869538634502,4388.375,4316.648583984375,4392.5491566810215,4480.007309163227,4296.742690836773,183.26461832645327,66.63129576110907,0.006961315715409663,15.18017578125,13.60009765625,35.2900390625,0.12678877910752395
2021-08-11,4442.18017578125,4449.43994140625,4436.419921875,4442.41015625,3532560000,0.0012757437876824707,0.0012749307180154837,4391.780517578125,4321.455986328125,4397.297823306639,4486.229631007035,4297.331404149215,188.8982268578202,66.18024465902309,0.006961673656255127,13.02001953125,39.75,41.77001953125,-0.09109481013016485
2021-08-12,4446.080078125,4461.77001953125,4435.9599609375,4460.830078125,3375310000,0.004146380281677686,0.00413780773547866,4396.820532226562,4326.510185546875,4403.348514241721,4494.826669767907,4298.814394685217,196.0122750826904,61.9227043505513,0.006931418431858665,25.81005859375,31.72998046875,41.68017578125,-0.04451445976855317
2021-08-13,4464.83984375,4468.3701171875,4460.81982421875,4468.0,3016470000,0.001607306655808216,0.0016060163209228441,4403.862524414062,4332.01318359375,4409.505798599653,4501.029629311121,4306.695419517003,194.33420979411858,61.29412957224362,0.006621651789438396,7.55029296875,31.47998046875,72.740234375,-0.10631319789885962
2021-08-16,4461.64990234375,4480.259765625,4437.66015625,4479.7099609375,3370640000,0.002620850702215849,0.0026174222619943593,4414.923510742187,4337.009580078125,4416.191909298495,4490.344703278113,4339.502318206261,150.84238507185182,70.2522431441931,0.005185863495837113,42.599609375,47.35986328125,92.5498046875,0.11741207437832957
2021-08-17,4462.1201171875,4462.1201171875,4417.830078125,4448.080078125,3836960000,-0.00706069881494753,-0.007085743507137991,4421.17451171875,4341.44078125,4419.2288777581625,4484.251167176301,4358.097856261199,126.15331091510234,60.589341884123996,0.004698712856587642,44.2900390625,11.330078125,24.93017578125,0.13834761350960045
2021-08-18,4440.93994140625,4454.31982421875,4397.58984375,4400.27001953125,3755590000,-0.010748470745585936,-0.01080665284525433,4423.253515625,4344.900986328125,4417.423272212743,4480.0910260787605,4366.416005171239,113.67502090752168,46.273199731665756,0.005148461750544707,56.72998046875,-42.14013671875,-2.39013671875,-0.02120689295692424
2021-08-19,4382.43994140625,4418.60986328125,4367.72998046875,4405.7998046875,4398410000,0.0012566922329095842,0.001255903256156918,4425.169506835938,4348.625986328125,4416.316275305577,4476.397401538806,4373.94161213307,102.45578940573614,52.24314876318184,0.00513937748071606,50.8798828125,-55.0302734375,-23.30029296875,0.17116351891447157
2021-08-20,4410.56005859375,4444.35009765625,4406.7998046875,4441.669921875,3652610000,0.008141567655737925,0.00810860389074176,4426.663500976562,4352.67578125,4418.730908312188,4477.991188894459,4375.335813058666,102.65537583579317,60.374552997241786,0.004956686988929303,37.55029296875,-26.330078125,5.14990234375,-0.16956127327829829
2021-08-23,4450.2900390625,4489.8798828125,4450.2900390625,4479.52978515625,3576530000,0.00852379036424833,0.008487667984412181,4429.525,4357.317578125,4424.521277535432,4485.955793147897,4373.094206852103,112.86158629579404,60.65463645456928,0.005269628134169779,39.58984375,-0.18017578125,47.1796875,-0.020828941496628395
2021-08-24,4484.39990234375,4492.81005859375,4482.27978515625,4486.22998046875,3979220000,0.0014957363013194946,0.0014946188019620721,4433.763500976563,4361.9391796875,4430.398296862415,4493.929191592246,4373.5978103608795,120.33138123136632,66.66134493211868,0.005117383261017607,10.5302734375,38.14990234375,49.47998046875,0.11259237305432923
2021-08-25,4490.4501953125,4501.7099609375,4485.66015625,4496.18994140625,3444700000,0.002220118224179668,0.00221765740325088,4438.540991210937,4366.931181640625,4436.6641677713515,4502.675699772266,4374.406282649608,128.26941712265761,64.31649668865893,0.005117136894190598,16.0498046875,95.919921875,53.77978515625,-0.13432783309291774
2021-08-26,4493.75,4495.89990234375,4468.990234375,4470.0,3263980000,-0.005824918819612557,-0.0058419498276026565,4441.08349609375,4371.857177734375,4439.839008935985,4506.008322722421,4376.158669465079,129.84965325734265,56.61451610724917,0.005284196585817965,26.90966796875,64.2001953125,9.169921875,-0.052463204342903635
2021-08-27,4474.10009765625,4513.330078125,4474.10009765625,4509.3701171875,3331200000,0.008807632480425154,0.008769071540452218,4446.789013671875,4377.6073828125,4446.461019245653,4514.743405521376,4378.834621822374,135.90878369900202,63.35855365118725,0.0053907115419653,39.22998046875,67.7001953125,41.3701171875,0.020594488936819477
2021-08-30,4513.759765625,4537.35986328125,4513.759765625,4528.7900390625,3168660000,0.004306570844779589,0.0042973241068746,4453.8705078125,4384.8541796875,4454.301878275829,4525.100547835059,4382.640467789942,142.46008004511714,65.17311215503946,0.00537760571971644,23.60009765625,49.26025390625,49.080078125,-0.04879322766570604
2021-08-31,4529.75,4531.39013671875,4515.7998046875,4522.68017578125,4290710000,-0.0013491160395050494,-0.0013500269158932096,4458.847021484375,4390.811982421875,4460.814097085869,4534.791411661107,4382.902631307642,151.88878035346534,63.21319317964439,0.0051812073240598945,15.59033203125,36.4501953125,74.60009765625,0.3541086768539383
2021-09-01,4528.7998046875,4537.10986328125,4522.02001953125,4524.08984375,4057340000,0.0003116886257619189,0.00031164006095334113,4464.918505859375,4396.36498046875,4466.840358672929,4541.363557303296,4388.4734544154535,152.89010288784266,61.030886755375136,0.005007021466897061,15.08984375,27.89990234375,123.81982421875,-0.05438959985643399
2021-09-02,4534.47998046875,4545.85009765625,4524.66015625,4536.9501953125,3735990000,0.002842638410522902,0.002838605754404257,4470.311010742187,4402.2671875,4473.5174859719355,4551.203781507334,4389.418239977041,161.7855415302929,61.789192113488824,0.00490186054614241,21.18994140625,66.9501953125,131.150390625,-0.07920213736093107
2021-09-03,4532.419921875,4541.4501953125,4521.2998046875,4535.43017578125,3217530000,-0.0003350311257153127,-0.0003350872611813474,4475.256518554687,4407.645986328125,4479.413932620441,4559.476537849633,4391.0364992597415,168.44003858989163,59.87107868663575,0.004912526939260341,20.150390625,26.06005859375,93.76025390625,-0.13877446138774463
2021-09-07,4535.3798828125,4535.3798828125,4513.0,4520.02978515625,3822960000,-0.003395574405981705,-0.0034013524523203464,4479.6405029296875,4412.432578125,4483.282109052423,4563.584222679168,4395.696783180207,167.8874394989616,63.52385969613924,0.004996548640930895,22.3798828125,-8.76025390625,40.5,0.18816607770556915
2021-09-08,4518.08984375,4521.7900390625,4493.9501953125,4514.06982421875,3750880000,-0.001318566739775151,-0.001319436813816666,4483.506494140625,4416.90177734375,4486.214272401597,4566.246376419279,4400.766611861972,165.47976455730713,75.38359327350352,0.005023183479908935,27.83984375,-8.6103515625,27.83984375,-0.018854500177872602
2021-09-09,4513.02001953125,4529.89990234375,4492.06982421875,4493.27978515625,3735390000,-0.004605608657393345,-0.004616247150002522,4486.049975585937,4420.931376953125,4486.887178378231,4566.568284506867,4405.531666665008,161.03661784185897,68.26911507077843,0.005168611483427469,37.830078125,-30.81005859375,-2.91015625,-0.004129697564304924
2021-09-10,4506.919921875,4520.47021484375,4457.66015625,4458.580078125,3623180000,-0.007722578759925436,-0.0077525522862761,4485.937475585937,4424.152978515625,4484.1912640683995,4566.610290746454,4405.2646604254205,161.34563032103324,53.5488260755509,0.005413421462032452,62.81005859375,-78.3701171875,-11.419921875,-0.030039701343099412
2021-09-13,4474.81005859375,4492.990234375,4445.7001953125,4468.72998046875,3914220000,0.0022764876184568905,0.002273900346369644,4485.973974609375,4427.128779296875,4482.718760868433,4566.6132728093435,4405.334676409406,161.27859639993767,47.43521357372457,0.0054260056026966255,47.2900390625,-66.7001953125,-40.64013671875,0.08032722635916523
2021-09-14,4479.330078125,4485.68017578125,4435.4599609375,4443.0498046875,3670460000,-0.00574663850657553,-0.005763213966258604,4484.140966796875,4428.942978515625,4478.940765041677,4567.015451614843,4401.266481978906,165.7489696359371,40.59337484602932,0.00553654987617219,50.22021484375,-76.97998046875,-85.740234375,-0.06227549805580679
2021-09-15,4447.490234375,4486.8701171875,4438.3701171875,4480.7001953125,4032020000,0.008473996979569742,0.008438294222079725,4485.77197265625,4431.686181640625,4479.108329829374,4566.924335822016,4404.619609490484,162.30472633153113,46.98889641909991,0.005641077034970025,48.5,-33.36962890625,-41.97998046875,0.0985053644502325
2021-09-16,4477.08984375,4485.8701171875,4443.7998046875,4473.75,3984560000,-0.0015511404489350067,-0.0015523447127638308,4489.445971679687,4433.998583984375,4478.598012702767,4560.299537777912,4418.592405581463,141.70713219644858,50.787912114969515,0.005027610975831137,42.0703125,-19.52978515625,-50.33984375,-0.011770774946552875
2021-09-17,4469.740234375,4471.52001953125,4427.759765625,4432.990234375,7289530000,-0.009110872450405094,-0.0091526302757993,4490.805493164063,4436.2419921875,4474.2544147667895,4555.693550999352,4425.9174353287735,129.7761156705783,34.04500112196814,0.005495167788992817,43.76025390625,-25.58984375,-103.9599609375,0.8294441544361235
2021-09-20,4402.9501953125,4402.9501953125,4305.91015625,4357.72998046875,4898070000,-0.01697731100841482,-0.017123077726381844,4486.60849609375,4436.005595703125,4463.156849595548,4572.377067519324,4400.839924668176,171.53714285114802,21.026479933705062,0.006408520591930213,97.0400390625,-111.0,-177.7001953125,-0.3280677903788036
2021-09-21,4374.4501953125,4394.8701171875,4347.9599609375,4354.18994140625,3920920000,-0.0008123585165593639,-0.0008126886585469564,4480.34150390625,4435.396796875,4452.779048815615,4584.609618744112,4376.073389068389,208.536229675723,21.21113017012955,0.006011049553865896,46.91015625,-88.85986328125,-165.83984375,-0.19949694471495916
2021-09-22,4367.43017578125,4416.75,4367.43017578125,4395.64013671875,3939170000,0.009519611195260236,0.009474585224220084,4475.81201171875,4435.925400390625,4447.337247663533,4586.665694680067,4364.958328757433,221.70736592263347,30.694205729835573,0.0064651577169448846,49.31982421875,-85.06005859375,-118.4296875,0.0046545198575844715
2021-09-23,4406.75,4465.39990234375,4406.75,4448.97998046875,3916350000,0.012134715784494876,0.012061680369935969,4473.451513671875,4437.41900390625,4447.493698406887,4584.488557501006,4362.4144698427435,222.07408765826221,38.212514050402184,0.007076256463197468,58.64990234375,-24.77001953125,-44.2998046875,-0.005793098546140407
2021-09-24,4438.0400390625,4463.1201171875,4430.27001953125,4455.47998046875,3384290000,0.001461009046688222,0.0014599428113642636,4472.725512695312,4439.3280078125,4448.254296698493,4584.047086474936,4361.403938915689,222.64314755924715,39.4282371657464,0.0069747171575853945,32.85009765625,22.48974609375,-3.10009765625,-0.13585609049242275
2021-09-27,4442.1201171875,4457.2998046875,4436.18994140625,4443.10986328125,4058650000,-0.0027763826213396126,-0.002780243920187674,4469.4125,4441.647001953125,4447.764350658756,4580.084209251528,4358.740790748473,221.34341850305464,39.7467606345173,0.006666802646072931,21.10986328125,85.3798828125,-25.6201171875,0.19926188358562658
2021-09-28,4419.5400390625,4419.5400390625,4346.330078125,4352.6298828125,4416550000,-0.020364110556098214,-0.020574317739894057,4460.6044921875,4443.529794921875,4438.703925149588,4579.139360995351,4342.069623379649,237.06973761570225,32.43769540732367,0.00786308644022916,73.2099609375,-1.56005859375,-90.419921875,0.08818203097088939
2021-09-29,4362.41015625,4385.56982421875,4355.080078125,4359.4599609375,3712660000,0.0015691842194003325,0.0015679543362838073,4452.4434814453125,4444.25779296875,4431.156880938913,4575.3766944788995,4329.5102684117255,245.86642606717396,34.98635387027467,0.007901849833465681,30.48974609375,-36.18017578125,-121.240234375,-0.15937553067439514
2021-09-30,4370.669921875,4382.5498046875,4306.240234375,4307.5400390625,4448140000,-0.011909714125195148,-0.011981202945014901,4441.615991210938,4443.234794921875,4419.383848379254,4575.626082036413,4307.6059003854625,268.0201816509507,33.68478237937509,0.008196499005473529,76.3095703125,-141.43994140625,-166.2099609375,0.1981005532421498
2021-10-01,4317.16015625,4375.18994140625,4288.52001953125,4357.0400390625,4010370000,0.01149147763018199,0.011425952113334161,4432.6204833984375,4443.02599609375,4413.44634273004,4563.809334094907,4301.431632701968,262.37770139293934,38.880619579240665,0.00870123489861313,86.669921875,-98.43994140625,-75.9501953125,-0.09841641674947277
2021-10-04,4348.83984375,4355.509765625,4278.93994140625,4300.4599609375,4307870000,-0.012985898136748442,-0.013070952048643704,4420.87197265625,4440.79939453125,4402.685734940274,4555.3385326586285,4286.405412653872,268.93312000475635,36.6271252880427,0.009028650826930376,76.56982421875,-142.64990234375,-57.27001953125,0.0741826813984745
2021-10-05,4309.8701171875,4369.22998046875,4309.8701171875,4345.72021484375,3902890000,0.010524514660609219,0.010469517498601526,4412.156494140625,4439.267802734375,4397.260447312034,4542.081402381819,4282.231585899431,259.84981648238863,37.518973991297024,0.009490253349679836,59.35986328125,-6.90966796875,-8.4697265625,-0.09400933640058773
2021-10-06,4319.56982421875,4365.56982421875,4290.490234375,4363.5498046875,4009630000,0.004102792854185466,0.004094399349624824,4404.6304931640625,4438.509599609375,4394.049909919221,4526.91209918285,4282.348887145275,244.5632120375758,40.011224039981656,0.00958532975159439,75.07958984375,4.08984375,-32.09033203125,0.02734896448529156
2021-10-07,4383.72998046875,4429.97021484375,4383.72998046875,4399.759765625,3843740000,0.008298280656405366,0.008264039225065405,4399.9544921875,4438.4919921875,4394.593705700724,4514.89473787462,4285.014246500381,229.88049137423877,46.962870403427345,0.00980765253348321,46.240234375,92.2197265625,-49.22021484375,-0.041372894755875245
2021-10-08,4406.509765625,4412.02001953125,4386.22021484375,4391.33984375,3280160000,-0.0019137230947889883,-0.0019155566024214522,4396.59248046875,4437.935791015625,4394.28381408637,4508.1976829117875,4284.987278025713,223.21040488607468,53.499350795263084,0.009683481745422317,25.7998046875,34.2998046875,-64.14013671875,-0.1466228204821346
2021-10-11,4385.43994140625,4415.8798828125,4360.58984375,4361.18994140625,3281970000,-0.006865763848056816,-0.006889441644339833,4391.215478515625,4437.25439453125,4391.132016688263,4498.464282826871,4283.96667420438,214.4976086224906,50.690553444674805,0.009750395403738054,55.2900390625,60.72998046875,-81.919921875,0.0005518023511048575
2021-10-12,4368.31005859375,4374.89013671875,4342.08984375,4350.64990234375,3558450000,-0.0024167805585421087,-0.0024197056865549256,4386.595483398438,4436.524189453125,4387.276577226881,4492.393538427041,4280.797428369835,211.5961100572058,45.27343685877969,0.009696448637842204,32.80029296875,4.9296875,-1.97998046875,0.08424208630791874
2021-10-13,4358.009765625,4372.8701171875,4329.919921875,4363.7998046875,3620070000,0.00302251448379387,0.0030179558702319183,4380.750463867187,4435.3371875,4385.0406941278925,4477.15803752061,4284.342890213764,192.81514730684648,40.22579687246119,0.009490383345837176,42.9501953125,0.25,4.33984375,0.017316528263710218
2021-10-14,4386.75,4439.72998046875,4386.75,4438.259765625,3598280000,0.01706310194558336,0.016919162285711567,4378.9759521484375,4436.0491796875,4390.109177127617,4469.289935975877,4288.661968320998,180.62796765487838,48.29062687516298,0.010337150617203604,52.97998046875,38.5,130.7197265625,-0.006019220622805688
2021-10-15,4447.68994140625,4475.81982421875,4447.68994140625,4471.3701171875,3819380000,0.007460210377712606,0.007432520637190081,4380.894946289062,4436.894580078125,4397.848314276177,4477.4562578549585,4284.333634723166,193.12262313179235,52.69432700248498,0.01026158773790896,28.1298828125,80.0302734375,114.330078125,0.06144602421156775
2021-10-18,4463.72021484375,4488.75,4447.47021484375,4486.4599609375,3662010000,0.00337476955709759,0.0033690878018038262,4387.3314453125,4437.89337890625,4406.2875187201125,4494.021551415713,4280.641339209288,213.3802122064244,64.90147381515223,0.009413214298362338,41.27978515625,125.27001953125,186.0,-0.041203022480088336
2021-10-19,4497.33984375,4520.39990234375,4496.41015625,4519.6298828125,3459130000,0.007393339551406308,0.007366142784235753,4395.603442382812,4439.638974609375,4417.082029586054,4516.219577804802,4274.987306960823,241.23227084397877,66.84617265031358,0.009485722632343041,23.98974609375,168.97998046875,173.90966796875,-0.05540126870216089
2021-10-20,4524.419921875,4540.8701171875,4524.39990234375,4536.18994140625,3670760000,0.0036640298040166996,0.003657333598560689,4402.630932617188,4441.6277734375,4428.425640235597,4538.650317900435,4266.6115473339405,272.03877056649435,75.98118468986807,0.009327508615320654,16.47021484375,172.39013671875,172.64013671875,0.061180123325807356
2021-10-21,4532.240234375,4551.43994140625,4526.89013671875,4549.77978515625,3822330000,0.002995871849622578,0.002991393168360022,4407.670922851563,4443.775166015625,4439.983177847088,4557.6727250207505,4257.669120682375,300.0036043383752,73.84686764849808,0.009003325641384822,24.5498046875,111.52001953125,150.02001953125,0.04129117675903626
2021-10-22,4546.1201171875,4559.669921875,4524.0,4544.89990234375,3758220000,-0.0010725536274130976,-0.0010731292246643565,4412.141918945313,4445.4565625,4449.9752468467705,4573.075941914084,4251.207895976541,321.8680459375428,84.68025853648399,0.009016673049736745,35.669921875,73.52978515625,153.56005859375,-0.016772492171005626
2021-10-25,4553.68994140625,4572.6201171875,4537.35986328125,4566.47998046875,3899400000,0.004748196569493546,0.004736959440853509,4418.3104248046875,4447.426162109375,4461.0709357631495,4593.10297744323,4243.517872166145,349.58510527708495,83.57672690112854,0.009006346975307056,35.26025390625,80.02001953125,205.2900390625,0.03756565608186846
2021-10-26,4578.68994140625,4598.52978515625,4569.169921875,4574.7900390625,3879740000,0.0018197952535197182,0.0018181414322441137,4429.418432617187,4449.327763671875,4471.901326553564,4614.566028082138,4244.270837152237,370.29519092990085,83.08696436929647,0.007407912316415616,29.35986328125,55.16015625,224.14013671875,-0.005041801302764548
2021-10-27,4580.22021484375,4584.56982421875,4551.66015625,4551.68017578125,4226050000,-0.005051568068462853,-0.0050643703711055294,4439.029443359375,4451.399765625,4479.499312194296,4628.7852798483145,4249.273606870436,379.51167297787833,74.81389558373861,0.007598043162628314,32.90966796875,15.490234375,187.88037109375,0.0892611360555089
2021-10-28,4562.83984375,4597.5498046875,4562.83984375,4596.419921875,4132950000,0.009829281576461124,0.009781288424184026,4453.4734375,4455.322763671875,4490.634608354363,4645.056475969114,4261.890399030885,383.1660769382288,79.94399101118469,0.007007238998630706,34.7099609375,46.64013671875,158.16015625,-0.022030028040368688
2021-10-29,4572.8701171875,4608.080078125,4567.58984375,4605.3798828125,4510200000,0.001949334719149265,0.0019474372317175562,4465.8904296875,4459.314365234375,4501.562729731329,4663.260945206231,4268.519914168769,394.74103103746165,88.00627432860276,0.006737966064960468,40.490234375,60.47998046875,134.009765625,0.09127862664682618
2021-11-01,4610.6201171875,4620.33984375,4595.06005859375,4613.669921875,3971540000,0.0018000771431341267,0.0017984589459023885,4481.550927734375,4462.754365234375,4512.239605173583,4673.276244526502,4289.825610942249,383.4506335842525,91.22577149320921,0.005636192491785662,25.27978515625,47.18994140625,127.2099609375,-0.11943151079774728
2021-11-02,4613.33984375,4635.14990234375,4613.33984375,4630.64990234375,3975250000,0.0036803630854131963,0.003673607120388547,4495.797412109375,4465.776767578125,4523.516776332646,4687.3696392717075,4304.225184947042,383.1444543246653,91.32986969772595,0.005392050432053937,21.81005859375,55.85986328125,111.02001953125,0.0009341464520060683
2021-11-03,4630.64990234375,4663.4599609375,4621.18994140625,4660.56982421875,4319660000,0.006461279195357994,0.00644049461289024,4510.648413085937,4469.263564453125,4536.569447559894,4705.08367362439,4316.213152547484,388.8705210769058,89.94222168415105,0.005438559527917955,42.27001953125,108.8896484375,124.3798828125,0.08663857619017667
2021-11-04,4662.93017578125,4683.0,4662.58984375,4680.06005859375,4462300000,0.004181942361150437,0.004173222342817036,4524.663427734375,4472.940966796875,4550.235220039309,4725.739315924381,4323.587539544368,402.15177638001296,89.42463974260345,0.005316445593385661,20.41015625,83.64013671875,130.2802734375,0.03302111740275859
2021-11-05,4699.259765625,4718.5,4681.31982421875,4697.52978515625,4467180000,0.003732799652949259,0.003725850045284445,4539.972924804688,4477.4915625,4564.26327385997,4744.896361765451,4335.049487843925,409.8468739215259,89.51888494963586,0.0051841168286457144,37.18017578125,92.14990234375,152.6298828125,0.0010936064361428688
2021-11-08,4701.47998046875,4714.919921875,4694.39013671875,4701.7001953125,4269710000,0.0008877879113036169,0.0008873940607025194,4556.9984375,4481.3381640625,4577.3525044744965,4755.871401208471,4358.12547379153,397.7459274169414,88.2420629874099,0.004638079498932318,20.52978515625,88.0302734375,135.22021484375,-0.04420462125994473
2021-11-09,4707.25,4708.52978515625,4670.8701171875,4685.25,4117080000,-0.003498775895770745,-0.0035049109264001276,4573.728442382812,4484.46736328125,4587.628456429306,4755.031067325283,4392.425817440341,362.60524988494217,81.32304263689178,0.00471970982214158,37.65966796875,54.60009765625,110.4599609375,-0.035747158472121066
2021-11-10,4670.259765625,4684.85009765625,4630.85986328125,4646.7099609375,4503720000,-0.008225823395229703,-0.008259842163861058,4587.873950195312,4486.947958984375,4593.255266382468,4742.378189553172,4433.369710837453,309.0084787157193,68.43549115061506,0.005424964349971673,53.990234375,-13.85986328125,95.02978515625,0.09391121863068008
2021-11-11,4659.39013671875,4664.5498046875,4648.31005859375,4649.27001953125,3926870000,0.0005509400447352153,0.0005507883329889288,4598.424462890625,4489.4515625,4598.59000477759,4738.009348699982,4458.8395770812685,279.16977161871364,70.02724642460949,0.0043470625394143175,16.23974609375,-30.7900390625,52.85009765625,-0.1280830069364881
2021-11-12,4655.240234375,4688.47021484375,4650.77001953125,4682.85009765625,3728600000,0.007222656026415475,0.007196697564130407,4608.998461914062,4492.369560546875,4606.614775527939,4739.823703790417,4478.173220037707,261.65048375271,71.34680701653816,0.004332619457102298,37.7001953125,-14.6796875,77.47021484375,-0.05049059429010894
2021-11-15,4689.2998046875,4697.419921875,4672.85986328125,4682.7998046875,3488410000,-1.0739820344718431e-05,-1.0739878017001878e-05,4618.815454101563,4495.316953125,4613.870492590754,4740.038081695264,4497.592826507862,242.44525518740193,70.43236013508022,0.00435540662664828,24.56005859375,-18.900390625,69.1298828125,-0.06441828031969099
2021-11-16,4679.419921875,4714.9501953125,4679.419921875,4700.89990234375,3972640000,0.003865229864862485,0.0038577790571266367,4627.878955078125,4498.93435546875,4622.159007805325,4744.910695204398,4510.847214951852,234.06348025254556,78.77348186981214,0.004200685046245323,35.5302734375,15.64990234375,70.25,0.13881109158613802
2021-11-17,4701.5,4701.5,4684.41015625,4688.669921875,3969070000,-0.002601625374463401,-0.0026050154828958787,4635.502954101563,4502.426357421875,4628.493380573866,4747.126563309107,4523.879344894019,223.24721841508835,70.33810725389047,0.004300660741843881,17.08984375,41.9599609375,28.10009765625,-0.0008986467437270829
2021-11-18,4700.72021484375,4708.7998046875,4672.77978515625,4704.5400390625,4226410000,0.0033847802152713324,0.0033790647401719144,4643.240966796875,4506.6515625,4635.735919477545,4751.241272572159,4535.240661021591,216.00061155056756,71.2151602523923,0.004307876610671872,36.02001953125,55.27001953125,24.47998046875,0.06483634705359198
2021-11-19,4708.43994140625,4717.75,4694.22021484375,4697.9599609375,4253180000,-0.001398665559303236,-0.001399644604988097,4650.893969726562,4511.43916015625,4641.662018664208,4750.953055440469,4550.8348840126555,200.11817142781365,68.16664491768361,0.004319455803742911,23.52978515625,15.10986328125,0.43017578125,0.006333980848994836
2021-11-22,4712.0,4743.830078125,4682.169921875,4682.93994140625,4441100000,-0.0031971365563219223,-0.003202258316960725,4656.716967773437,4515.723359375,4645.593249401545,4749.372782036354,4564.061153510521,185.31162852583293,61.3658555223475,0.004385957187757377,61.66015625,0.14013671875,-18.76025390625,0.04418341100070999
2021-11-23,4678.47998046875,4699.39013671875,4652.66015625,4690.7001953125,4277590000,0.001657132912945114,0.001655761383195201,4662.512475585938,4520.6763671875,4649.889149012112,4747.79874830665,4577.226202865226,170.57254544142415,57.247352139077,0.004385032970118344,46.72998046875,-10.19970703125,5.4501953125,-0.03681745513498913
2021-11-24,4675.77978515625,4702.8701171875,4659.89013671875,4701.4599609375,3418430000,0.0022938506357221833,0.0022912237766672798,4670.00146484375,4525.0915625,4654.800654909768,4739.073072579877,4600.929857107623,138.14321547225336,55.37304979146285,0.004128608858593971,42.97998046875,12.7900390625,54.75,-0.2008514139971339
2021-11-26,4664.6298828125,4664.6298828125,4585.43017578125,4594.6201171875,3517700000,-0.022724822637582465,-0.022987011159321162,4669.911474609375,4527.50896484375,4649.069175126695,4739.390218608291,4600.432730610458,138.9574879978336,32.1653965078672,0.0064754131779752215,79.19970703125,-109.919921875,-54.64990234375,0.029039646855427703
2021-11-29,4628.75,4672.9501953125,4625.259765625,4655.27001953125,4336410000,0.013200199537034996,0.013113836082824229,4672.405981445312,4531.954560546875,4649.659731736652,4735.410158334909,4609.401804555715,126.0083537791943,43.2708080635094,0.007111121372026735,47.6904296875,-42.68994140625,-27.580078125,0.23274014270688226
2021-11-30,4640.25,4646.02001953125,4560.0,4567.0,6625990000,-0.01896131033450521,-0.019143381187850562,4670.072485351562,4536.1399609375,4641.787376333162,4744.633434777278,4595.511535925846,149.12189885143198,35.81489829293322,0.008331653272823392,86.02001953125,-115.93994140625,-115.7998046875,0.5279897426673217
2021-12-01,4602.81982421875,4652.93994140625,4510.27001953125,4513.0400390625,5366730000,-0.011815187417889228,-0.011885541457955926,4664.1919921875,4539.316962890625,4629.525725164527,4765.572242772244,4562.811741602755,202.76050116948863,34.53719351835953,0.008639687429817725,142.669921875,-177.66015625,-187.85986328125,-0.1900485814195313
2021-12-02,4504.72998046875,4595.4599609375,4504.72998046875,4577.10009765625,5077180000,0.01419443613158311,0.014094638396057768,4660.018505859375,4542.946162109375,4624.532808258977,4768.640307946005,4551.396703772745,217.24360417325988,42.69136437359073,0.009160306202901631,90.72998046875,-124.35986328125,-111.56982421875,-0.05395277943924881
2021-12-03,4589.490234375,4608.02978515625,4495.1201171875,4538.43017578125,5240070000,-0.008448563730297565,-0.00848445514173865,4652.93701171875,4544.735166015625,4616.3325575468125,4773.830973485603,4532.043049951897,241.7879235337059,35.52385315353412,0.009229309403680228,112.90966796875,-56.18994140625,-166.10986328125,0.03208277035677276
2021-12-06,4548.3701171875,4612.60009765625,4540.509765625,4591.669921875,4770800000,0.011730872577451423,0.011662599309686139,4647.644018554687,4547.45896484375,4613.983735101878,4769.582517102009,4525.7055200073655,243.87699709464323,41.745627660289635,0.0096322170990407,72.09033203125,-63.60009765625,-106.2900390625,-0.08955414717742316
2021-12-07,4631.97021484375,4694.0400390625,4631.97021484375,4686.75,4492400000,0.020707080374404274,0.020495603186252546,4646.896508789063,4552.331767578125,4620.913855568366,4767.6169513129435,4526.176066265182,241.44088504776118,48.875188154367706,0.010796103551534052,62.06982421875,119.75,3.81005859375,-0.058354992873312694
2021-12-08,4690.85986328125,4705.06005859375,4674.52001953125,4701.2099609375,4234600000,0.0030852853123166657,0.003080535586585806,4647.694506835937,4559.303369140625,4628.561103698759,4769.686736686491,4525.702276985384,243.98445970110697,50.99331805826085,0.010787511662092932,30.5400390625,188.169921875,10.509765625,-0.05738580714094921
2021-12-09,4691.0,4695.259765625,4665.97998046875,4667.4501953125,3903840000,-0.007181080169894716,-0.007206988232523656,4648.731518554688,4565.463173828125,4632.264826709592,4771.040708048093,4526.422329061283,244.61837898681006,47.14302048479888,0.010746886660628396,29.27978515625,90.35009765625,-34.009765625,-0.07810891229395933
2021-12-10,4687.64013671875,4713.56982421875,4670.240234375,4712.02001953125,3870110000,0.009549073338481762,0.009503769118209724,4651.8690185546875,4573.5527734375,4639.860559359274,4777.412947508571,4526.325089600804,251.0878579077671,51.0231463090339,0.010945443342704437,43.32958984375,173.58984375,117.39990234375,-0.008640210664371484
2021-12-13,4710.2998046875,4710.2998046875,4667.60009765625,4668.97021484375,4397230000,-0.009136167611567658,-0.009178158342793815,4651.175024414062,4579.791376953125,4642.632907500652,4776.150021539987,4526.200027288137,249.9499942518505,49.023272137344115,0.011045310026152218,42.69970703125,77.30029296875,13.7001953125,0.13620284694750273
2021-12-14,4642.990234375,4660.47021484375,4606.52001953125,4634.08984375,4485430000,-0.0074706775774360246,-0.0074987228546236715,4648.739526367188,4586.463974609375,4641.8192823815425,4773.016132721275,4524.4629200131,248.55321270817512,46.186566113598474,0.011167760682114189,53.9501953125,-52.66015625,67.08984375,0.02005808201981707
2021-12-15,4636.4599609375,4712.60009765625,4611.22021484375,4709.85009765625,4910130000,0.016348464630746795,0.016216267351890877,4649.187036132813,4593.746572265625,4648.298407645801,4774.316020123586,4524.05805214204,250.25796798154624,50.51967431363855,0.011755778006038123,101.3798828125,8.64013671875,196.81005859375,0.09468434464477204
2021-12-16,4719.1298828125,4731.990234375,4651.89013671875,4668.669921875,4829500000,-0.008743415379980468,-0.008781863311112446,4648.187036132813,4599.848974609375,4650.238551858105,4772.303010832614,4524.071061433012,248.23194939960194,54.99263880914631,0.011910932516249957,80.10009765625,1.2197265625,91.56982421875,-0.016421153818737988
2021-12-17,4652.5,4666.7001953125,4600.22021484375,4620.64013671875,7987090000,-0.010287680637092622,-0.01034096458405368,4643.992041015625,4604.26658203125,4647.419655178166,4765.737152779123,4522.246929252126,243.4902235269965,47.624737931450234,0.01208863847297542,66.47998046875,-91.3798828125,82.2099609375,0.6538130241225799
2021-12-20,4587.89990234375,4587.89990234375,4531.10009765625,4568.02001953125,4635700000,-0.01138805785140995,-0.01145339832325659,4637.495043945312,4607.800185546875,4639.857785116555,4760.970066248825,4514.0200216418,246.95004460702512,50.0735605340868,0.012317573914579024,56.7998046875,-100.9501953125,-23.64990234375,-0.4196008809215872
2021-12-21,4594.9599609375,4651.14013671875,4583.16015625,4649.22998046875,4072430000,0.017777934551572505,0.017621755385195486,4635.809545898437,4613.560986328125,4640.750375150097,4757.58115034727,4514.037941449605,243.54320889766495,59.45015575374037,0.013022921915632868,67.97998046875,15.14013671875,-37.52001953125,-0.12150700002157167
2021-12-22,4650.35986328125,4697.669921875,4645.52978515625,4696.56005859375,3319610000,0.010180197220578835,0.010128728029127596,4636.1025390625,4620.479189453125,4646.065583097112,4758.457038549564,4513.748039575436,244.7089989741271,58.486302814360954,0.013227513764450171,52.14013671875,-13.2900390625,-4.64990234375,-0.18485768938938174
2021-12-23,4703.9599609375,4740.740234375,4703.9599609375,4725.7900390625,2913040000,0.006223699921661829,0.006204412685251626,4637.31904296875,4627.718994140625,4653.658388427149,4762.8521120147325,4511.785973922768,251.0661380919646,63.49077546301993,0.013290146797508463,36.7802734375,57.1201171875,58.33984375,-0.12247523052406761
2021-12-27,4733.990234375,4791.490234375,4733.990234375,4791.18994140625,2770290000,0.01383893524747526,0.013744051573605864,4647.147534179688,4634.77759765625,4666.756631568015,4788.400714561519,4505.894353797857,282.5063607636621,64.11911253010466,0.012437580036963347,57.5,170.5498046875,79.169921875,-0.04900378985527143
2021-12-28,4795.490234375,4807.02001953125,4780.0400390625,4786.35009765625,2707920000,-0.0010101548486260992,-0.0010106653988873737,4653.7015380859375,4641.077197265625,4678.14648548118,4808.094385727757,4499.308690444118,308.78569528363914,58.08022829563398,0.012177484960104977,26.97998046875,218.330078125,117.3798828125,-0.022513888437672547
2021-12-29,4788.64013671875,4804.06005859375,4778.080078125,4793.06005859375,2963310000,0.0014018951394270118,0.0014009134018576786,4665.004541015625,4647.20919921875,4689.090635301425,4825.644676389274,4504.364405641977,321.2802707472965,57.546389419994846,0.011191596881896535,25.97998046875,143.830078125,158.97021484375,0.09431223965257463
2021-12-30,4794.22998046875,4808.93017578125,4775.330078125,4778.72998046875,3124950000,-0.0029897555945093135,-0.002994233841904309,4678.289038085937,4652.391201171875,4697.627715793551,4829.69345342017,4526.884622751704,302.8088306684658,59.44425428014709,0.010764205919087685,33.60009765625,82.169921875,68.8798828125,0.05454711116960431
2021-12-31,4775.2099609375,4786.830078125,4765.75,4766.18017578125,2677820000,-0.0026261799136575448,-0.0026296343734744394,4687.7430419921875,4656.991005859375,4704.156521506665,4836.12643394889,4539.359650035485,296.76678391340465,54.86072523492921,0.010490510149034096,21.080078125,40.39013671875,97.51025390625,-0.1430838893422295
2022-01-03,4778.14013671875,4796.64013671875,4758.169921875,4796.56005859375,3831020000,0.006374052530970564,0.006353824170388397,4700.6495361328125,4661.926611328125,4712.956858372101,4838.908641900619,4562.390430365006,276.51821153561286,61.71731086226967,0.010227992443435798,38.47021484375,5.3701171875,175.919921875,0.430648811346543
2022-01-04,4804.509765625,4818.6201171875,4774.27001953125,4793.5400390625,4683170000,-0.000629621957060511,-0.0006298202522032699,4710.7430419921875,4666.8994140625,4720.631447009282,4844.917726683236,4576.568357301139,268.3493693820965,65.55339003071109,0.01003274252697245,44.35009765625,7.18994140625,225.52001953125,0.22243423422482778
2022-01-05,4787.990234375,4797.7001953125,4699.43994140625,4700.580078125,4887960000,-0.019392757790687165,-0.019583264304501073,4711.434545898437,4669.581416015625,4718.721792829827,4845.230600261003,4577.638491535871,267.59210872513177,49.125122464421956,0.010146021746696873,98.26025390625,-92.47998046875,51.35009765625,0.04372892720101973
2022-01-06,4693.39013671875,4725.009765625,4671.259765625,4696.0498046875,4295280000,-0.0009637690162076495,-0.0009642337401809882,4711.176538085938,4672.006611328125,4716.562555863891,4845.0754721158,4577.277604056076,267.79786805972435,52.77607802366454,0.01012571597443032,53.75,-82.68017578125,-0.51025390625,-0.12125303807723464
2022-01-07,4697.66015625,4707.9501953125,4662.740234375,4677.02978515625,4181510000,-0.004050216740091761,-0.004058441082336512,4711.655517578125,4674.513603515625,4712.797530082211,4844.963085013898,4578.347950142352,266.6151348715466,56.07477028798428,0.010032729964392554,45.2099609375,-89.150390625,-48.76025390625,-0.02648721387197106
2022-01-10,4655.33984375,4673.02001953125,4582.240234375,4670.2900390625,4511810000,-0.0014410312534549607,-0.0014420705375388979,4709.569018554687,4675.991005859375,4708.749197604143,4844.152751975431,4574.985285133944,269.1674668414871,62.22595803052856,0.009788859921795188,90.77978515625,-126.27001953125,-120.89990234375,0.07899060387276369
2022-01-11,4669.14013671875,4714.1298828125,4638.27001953125,4713.06982421875,4101590000,0.009159984668711818,0.009118286452399373,4711.773999023438,4678.1448046875,4709.160685853153,4844.995196311138,4578.552801735737,266.4423945754006,58.403974957255066,0.009784306186403113,75.85986328125,-80.47021484375,-73.2802734375,-0.09092138188443222
2022-01-12,4728.58984375,4748.830078125,4706.7099609375,4726.35009765625,4048220000,0.002817754443029452,0.0028137920146670695,4716.38701171875,4680.398408203125,4710.797772691543,4844.576429239455,4588.1975941980445,256.37883504141064,54.30778833444423,0.009611252058230055,42.1201171875,25.77001953125,-66.7099609375,-0.01301202704317106
2022-01-13,4733.56005859375,4744.1298828125,4650.2900390625,4659.02978515625,4251730000,-0.0142436152864307,-0.014346029234400533,4713.84599609375,4680.966005859375,4705.867488164373,4844.570686401092,4583.121305786408,261.44938061468383,41.30408512424553,0.009478458131713,93.83984375,-37.02001953125,-119.7001953125,0.05027147734065829
2022-01-14,4637.990234375,4665.1298828125,4614.75,4662.85009765625,4338490000,0.0008199802697488323,0.0008196442695905652,4713.555004882813,4681.011611328125,4701.770593830266,4844.728251171189,4582.381758594436,262.346492576753,30.08878384315865,0.009279830667001625,50.3798828125,-14.1796875,-103.330078125,0.0204058112815253
2022-01-18,4632.240234375,4632.240234375,4568.7001953125,4577.10986328125,4748700000,-0.018387945694007368,-0.0185591053980085,4711.378491210938,4678.952607421875,4689.898143301788,4850.261143137433,4572.495839284443,277.76530385298975,24.051305900105845,0.009907047797748434,63.5400390625,-93.18017578125,-219.4501953125,0.09455133007106165
2022-01-19,4588.02978515625,4611.5498046875,4530.2001953125,4532.759765625,4465740000,-0.009689541868338813,-0.009736790941460195,4709.615478515625,4675.65720703125,4674.932583523047,4856.8072193676435,4562.4237376636065,294.38348170403697,20.475497922576523,0.009814988661272405,81.349609375,-180.31005859375,-260.7802734375,-0.059586834291490254
2022-01-20,4547.35009765625,4602.10986328125,4477.9501953125,4482.72998046875,4640870000,-0.01103737849414832,-0.011098742304330734,4701.290478515625,4671.277802734375,4656.6275737083515,4878.612783391645,4523.968173639605,354.6446097520402,18.94152558524624,0.009104415908204556,124.15966796875,-243.6201171875,-217.85009765625,0.039216344883490795
2022-01-21,4471.3798828125,4494.52001953125,4395.33984375,4397.93994140625,5589100000,-0.018914821867908604,-0.019095995324635427,4686.35947265625,4665.5316015625,4631.990656346246,4909.68160103093,4463.037344281569,446.6442567493614,16.448015859598414,0.009411680580047188,99.18017578125,-261.08984375,-298.10986328125,0.20432160349244866
2022-01-24,4356.31982421875,4417.35009765625,4222.6201171875,4410.1298828125,6928110000,0.002771738943381896,0.0027679047582695165,4670.57646484375,4660.8,4610.861058866842,4924.663736166636,4416.489193520863,508.1745426457728,13.583542930345686,0.009259473174557024,194.72998046875,-252.72021484375,-266.89990234375,0.23957524467266644
2022-01-25,4366.64013671875,4411.009765625,4287.10986328125,4356.4501953125,5145050000,-0.012171906253646725,-0.012246590556866267,4648.8394775390625,4654.943603515625,4586.631452814047,4932.180221639059,4365.498733439066,566.6814881999926,12.399610201955724,0.00850527918646595,123.89990234375,-220.65966796875,-313.83984375,-0.25736600602473114
2022-01-26,4408.43017578125,4453.22998046875,4304.7998046875,4349.93017578125,5570640000,-0.0014966358477518371,-0.0014977569258856588,4627.018481445312,4648.285205078125,4564.088474049019,4932.151368679287,4321.885594211338,610.2657744679491,14.565823013408263,0.008494829909133075,148.43017578125,-182.82958984375,-363.1396484375,0.08271834092963148
2022-01-27,4380.580078125,4428.740234375,4309.5,4326.509765625,5214200000,-0.00538408875771057,-0.005398635199970923,4603.690966796875,4641.159404296875,4541.461930389589,4926.215906277885,4281.166027315865,645.0498789620196,14.03017819086746,0.008371457978075338,119.240234375,-156.22021484375,-399.84033203125,-0.06398546666092231
2022-01-28,4336.18994140625,4432.72021484375,4292.4599609375,4431.85009765625,5031090000,0.024347646888076113,0.024055967914736694,4586.34697265625,4635.778408203125,4531.022708224509,4906.537851297534,4266.156094014966,640.3817572825683,29.56839262956929,0.010651058295872045,140.26025390625,33.91015625,-227.1796875,-0.03511756357638751
2022-01-31,4431.7900390625,4516.89013671875,4414.02001953125,4515.5498046875,5098610000,0.018885951732779516,0.018709826222984446,4573.815454101563,4632.316005859375,4529.549098363842,4883.827991381007,4263.802916822118,620.0250745588892,38.570962827895805,0.011791136225119254,102.8701171875,105.419921875,-147.30029296875,0.013420551013796134
2022-02-01,4519.56982421875,4550.490234375,4483.52978515625,4546.5400390625,4816830000,0.00686300355780145,0.006839560348317067,4561.314453125,4629.156005859375,4531.167283192285,4853.13819659876,4269.49070965124,583.6474869475205,37.48218966710735,0.011811280199598958,66.96044921875,190.08984375,-30.56982421875,-0.055266043098020856
2022-02-02,4566.39013671875,4595.31005859375,4544.31982421875,4589.3798828125,4481580000,0.00942251544733641,0.009378400448324454,4551.1064453125,4626.984404296875,4536.711340298973,4822.279370940938,4279.933519684062,542.3458512568759,40.142211639088586,0.012109945151469917,50.990234375,239.44970703125,56.6201171875,-0.06959971599578973
2022-02-03,4535.41015625,4542.8798828125,4470.39013671875,4477.43994140625,4401970000,-0.024391082077444004,-0.024693471720120656,4539.949438476562,4622.874404296875,4531.066445166332,4803.482078992353,4276.416797960771,527.0652810315823,37.719638882835035,0.01252980827668429,72.48974609375,150.93017578125,-5.2900390625,-0.017763824365513936
2022-02-04,4482.7900390625,4539.66015625,4451.5,4500.52978515625,4706290000,0.0051569298644233985,0.005143678439863626,4530.1734375,4619.07099609375,4528.158191832039,4783.637887728864,4276.708987271135,506.92890045772947,39.30160769386234,0.012639820341643222,88.16015625,68.6796875,102.58984375,0.06913268377567316
2022-02-07,4505.75,4521.85986328125,4471.47021484375,4483.8701171875,4228480000,-0.0037017126347429485,-0.003708580927828488,4520.515454101563,4614.71919921875,4523.940279961131,4764.979102685532,4276.0518055175935,488.9272971679384,43.23898491478051,0.012637154959813731,50.3896484375,-31.6796875,73.740234375,-0.10152583032494811
2022-02-08,4480.02001953125,4531.31982421875,4465.39990234375,4521.5400390625,4459620000,0.008401207191663262,0.00836611346663433,4513.077954101563,4613.25759765625,4523.711685589833,4747.1872645458425,4278.968643657283,468.2186208885596,49.17847458984509,0.012851151432833033,65.919921875,-25.0,165.08984375,0.05466266838201905
2022-02-09,4547.0,4590.02978515625,4547.0,4587.18017578125,4524350000,0.014517207887505545,0.014412842079264784,4506.783471679688,4611.89580078125,4529.7563037033015,4724.443774295347,4289.123169064029,435.32060523131804,57.47707390458774,0.013138501154741498,43.02978515625,-2.19970703125,237.25,0.014514689592386887
2022-02-10,4553.240234375,4588.919921875,4484.31005859375,4504.080078125,5314860000,-0.01811572566845976,-0.01828182448505601,4495.669970703125,4610.63740234375,4527.31094888632,4687.263642642836,4304.076298763413,383.18734387942277,57.61647646644546,0.013620633111363058,104.60986328125,26.64013671875,177.5703125,0.17472344093626702
2022-02-11,4506.27001953125,4526.330078125,4401.41015625,4418.64013671875,5251500000,-0.01896945434456343,-0.019151682638086528,4483.65048828125,4608.749404296875,4516.961347727504,4661.78198852258,4305.518988039919,356.2630004826606,50.552592514620926,0.013876998721796738,124.919921875,-81.8896484375,-13.2099609375,-0.011921292376468995
2022-02-14,4412.60986328125,4426.22021484375,4364.83984375,4401.669921875,4600390000,-0.0038405967262932217,-0.0038479907556283146,4470.591479492187,4605.24080078125,4505.981211932028,4630.801215778001,4310.381743206373,320.4194725716279,53.083217919352265,0.013856480643450983,61.38037109375,-82.2001953125,-113.8798828125,-0.12398552794439688
2022-02-15,4429.27978515625,4472.77001953125,4429.27978515625,4471.06982421875,4430830000,0.01576672117072042,0.015643717646064172,4465.289477539062,4603.89359375,4502.656317864096,4617.474161973595,4313.10479310453,304.3693688690655,57.607361135471336,0.013936972637052101,43.490234375,-50.47021484375,-75.47021484375,-0.03685774466947367
2022-02-16,4455.75,4489.5498046875,4429.68017578125,4475.009765625,4283640000,0.0008812077558950637,0.0008808197202838003,4462.4019775390625,4601.560390625,4500.023312888944,4611.353638676533,4313.450316401592,297.90332227494036,59.55943276072123,0.013792940391711089,59.86962890625,-112.17041015625,-114.3701171875,-0.033219509662975155
2022-02-17,4456.06005859375,4456.06005859375,4373.81005859375,4380.259765625,4539420000,-0.021173138152195015,-0.021400504136936647,4457.278466796875,4595.4305859375,4488.6172607685685,4610.2803212525605,4304.27661234119,306.00370891137027,46.633053606903104,0.014372564376903943,82.25,-123.8203125,-97.18017578125,0.05971090007563662
2022-02-18,4384.56982421875,4394.60009765625,4327.22021484375,4348.8701171875,4708060000,-0.0071661613961429005,-0.007191961663866342,4454.824975585938,4588.3837890625,4475.308008998943,4613.30882019161,4296.341130980266,316.9676892113439,38.32479878952215,0.013834293659995589,67.3798828125,-69.77001953125,-151.65966796875,0.03715012049997579
2022-02-22,4332.740234375,4362.1201171875,4267.10986328125,4304.759765625,5121900000,-0.010142945264832837,-0.010194735435016016,4449.556469726563,4581.12998046875,4459.065319153805,4620.789235650005,4278.32370380312,342.4655318468849,33.3699854645305,0.013975708572293168,95.01025390625,-96.91015625,-179.1103515625,0.08790032412501114
2022-02-23,4324.93017578125,4341.509765625,4221.509765625,4225.5,4797430000,-0.018412122845487655,-0.018583735748788438,4443.008959960937,4571.399580078125,4436.821003043919,4637.646686171485,4248.371233750389,389.2754524210959,26.165886296182578,0.014301397687636842,120.0,-245.56982421875,-296.0400390625,-0.06334953825728729
2022-02-24,4155.77001953125,4294.72998046875,4114.64990234375,4288.7001953125,6752130000,0.014956856067329216,0.014846105252724002,4439.9474609375,4563.7941796875,4422.71425945045,4642.514326032516,4237.380595842485,405.1337301900312,36.79439113765859,0.014763001598929213,180.080078125,-186.3095703125,-298.47998046875,0.4074473207529865
2022-02-25,4298.3798828125,4385.33984375,4286.830078125,4384.64990234375,5177060000,0.022372677655603468,0.022126080551265786,4442.854467773437,4558.805380859375,4419.089082583146,4640.1674897019875,4245.541445844887,394.62604385710074,42.64235551769081,0.015572553493477139,98.509765625,4.39013671875,-119.43017578125,-0.23327009402958765
2022-02-28,4354.169921875,4388.83984375,4315.1201171875,4373.93994140625,6071370000,-0.002442603440647617,-0.0024455914631261143,4439.958959960937,4552.087177734375,4414.789164375822,4639.637371112538,4240.280548809336,399.3568223032016,42.96698744762031,0.014558064082114887,73.7197265625,25.06982421875,-44.7001953125,0.17274476247136406
2022-03-01,4363.14013671875,4378.4501953125,4279.5400390625,4306.259765625,5846230000,-0.015473503680411893,-0.015594467786613053,4429.494458007813,4544.838974609375,4404.453031161458,4634.361991675274,4224.626924340351,409.73506733492286,36.736312253539936,0.014164972520038545,98.91015625,1.5,-95.41015625,-0.03708224008749261
2022-03-02,4322.56005859375,4401.47998046875,4322.56005859375,4386.5400390625,5337870000,0.018642691757321028,0.018471046780652183,4421.494458007813,4540.15697265625,4402.747031913938,4619.498322526024,4223.490593489601,396.00772903642246,37.85736195321915,0.014795767919311597,78.919921875,161.0400390625,-84.52978515625,-0.08695518308379935
2022-03-03,4401.31005859375,4416.77978515625,4345.56005859375,4363.490234375,5039890000,-0.005254666430088317,-0.005268520744245652,4410.199975585938,4536.066376953125,4399.008289291182,4593.074068979253,4227.325882192623,365.74818678662996,40.82467301537124,0.01457820771364453,71.2197265625,74.7900390625,-111.51953125,-0.05582376490997343
2022-03-04,4342.1201171875,4342.1201171875,4284.97998046875,4328.8701171875,5797380000,-0.007934042550334475,-0.007965684543001903,4402.771484375,4529.6591796875,4392.328463376546,4586.214359403369,4219.328609346631,366.8857500567374,43.725097357939326,0.013711450795428121,57.14013671875,-55.77978515625,-51.3896484375,0.15029891525410277
2022-03-07,4327.009765625,4327.009765625,4199.85009765625,4201.08984375,6940470000,-0.029518158313449172,-0.029962586814416495,4387.799487304687,4519.749775390625,4374.1152615073515,4585.937772221685,4189.66120238769,396.2765698339954,37.86011416790886,0.014948968995113053,127.15966796875,-172.85009765625,-147.7802734375,0.1971735508108836
2022-03-08,4202.66015625,4276.93994140625,4157.8701171875,4170.7001953125,7243120000,-0.00723375351819977,-0.007260043975698096,4372.1409912109375,4508.647978515625,4354.7423980602225,4587.096541779373,4157.185440642502,429.91110113687137,30.919459727382304,0.014974428993906917,119.06982421875,-135.5595703125,-134.0595703125,0.043606556904647764
2022-03-09,4223.10009765625,4299.39990234375,4223.10009765625,4277.8798828125,5662670000,0.02569824789143582,0.025373598122141117,4359.957983398437,4498.38177734375,4347.422158512821,4566.724843662389,4153.191123134486,413.5337205279029,38.92963613748988,0.016151610217322483,76.2998046875,-108.66015625,52.3798828125,-0.21820016788345353
2022-03-10,4252.5498046875,4268.27978515625,4209.7998046875,4259.52001953125,4980830000,-0.004291813651667864,-0.004301049920247209,4343.574975585938,4487.84517578125,4339.050526228862,4524.894315783545,4162.255635388331,362.63868039521367,42.583184412134685,0.01563936980635349,58.47998046875,-103.97021484375,-29.18017578125,-0.12040963008616079
2022-03-11,4279.5,4291.009765625,4200.490234375,4204.31005859375,4938640000,-0.012961545123475138,-0.013046278933238144,4328.586474609375,4476.07017578125,4326.218100739803,4503.4873883919045,4153.685560826845,349.8018275650593,41.372430968432305,0.01542832592705469,90.51953125,-124.56005859375,-180.33984375,-0.008470475804233435
2022-03-14,4202.75,4247.56982421875,4161.72021484375,4173.10986328125,5574920000,-0.007421002465963666,-0.007448675095533314,4316.3099609375,4463.9577734375,4311.6363638389885,4498.895557101619,4133.724364773382,365.17119232823643,42.019956988941786,0.015022766975615012,85.849609375,-27.97998046875,-200.830078125,0.12883708875317912
2022-03-15,4188.81982421875,4271.0498046875,4187.89990234375,4262.4501953125,5392470000,0.021408574170870942,0.021182629724144964,4309.348974609375,4453.883173828125,4306.9519668364655,4488.821048062307,4129.876901156442,358.94414690586564,52.212718526203254,0.015957882265255387,83.14990234375,91.75,-43.8095703125,-0.03272692702316804
2022-03-16,4288.14013671875,4358.89990234375,4251.990234375,4357.85986328125,6309750000,0.02238376135718223,0.022136921648393443,4303.6884765625,4445.109169921875,4311.800337926445,4468.202061231899,4139.174891893101,329.02716933879856,53.9877124434737,0.016396937679794506,106.90966796875,79.97998046875,-28.68017578125,0.17010386705906577
2022-03-17,4345.10986328125,4412.669921875,4335.64990234375,4411.669921875,4985090000,0.01234781757145198,0.012272205068700267,4300.521484375,4437.471767578125,4321.311726873926,4453.158535456873,4147.884433293127,305.27410216374665,51.6375372046488,0.01667004284670922,77.02001953125,152.14990234375,48.1796875,-0.20993858710725466
2022-03-18,4407.33984375,4465.39990234375,4390.56982421875,4463.1201171875,8278430000,0.011662294827948783,0.011594814411888112,4304.664501953125,4432.722568359375,4334.817287856171,4470.354548331325,4138.974455574926,331.3800927563989,55.1503967396791,0.016143848589927262,74.830078125,258.81005859375,134.25,0.6606380225833435
2022-03-21,4462.39990234375,4481.75,4424.2998046875,4461.18017578125,4869820000,-0.00043466036210393355,-0.0004347548543014596,4310.280004882812,4428.02517578125,4346.851848610941,4489.3507064444275,4131.209303321197,358.1414031232307,59.68228334129822,0.016033087257154036,57.4501953125,288.0703125,260.09033203125,-0.41174594699719635
2022-03-22,4469.10009765625,4522.0,4469.10009765625,4511.60986328125,4754840000,0.0113041136006502,0.011240699554074212,4320.622509765625,4424.71677734375,4362.543088103351,4520.97950296876,4120.26551656249,400.7139864062701,58.11963048410994,0.015937532069106124,52.89990234375,249.15966796875,340.90966796875,-0.023610728938646575
2022-03-23,4493.10009765625,4501.06982421875,4455.81005859375,4456.240234375,4550670000,-0.012272698789159042,-0.012348630252495208,4332.159521484375,4420.43578125,4371.466625843508,4535.996770816078,4128.322272152671,407.6744986634076,55.77889355508799,0.015569020591604569,45.259765625,98.38037109375,178.3603515625,-0.042939404901111256
2022-03-24,4469.97998046875,4520.580078125,4465.169921875,4520.16015625,4131390000,0.01434391292056647,0.014242012281618024,4343.73251953125,4416.577587890625,4385.62791445365,4562.887622014881,4124.577417047618,438.3102049672634,61.49871089237242,0.015544366640015702,55.41015625,108.490234375,260.64013671875,-0.09213588328751587
2022-03-25,4522.91015625,4546.02978515625,4501.06982421875,4543.06005859375,4305020000,0.005066170567449069,0.005053380704237665,4351.65302734375,4412.911787109375,4400.621451990803,4587.824286221367,4115.481768466133,472.34251775523444,73.52222630480503,0.014860987559507254,44.9599609375,79.93994140625,338.75,0.04202701754131177
2022-03-28,4541.08984375,4575.64990234375,4517.68994140625,4575.52001953125,4312260000,0.007144955276586762,0.007119551020042568,4361.73203125,4411.241591796875,4417.278458423226,4618.2381505889425,4105.225911911057,513.0122386778858,77.76621974360812,0.014868813204341774,57.9599609375,114.33984375,402.41015625,0.0016817575760390557
2022-03-29,4602.85986328125,4637.2998046875,4589.66015625,4631.60009765625,5085910000,0.012256547427530462,0.01218204410139109,4377.999047851563,4410.616591796875,4437.690043112086,4659.71834951155,4096.279746191576,563.4386033199735,76.09020260074033,0.014403932140992467,47.6396484375,119.990234375,369.14990234375,0.17940708584361786
2022-03-30,4624.2001953125,4627.77001953125,4581.31982421875,4602.4501953125,4385570000,-0.0062937001746978805,-0.006313588999088777,4388.7945556640625,4411.1233984375,4453.381486178791,4687.902665918207,4089.6864454099173,598.21622050829,74.89802502135927,0.014123192371288654,46.4501953125,146.2099609375,244.59033203125,-0.13770200416444645
2022-03-31,4599.02001953125,4603.06982421875,4530.41015625,4530.41015625,4823020000,-0.015652540713177343,-0.015776335226881762,4397.140551757812,4411.07640625,4460.717549995097,4702.5250201636,4091.7560833520247,610.7689368115753,73.11129152037252,0.014606777724056563,72.65966796875,10.25,118.740234375,0.09974758127221772
2022-04-01,4540.31982421875,4548.7001953125,4507.56982421875,4545.85986328125,4562940000,0.0034102225843584133,0.0034044209614630277,4407.9900390625,4412.33900390625,4468.826341736635,4718.536519427831,4097.443558697169,621.0929607306625,77.02069791576703,0.014420601163062296,41.13037109375,2.7998046875,82.73974609375,-0.053924719366703844
2022-04-04,4547.97021484375,4583.5,4539.2099609375,4582.64013671875,4547350000,0.008090938687879357,0.008058382532133647,4427.067553710937,4416.0330078125,4479.665750782551,4730.903291086946,4123.231816334928,607.6714747520182,75.12519512047467,0.012318010609568582,44.2900390625,7.1201171875,121.4599609375,-0.0034166568046040124
2022-04-05,4572.4501953125,4593.4501953125,4514.169921875,4525.1201171875,4800620000,-0.012551720801807331,-0.01263115907400537,4444.788549804687,4418.3328125,4483.994738059213,4726.180258958894,4163.39684065048,562.7834183084142,63.95465081699413,0.012636272967330161,79.2802734375,-106.47998046875,13.51025390625,0.05569617469515209
2022-04-06,4494.169921875,4503.93994140625,4450.0400390625,4481.14990234375,4986830000,-0.009716916613271898,-0.009764433912479721,4454.95205078125,4420.826806640625,4483.723801324407,4725.4326585919425,4184.471442970558,540.9612156213843,55.893533287000714,0.011920631448394368,53.89990234375,-121.30029296875,24.90966796875,0.038788739787777304
2022-04-07,4474.64990234375,4521.16015625,4450.2998046875,4500.2099609375,4821490000,0.004253385628492534,0.004244365552037262,4466.986547851562,4423.83240234375,4485.293911763749,4721.820600523741,4212.152495179384,509.6681053443572,53.32901502176394,0.01182121815084397,70.8603515625,-30.2001953125,-19.9501953125,-0.03315533114222868
2022-04-08,4494.14990234375,4520.41015625,4474.60009765625,4488.27978515625,4083200000,-0.002651026482054286,-0.0026545466755523947,4481.185034179687,4427.067802734375,4485.578280658273,4704.03234894792,4258.337719411455,445.6946295364651,52.38948523168965,0.011310627243687922,45.81005859375,-57.580078125,-54.7802734375,-0.15312486389062308
2022-04-11,4462.64013671875,4464.35009765625,4408.3798828125,4412.52978515625,4266290000,-0.01687729010355421,-0.017021334584696127,4493.156030273438,4426.681396484375,4478.621281086652,4666.559444564502,4319.752615982374,346.8068285821282,41.63711656997974,0.011962725219259807,55.97021484375,-170.1103515625,-162.990234375,0.04483983150470228
2022-04-12,4437.58984375,4471.0,4381.33984375,4397.4501953125,4152090000,-0.003417447717741773,-0.0034233005304522353,4499.906030273438,4424.319404296875,4470.890701489114,4643.432817780593,4356.379242766283,287.0535750143099,44.67568189054374,0.011200620854384925,89.66015625,-127.669921875,-234.14990234375,-0.026767988111450425
2022-04-13,4394.2998046875,4453.919921875,4392.7001953125,4446.58984375,3828150000,0.011174577597236057,0.011112603268901934,4504.342529296875,4422.320400390625,4468.576334085388,4634.218227517272,4374.466831076478,259.75139644079354,43.15382448360157,0.010355506467210876,61.2197265625,-34.56005859375,-155.8603515625,-0.07801854006054787
2022-04-14,4449.1201171875,4460.4599609375,4390.77001953125,4392.58984375,4083090000,-0.01214413784439794,-0.012218480383508163,4503.388525390625,4418.384599609375,4461.339525482018,4636.373533477707,4370.403517303543,265.9700161741639,36.76392896504862,0.01039838906408734,69.68994140625,-107.6201171875,-137.8203125,0.06659613651502694
2022-04-18,4385.6298828125,4410.31005859375,4370.2998046875,4391.68994140625,3910490000,-0.0002048682840329885,-0.0002048892724065068,4499.8170166015625,4416.669599609375,4454.706231760516,4640.943107478831,4358.690925724294,282.25218175453665,32.878810479249964,0.0100196455921713,40.01025390625,-96.58984375,-154.169921875,-0.0422719068156715
2022-04-19,4390.6298828125,4471.02978515625,4390.6298828125,4462.2099609375,4108120000,0.016057604355527166,0.01593004474938665,4499.868505859375,4415.903203125,4455.420872634514,4640.935982355883,4358.801029362866,282.1349529930176,34.63691752558145,0.010703056654191467,80.39990234375,49.68017578125,-120.43017578125,0.050538423573516456
2022-04-20,4472.259765625,4488.2900390625,4448.759765625,4459.4501953125,4290450000,-0.0006184750715809706,-0.0006186664061825758,4497.260522460938,4415.4148046875,4455.804617651465,4639.339007220089,4355.182037701787,284.1569695183025,36.37834257679578,0.01037106047620982,39.5302734375,62.0,-65.669921875,0.04438283204969662
2022-04-21,4489.169921875,4512.93994140625,4384.47021484375,4393.66015625,4636890000,-0.014752948498371943,-0.014862855551311067,4494.131518554687,4412.85720703125,4449.886097517992,4642.625334647726,4345.637702461649,296.98763218607746,36.816720862667275,0.010532436360049269,128.4697265625,-52.9296875,-87.48974609375,0.08074677481383064
2022-04-22,4385.830078125,4385.830078125,4267.6201171875,4271.77978515625,4651940000,-0.027740054250753654,-0.028132076377366966,4481.7125,4406.54919921875,4432.9235915787785,4659.664372064023,4303.760627935976,355.90374412804704,28.07640271090267,0.01153453492437139,118.2099609375,-120.81005859375,-228.43017578125,0.0032457099478313545
2022-04-25,4255.33984375,4299.02001953125,4200.81982421875,4296.1201171875,5240040000,0.005697936985382235,0.0056817651441118085,4469.365502929688,4402.39,4419.8946892558,4662.973718034969,4275.757287824406,387.216430210563,26.61596079340903,0.011557932150072997,98.2001953125,-95.56982421875,-192.15966796875,0.12642037515531146
2022-04-26,4278.14013671875,4278.14013671875,4175.0400390625,4175.2001953125,4689970000,-0.028146308431003852,-0.028550008928597752,4449.34951171875,4397.521201171875,4396.59045173739,4676.599116324824,4222.099907112677,454.4992092121465,24.119881837157735,0.012616947636044306,103.10009765625,-287.009765625,-237.32958984375,-0.10497438950847704
2022-04-27,4186.52001953125,4240.7099609375,4162.89990234375,4183.9599609375,4769680000,0.0020980468517017847,0.0020958490249645954,4426.967504882812,4393.167001953125,4376.339928804067,4666.483934935186,4187.451074830438,479.03286010474767,26.81209278439279,0.012101172413638315,77.81005859375,-275.490234375,-213.490234375,0.016995844323097975
2022-04-28,4222.580078125,4308.4501953125,4188.6298828125,4287.5,4854180000,0.02474690007293945,0.024445655340832175,4411.219995117188,4389.49560546875,4367.87898320368,4643.46120378218,4178.978786452196,464.48241732998395,35.33660869483262,0.013797997832671048,119.8203125,-106.16015625,-159.08984375,0.017716073195686022
2022-04-29,4253.75,4269.68017578125,4124.27978515625,4131.93017578125,5084030000,-0.036284507106413955,-0.03695915978469415,4391.29599609375,4382.634013671875,4345.407668211068,4647.60711222226,4134.984879965239,512.6222322570211,29.495372014511062,0.015432952410553242,145.400390625,-139.849609375,-260.65966796875,0.04735094289869757
2022-05-02,4130.60986328125,4169.81005859375,4062.510009765625,4155.3798828125,5163790000,0.005675242812353654,0.005659199293818601,4371.771997070313,4378.136416015625,4327.309783887395,4637.813460756308,4105.730533384318,532.0829273719901,34.25578640798757,0.015502047053824393,107.300048828125,-140.740234375,-236.31005859375,0.015688341728903987
2022-05-03,4159.77978515625,4200.10009765625,4147.080078125,4175.47998046875,4582050000,0.004837126381486367,0.004825465075359521,4351.413989257812,4374.66861328125,4312.8498026094285,4611.7667866295915,4091.061191886033,520.7055947435583,36.4927301802554,0.01538104019059655,53.02001953125,0.27978515625,-286.72998046875,-0.11265756353376111
2022-05-04,4181.18017578125,4307.66015625,4148.91015625,4300.169921875,5136360000,0.02986242108440229,0.029425221557325833,4340.166479492187,4374.57681640625,4311.642194920435,4588.060347599521,4092.2726113848526,495.7877362146687,41.840353174356984,0.017049996519703854,158.75,116.2099609375,-159.2802734375,0.12097423642256189
2022-05-05,4270.43017578125,4270.43017578125,4106.009765625,4146.8701171875,5077030000,-0.035649708609806985,-0.03630067756409906,4323.452490234375,4373.00421875,4295.9496160887265,4576.34898089195,4070.5559995767994,505.7929813151509,37.671103332301094,0.01855480460778404,164.42041015625,-140.6298828125,-246.7900390625,-0.01155098162901358
2022-05-06,4128.169921875,4157.68994140625,4067.909912109375,4123.33984375,5116940000,-0.0056742248424840325,-0.00569038441395277,4304.608984375,4369.69701171875,4279.510590151705,4558.212209391861,4051.0057593581387,507.2064500337219,36.83461103027522,0.01846328523108259,89.780029296875,-8.59033203125,-148.43994140625,0.00786089505084675
2022-05-09,4081.27001953125,4081.27001953125,3975.47998046875,3991.239990234375,5954520000,-0.03203710063235676,-0.03256151953960419,4279.756994628906,4361.828813476563,4252.056247302436,4554.1393883031005,4005.3746009547117,548.7647873483888,28.21055741913389,0.01947503148379016,105.7900390625,-164.139892578125,-304.880126953125,0.16368767271064355
2022-05-10,4035.179931640625,4068.820068359375,3958.169921875,4001.050048828125,5885820000,0.0024578974498534745,0.002454881760409255,4259.1830078125,4354.371015625,4228.150895066787,4552.688224968698,3965.677790656303,587.0104343123949,28.929556797403322,0.019369022584689557,110.650146484375,-174.429931640625,-174.150146484375,-0.011537453900566264
2022-05-11,3990.080078125,4049.090087890625,3928.820068359375,3935.179931640625,5816140000,-0.01646320750393837,-0.016600232095697796,4236.069494628906,4346.949418945313,4200.2488985500095,4555.399623347717,3916.739365910094,638.6602574376234,28.9274272729823,0.019542341722522723,120.27001953125,-364.989990234375,-248.780029296875,-0.011838622316006964
2022-05-12,3903.949951171875,3964.800048828125,3858.8701171875,3930.080078125,6286450000,-0.0012959645058717717,-0.0012968049941124407,4210.244006347656,4337.820219726563,4174.518534700009,4541.219378775402,3879.2686339199095,661.9507448554928,32.406194579466415,0.019182808478268185,105.929931640625,-216.7900390625,-357.419921875,0.08086290907715421
2022-05-13,3963.89990234375,4038.8798828125,3963.89990234375,4023.889892578125,5183340000,0.02386969542307149,0.023589267956869442,4191.809008789062,4331.028212890625,4160.17294973602,4521.088343119487,3862.529674458638,658.558668660849,36.918914644907694,0.020235069284284698,74.97998046875,-99.449951171875,-108.040283203125,-0.17547423426576203
2022-05-16,4013.02001953125,4046.4599609375,3983.989990234375,4008.010009765625,4415030000,-0.003946400929555671,-0.003954208517722458,4172.625012207031,4324.611010742187,4145.681241167411,4497.550056325171,3847.6999680888925,649.8500882362782,41.064213192339466,0.020213685797282055,62.469970703125,16.77001953125,-147.369873046875,-0.14822681900087586
2022-05-17,4052.0,4090.719970703125,4033.929931640625,4088.85009765625,4841410000,0.020169632234863677,0.01996891958146264,4153.957019042969,4322.366215820312,4140.268751309205,4450.490061420648,3857.423976665289,593.066084755359,45.28032611871912,0.02045185775555363,56.7900390625,87.800048828125,-86.6298828125,0.09657465521185582
2022-05-18,4051.97998046875,4051.97998046875,3911.909912109375,3923.679931640625,5103220000,-0.04039526078745259,-0.041233809291248875,4127.168505859375,4317.425810546875,4119.641244674102,4403.621693013664,3850.7153187050853,552.906374308579,32.98665174266695,0.02196726892996618,140.070068359375,-11.5,-376.489990234375,0.05407722130536352
2022-05-19,3899.0,3945.9599609375,3876.580078125,3900.7900390625,5113550000,-0.005833781800992588,-0.005850864777347809,4102.525,4309.884013671875,4098.798272711093,4366.545970119079,3838.5040298809195,528.0419402381599,37.6598838497565,0.02187373192619805,69.3798828125,-29.2900390625,-246.080078125,0.002024212164084549
2022-05-20,3927.760009765625,3943.419921875,3810.320068359375,3901.360107421875,5130730000,0.00014614176965843662,0.0001461310919903067,4084.004016113281,4302.720815429688,4079.9946379216435,4349.9949894355805,3818.0130427909817,531.9819466445988,36.09877854856479,0.021275657147164513,133.099853515625,-122.52978515625,-221.979736328125,0.0033597011860644344
2022-05-23,3919.419921875,3981.8798828125,3909.0400390625,3973.75,4420030000,0.018555039930923556,0.018384995412060758,4067.8855102539064,4298.109614257813,4069.876100976725,4318.373359768615,3817.397660739198,500.9756990294172,39.557945977915,0.021782126536694636,72.83984375,-34.260009765625,-17.489990234375,-0.13851830051474157
2022-05-24,3942.93994140625,3955.679931640625,3875.1298828125,3941.47998046875,4923190000,-0.008120797617175213,-0.008153950903558081,4056.199499511719,4293.477016601562,4057.6478990235846,4307.41357574891,3804.985423274527,502.4281524743833,29.46893468881028,0.021045370752382688,80.550048828125,-147.3701171875,-59.570068359375,0.11383633142761473
2022-05-25,3929.590087890625,3999.330078125,3925.030029296875,3978.72998046875,4802560000,0.009450764734207695,0.009406385648931585,4045.9380004882814,4287.8026123046875,4050.131906780267,4291.889752755806,3799.9862482207573,491.90350453504834,38.901347820789915,0.021196616350737385,74.300048828125,55.050048828125,43.550048828125,-0.024502405960363127
2022-05-26,3984.60009765625,4075.139892578125,3984.60009765625,4057.840087890625,4709970000,0.019883256167224195,0.019688166007720866,4034.4550048828123,4281.802216796875,4050.8660192669677,4252.817587190019,3816.0924225756053,436.7251646144141,45.97202108042746,0.020895791126515535,90.539794921875,157.050048828125,127.760009765625,-0.01927930103944564
2022-05-27,4077.429931640625,4158.490234375,4077.429931640625,4158.240234375,4375620000,0.02474226295510973,0.024441130195822013,4035.7705078125,4276.733623046875,4061.092134991542,4256.905044409561,3814.635971215439,442.26907319412203,60.68650949506804,0.02015130425856136,81.060302734375,256.880126953125,134.350341796875,-0.07098771329753695
2022-05-31,4151.08984375,4168.33984375,4104.8798828125,4132.14990234375,6822640000,-0.006274368617659065,-0.006294135193666945,4034.6090087890625,4270.11421875,4067.8595414060383,4253.329161189423,3815.8888563887017,437.44030480072115,58.21797997327934,0.02016729235886207,63.4599609375,158.39990234375,124.139892578125,0.5592396049017054
2022-06-01,4149.77978515625,4166.5400390625,4073.85009765625,4101.22998046875,4531800000,-0.007482768681131846,-0.007510905041155451,4030.8965087890624,4262.91521484375,4071.0376784596297,4241.934529381632,3819.8584881964925,422.07604118513973,60.885812612696824,0.020197139166518073,92.68994140625,159.75,12.3798828125,-0.33577031764830034
2022-06-02,4095.409912109375,4177.509765625,4074.3701171875,4176.81982421875,4405790000,0.018431018038486124,0.018263225415545106,4024.72900390625,4256.2194140625,4081.1121685319267,4208.0180478868,3841.4399599257,366.57808796109975,64.80710614978261,0.01943399477595774,103.1396484375,198.08984375,253.139892578125,-0.027805728408137997
2022-06-03,4137.56982421875,4142.669921875,4098.669921875,4108.5400390625,3711110000,-0.016347313992415624,-0.016482405609817057,4022.8125,4249.26541015625,4083.7243466776954,4201.46713779189,3844.1578622081097,357.3092755837806,55.240520716355284,0.018068270872204105,44.0,50.699951171875,207.75,-0.15767433309349743
2022-06-06,4134.72021484375,4168.77978515625,4109.18017578125,4121.43017578125,4332700000,0.003137400778913113,0.003132489407036025,4022.7170166015626,4241.290810546875,4087.315378020891,4201.147333187233,3844.286700015892,356.86063317134085,57.04770397304035,0.018037946615418503,59.599609375,-36.81005859375,220.070068359375,0.16749436152525798
2022-06-07,4096.47021484375,4164.85986328125,4080.18994140625,4160.68017578125,4248210000,0.009523393173235029,0.00947833153171984,4031.1890258789062,4233.643212890625,4094.3025016171155,4219.161630933953,3843.216420823859,375.9452101100942,54.70664871561229,0.01646198300614482,84.669921875,28.5302734375,186.93017578125,-0.019500542386964304
2022-06-08,4147.1201171875,4160.14013671875,4107.2001953125,4115.77001953125,4159470000,-0.010793945785935621,-0.010852623040155319,4036.9250244140626,4224.448212890625,4096.347027132747,4228.000996716485,3845.8490521116396,382.15194460484554,64.94142883783255,0.01671622311229778,52.93994140625,14.5400390625,174.2900390625,-0.020888797870161735
2022-06-09,4101.64990234375,4119.10009765625,4017.169921875,4017.820068359375,4134170000,-0.02379869397635359,-0.02408645766515553,4041.05703125,4212.172612304687,4088.8682691543304,4226.355706219719,3855.758356280281,370.59734993943766,58.15119522975979,0.01720551808856243,101.93017578125,-158.999755859375,39.090087890625,-0.006082505703851715
2022-06-10,3974.389892578125,3974.389892578125,3900.159912109375,3900.860107421875,4889640000,-0.029110303335524668,-0.029542414811409477,4039.5960327148437,4198.140810546875,4070.9627299417157,4228.994358713587,3850.1977067161,378.7966519974866,49.97003333206521,0.018492261696329965,74.22998046875,-207.679931640625,-156.97998046875,0.1827380102898526
2022-06-13,3838.14990234375,3838.14990234375,3734.300048828125,3749.6298828125,5636890000,-0.038768430665237275,-0.03953993199003993,4025.8830322265626,4182.525205078125,4040.359601643695,4255.511315642317,3796.254748810809,459.2565668315078,37.727523087864896,0.019477498949360426,103.849853515625,-371.80029296875,-408.6103515625,0.1528231117219263
2022-06-14,3763.52001953125,3778.179931640625,3705.679931640625,3735.47998046875,5153890000,-0.0037736797459957394,-0.003780818039489633,4012.2565307617188,4166.317607421875,4011.3234472460813,4276.140202214101,3748.372859309337,527.7673429047641,38.49136896318443,0.0194772549916835,72.5,-425.2001953125,-396.669921875,-0.08568554646267712
2022-06-15,3764.050048828125,3837.56005859375,3722.300048828125,3789.989990234375,5530480000,0.014592504858983224,0.014487058836534478,3997.313525390625,4150.464604492187,3990.2440703878237,4276.347303628503,3718.2797471527465,558.0675564757566,39.65514057535093,0.019160403688300874,115.260009765625,-325.780029296875,-311.239990234375,0.07306907986006683
2022-06-16,3728.179931640625,3728.179931640625,3639.77001953125,3666.77001953125,5644930000,-0.03251195148816344,-0.033052207113840666,3984.4680297851564,4133.297602539063,3959.437017925293,4299.151246479883,3669.78481309043,629.3664333894535,29.55403729847589,0.01843108071849369,88.409912109375,-351.050048828125,-510.0498046875,0.020694406272149912
2022-06-17,3665.89990234375,3707.7099609375,3636.8701171875,3674.840087890625,8520740000,0.002200865698254617,0.0021984473410133873,3973.1705322265625,4117.17140625,3932.3325483981816,4315.511095156181,3630.8299692969435,684.6811258592375,22.02611056654837,0.01845860145856044,70.83984375,-226.02001953125,-433.699951171875,0.5094500728972724
2022-06-21,3715.31005859375,3779.64990234375,3715.31005859375,3764.7900390625,5292260000,0.024477242280086964,0.024182474960671992,3966.3420288085936,4102.4630078125,3916.3761189376405,4319.9755481534785,3612.7085094637087,707.2670386897698,30.20434163483833,0.019439819547674,64.33984375,15.16015625,-356.64013671875,-0.3788966685992061
2022-06-22,3733.889892578125,3801.7900390625,3717.68994140625,3759.889892578125,5058990000,-0.0013015723144006452,-0.0013024200953574458,3955.6490234375,4087.8952099609373,3901.472668808163,4321.0759439910125,3590.2221028839876,730.8538411070249,31.07577410944556,0.01885456400624945,84.10009765625,24.409912109375,-400.790283203125,-0.04407757744328511
2022-06-23,3774.7099609375,3802.580078125,3743.52001953125,3795.72998046875,5098640000,0.009532217409177868,0.00948707248555652,3948.3615234375,4075.5592138671873,3891.4019365853615,4320.725563806656,3575.997483068344,744.7280807383122,27.897850138366408,0.018994810544988028,59.06005859375,5.739990234375,-320.0400390625,0.007837532788165236
2022-06-24,3821.75,3913.64990234375,3821.75,3911.739990234375,8120260000,0.03056329358583576,0.030105539729901033,3945.0120239257812,4065.845009765625,3893.3388940757436,4317.431046203337,3572.5930016482257,744.8380445551115,39.184915798317384,0.02019634270859726,91.89990234375,244.969970703125,-106.080078125,0.5926325451492946
2022-06-27,3920.760009765625,3927.719970703125,3889.659912109375,3900.110107421875,4325310000,-0.0029730715337762392,-0.0029774998903406716,3937.125524902344,4054.9154150390623,3893.98377153728,4306.1491959397235,3568.101853864964,738.0473420747594,37.82055571006128,0.019611264898982576,38.06005859375,225.27001953125,-0.75,-0.4673434101863734
2022-06-28,3913.0,3945.860107421875,3820.139892578125,3821.550048828125,4270120000,-0.020143036075892073,-0.0203486731494949,3920.291015625,4043.494619140625,3887.085321755456,4277.368537314463,3563.2134939355374,714.1550433789253,32.11132142486437,0.018972224799122715,125.72021484375,56.760009765625,71.920166015625,-0.012759779067858745
2022-06-29,3825.090087890625,3836.5,3799.02001953125,3818.830078125,4211240000,-0.0007117454091590814,-0.0007119988201726959,3904.6250244140624,4032.037421875,3880.584822362079,4249.862505363875,3559.38754346425,690.4749618996252,33.60716145678899,0.018978534262593473,37.47998046875,58.940185546875,83.35009765625,-0.013788839657901897
2022-06-30,3785.989990234375,3818.989990234375,3738.669921875,3785.3798828125,4840070000,-0.008759278267998716,-0.008797866246367652,3888.83251953125,4018.5008203125,3871.5176852621194,4224.979477537654,3552.6855615248464,672.2939160128076,36.184019013471556,0.018993842932645773,80.320068359375,-10.35009765625,-4.610107421875,0.14932181495236563
2022-07-01,3781.0,3829.820068359375,3752.10009765625,3825.330078125,4046950000,0.010553814029047315,0.010498511296639174,3871.2580322265626,4005.81841796875,3867.1188655347746,4179.613197533162,3562.9028669199633,616.7103306131985,45.05816860349027,0.0185852872142536,77.719970703125,-86.409912109375,158.56005859375,-0.16386539864092875
2022-07-05,3792.610107421875,3832.18994140625,3742.06005859375,3831.389892578125,5076590000,0.0015841285142366157,0.0015828751061934918,3857.400524902344,3994.5730126953126,3863.7161062055698,4145.073555842757,3569.727493961931,575.3460618808258,56.60398492293651,0.01840109620110918,90.1298828125,-68.72021484375,156.5498046875,0.25442370180012097
2022-07-06,3831.97998046875,3870.909912109375,3809.3701171875,3845.080078125,4417720000,0.0035731642904301975,0.003566795705066178,3843.5830200195314,3986.0390185546876,3861.9412463883727,4103.020301157983,3584.1457388810795,518.8745622769038,58.85928614506336,0.018409405782947374,61.539794921875,23.530029296875,80.2900390625,-0.12978593898660318
2022-07-07,3858.85009765625,3910.6298828125,3858.85009765625,3902.6201171875,4057770000,0.014964587965241805,0.014853723180930391,3830.6800170898437,3978.1690185546877,3865.8154245597184,4045.556535593016,3615.803498586671,429.75303700634504,59.05983224896751,0.018647587916354492,51.77978515625,83.7900390625,142.730224609375,-0.08147868131072133
2022-07-08,3888.260009765625,3918.5,3869.340087890625,3899.3798828125,3521620000,-0.000830271529819071,-0.00083061639612735,3819.8605102539063,3972.6526123046874,3869.012039631412,3991.796078947238,3647.9249415605746,343.8711373866636,73.18628753654,0.01856215483980816,49.159912109375,114.0,103.64990234375,-0.13212922368690194
2022-07-11,3880.93994140625,3880.93994140625,3847.219970703125,3854.429931640625,3423480000,-0.011527461422777274,-0.011594417660525545,3811.6910034179687,3966.06201171875,3867.6232674418134,3957.5755867633934,3665.806420072544,291.7691666908495,66.6752959887707,0.018017002809412055,33.719970703125,29.099853515625,-57.31005859375,-0.027867856270693547
2022-07-12,3851.949951171875,3873.409912109375,3802.360107421875,3818.800048828125,3817210000,-0.009243878717321574,-0.00928686849749371,3807.588000488281,3956.6880126953124,3862.9734370976525,3947.4026877160445,3667.7733132605176,279.6293744555269,55.577579856017884,0.016955307595820826,71.0498046875,-12.58984375,-81.31005859375,0.11500870459298729
2022-07-13,3779.669921875,3829.43994140625,3759.070068359375,3801.780029296875,4109390000,-0.0044569025122100925,-0.00446686411181668,3810.1955078125,3950.085009765625,3857.1454934975786,3947.3794445488247,3673.0115710761756,274.3678734726491,54.22032402501763,0.014479859840626483,70.369873046875,-43.300048828125,-19.77001953125,0.0765428153022758
2022-07-14,3763.989990234375,3796.409912109375,3721.56005859375,3790.3798828125,4199690000,-0.00299863390215227,-0.003003138812764307,3812.9405029296877,3942.785009765625,3850.7868639085236,3945.963534866408,3679.9174709929675,266.0460638734403,49.433072903192425,0.014468034317274645,74.849853515625,-112.240234375,-28.4501953125,0.02197406427717974
2022-07-15,3818.0,3863.6201171875,3817.179931640625,3863.159912109375,4143800000,0.01920124935943668,0.01901923165863364,3816.5989990234375,3936.5386083984376,3851.9652494514617,3950.982131207267,3682.215866839608,268.76626436765855,44.33297448779071,0.014733059722087993,46.440185546875,-36.219970703125,77.780029296875,-0.013308125123520975
2022-07-18,3883.7900390625,3902.43994140625,3818.6298828125,3830.85009765625,4046870000,-0.008363571580831342,-0.008398742485835936,3824.8030029296874,3927.1522119140627,3849.9542826138227,3939.223907937649,3710.3820979217257,228.84181001592333,42.292463056997775,0.012683984871635981,83.81005859375,-23.579833984375,5.52001953125,-0.023391572952362605
2022-07-19,3860.72998046875,3939.81005859375,3860.72998046875,3936.68994140625,4041070000,0.02762829164595959,0.02725351764373082,3837.8954956054686,3922.9486083984375,3858.214821546435,3939.2434896020077,3736.5475016089295,202.69598799307823,62.0797992698019,0.013893667839322079,79.080078125,117.889892578125,105.300048828125,-0.0014332064039616066
2022-07-20,3935.320068359375,3974.1298828125,3922.030029296875,3959.89990234375,4185300000,0.005895806193263242,0.0058784939410571665,3847.650988769531,3919.6798095703125,3867.899114955703,3956.643021325807,3738.6589562132554,217.98406511255143,64.19012770137525,0.013013163225422144,52.099853515625,158.119873046875,114.81982421875,0.03569104222396535
2022-07-21,3955.469970703125,3999.2900390625,3927.639892578125,3998.949951171875,4132790000,0.00986137270919718,0.00981306668950467,3859.6039916992186,3919.8340087890624,3880.380146976291,3979.9179498098047,3739.2900335886325,240.6279162211722,71.24355917640996,0.013075834950961223,71.650146484375,208.570068359375,96.329833984375,-0.012546292977803297
2022-07-22,3998.429931640625,4012.43994140625,3938.860107421875,3961.6298828125,3979240000,-0.00933246697634671,-0.009376287293813849,3867.8989868164062,3919.04560546875,3888.11821705593,3992.471210398616,3743.3267632341963,249.14444716441994,63.628889092865606,0.013271492212746644,73.579833984375,98.469970703125,62.25,-0.037154077511802
2022-07-25,3965.719970703125,3975.300048828125,3943.4599609375,3966.840087890625,3568340000,0.0013151670479691902,0.001314302973305868,3870.6539916992188,3919.67880859375,3895.615538087806,4001.5835762954107,3739.724407103027,261.8591691923839,63.56698639007299,0.011474161229302521,31.840087890625,135.989990234375,112.41015625,-0.10326092419658028
2022-07-26,3953.219970703125,3953.219970703125,3910.739990234375,3921.050048828125,3778950000,-0.01154320266205866,-0.011610342599263359,3871.7009887695312,3919.4982080078125,3898.0378724440266,4003.9506070918483,3739.4513704472142,264.49923664463404,57.14957275758043,0.011777015289117626,42.47998046875,-15.639892578125,102.25,0.05902184208903849
2022-07-27,3951.429931640625,4039.56005859375,3951.429931640625,4023.610107421875,4112180000,0.026156273782937722,0.025820048778629066,3881.803991699219,3919.4926123046876,3909.997132918107,4028.05335879397,3735.554624604468,292.4987341895021,60.496948402650716,0.012086579726462921,88.130126953125,63.710205078125,221.830078125,0.08818057926143497
2022-07-28,4026.1298828125,4078.949951171875,3992.969970703125,4072.429931640625,4413000000,0.012133338697180918,0.012060319791912806,3894.483984375,3920.7810107421874,3925.466923272633,4060.3971248949765,3728.5708438550237,331.82628103995285,63.91323857272576,0.012238955184984156,85.97998046875,73.47998046875,282.050048828125,0.07315341254517072
2022-07-29,4087.330078125,4140.14990234375,4079.219970703125,4130.2900390625,4616360000,0.014207760082581844,0.014107775781753557,3911.7294921875,3921.6098095703123,3944.9738866811917,4100.077824633424,3723.3811597415765,376.6966648918474,71.72811012941222,0.012125788349759843,60.929931640625,168.66015625,267.130126953125,0.04608203036483127
2022-08-01,4112.3798828125,4144.9501953125,4096.02001953125,4118.6298828125,4202810000,-0.0028230841271976725,-0.002827076544916728,3926.394482421875,3925.50880859375,3961.5125529794113,4131.358341732144,3721.430623111606,409.92771862053814,74.54280862091775,0.012139665399968358,48.93017578125,151.789794921875,287.77978515625,-0.08958356800596146
2022-08-02,4104.2099609375,4140.47021484375,4079.81005859375,4091.18994140625,4727710000,-0.006662395550704803,-0.00668468837887098,3939.384484863281,3929.316806640625,3973.862780448634,4151.791859179164,3726.9771105473983,424.8147486317657,73.2925391047303,0.01235594040774513,60.66015625,170.139892578125,154.5,0.12489263135854345
2022-08-03,4107.9599609375,4167.66015625,4107.9599609375,4155.169921875,4351760000,0.015638477163140152,0.015517456270090707,3954.8889770507812,3934.3930029296876,3991.130127251145,4183.001363151248,3726.776590950314,456.22477220093424,77.0683998017397,0.012657860256429019,59.7001953125,131.559814453125,195.27001953125,-0.07952052896645523
2022-08-04,4154.85009765625,4161.2900390625,4135.419921875,4151.93994140625,4283320000,-0.0007773401640558397,-0.0007776424495837734,3967.3549682617186,3937.9568017578126,4006.4453476468693,4210.213609577682,3724.496326945755,485.71728263192745,73.89455345999869,0.012424911989098121,25.8701171875,79.510009765625,152.989990234375,-0.015726970237329274
2022-08-05,4115.8701171875,4151.580078125,4107.31005859375,4145.18994140625,4085940000,-0.0016257460597355333,-0.0016270690189191196,3979.645471191406,3942.0310009765626,4019.659118481096,4232.685952487816,3726.604989894996,506.08096259282047,77.15818764295881,0.01243966900988875,44.27001953125,14.89990234375,183.56005859375,-0.04608107729518229
2022-08-08,4155.93017578125,4186.6201171875,4128.97021484375,4140.06005859375,4221090000,-0.0012375507238541195,-0.0012383171221209141,3993.9269775390626,3945.2576025390626,4031.125874682301,4249.440798203568,3738.413156874557,511.0276413290112,71.27256847793333,0.012006613717995517,57.64990234375,21.43017578125,173.219970703125,0.03307684400651989
2022-08-09,4133.10986328125,4137.2998046875,4112.08984375,4122.47021484375,3913090000,-0.004248692893594086,-0.004257744235926498,4009.110485839844,3946.550205078125,4039.825335650058,4256.776593342356,3761.4443783373317,495.3322150050244,67.20720860401775,0.011774012057339836,25.2099609375,31.2802734375,201.420166015625,-0.07296693508074925
2022-08-10,4181.02001953125,4211.02978515625,4177.259765625,4210.240234375,4546010000,0.021290637641290244,0.021067158460407496,4029.53349609375,3947.590205078125,4056.0553260048146,4272.533669108522,3786.5333230789774,486.00034602954474,70.27309393867415,0.012211839622836812,33.77001953125,55.0703125,186.630126953125,0.16174429926221978
2022-08-11,4227.39990234375,4257.91015625,4201.41015625,4207.27001953125,4630200000,-0.0007054739583503,-0.0007057229222018175,4050.3780029296877,3949.092607421875,4070.4567253882847,4278.0384616087185,3822.7175442506573,455.32091735806125,75.23214814146064,0.012141513833238863,56.5,55.330078125,134.840087890625,0.01851953691258923
2022-08-12,4225.02001953125,4280.47021484375,4219.77978515625,4280.14990234375,3788010000,0.017322368774566943,0.017174046951492668,4071.227502441406,3952.671005859375,4090.427504145948,4303.034854738595,3839.4201501442176,463.61470459437714,78.25513167425896,0.01203509905370386,60.6904296875,134.9599609375,149.85986328125,-0.18189063107425163
2022-08-15,4269.3701171875,4301.7900390625,4256.89990234375,4297.14013671875,3696830000,0.0039695418998517695,0.003961684056233163,4094.5420043945314,3955.077412109375,4110.1144215338345,4318.206924034718,3870.877084754345,447.3298392803731,85.77516475993053,0.011611714937090397,44.89013671875,157.080078125,178.51025390625,-0.02407068619143038
2022-08-16,4290.4599609375,4325.27978515625,4277.77001953125,4305.2001953125,4329820000,0.0018756797165810912,0.0018739228259478625,4112.967517089844,3959.010615234375,4128.694019036565,4342.517691203118,3883.4173429765688,459.1003482265496,82.6572037403966,0.010434672044172791,47.509765625,182.72998046875,214.01025390625,0.17122507661969855
2022-08-17,4280.39990234375,4302.18017578125,4253.080078125,4274.0400390625,3885030000,-0.007237794954094601,-0.007264114867648021,4128.674523925782,3962.0628125,4142.536497134273,4357.112493368141,3900.2365544834224,456.87593888471883,74.38023116779593,0.010752970992043379,49.10009765625,63.7998046875,118.8701171875,-0.10272713415338286
2022-08-18,4273.1298828125,4292.52978515625,4261.97998046875,4283.740234375,3340330000,0.002269561170191503,0.0022669896063847975,4142.914038085937,3964.524013671875,4155.984472109581,4372.804257861238,3913.0238183106367,459.78043955060093,71.0027053181422,0.010664300187501223,30.5498046875,76.47021484375,131.80029296875,-0.140204837543082
2022-08-19,4266.31005859375,4266.31005859375,4218.7001953125,4228.47998046875,3761340000,-0.012900001139847905,-0.012983928713038868,4156.25654296875,3966.778212890625,4162.888806239025,4372.4106421257575,3940.1024438117424,432.30819831401504,63.432041831801094,0.010917067285817471,47.60986328125,-51.669921875,83.2900390625,0.12603844530330832
2022-08-22,4195.080078125,4195.080078125,4129.85986328125,4137.990234375,3907430000,-0.0214000649197158,-0.021632366466494565,4164.814050292969,3969.1816162109376,4160.5175136805465,4362.123729522822,3967.504371063116,394.61935845970584,54.95807361042858,0.01223835166108798,65.22021484375,-159.14990234375,-2.06982421875,0.0388398815315818
2022-08-23,4133.08984375,4159.77001953125,4124.02978515625,4128.72998046875,3823520000,-0.0022378626777133093,-0.002240370434437464,4175.198046875,3973.739013671875,4157.490129565137,4337.190505565035,4013.205588184964,323.9849173800708,46.83157228303037,0.011860004308994792,35.740234375,-176.47021484375,6.259765625,-0.021474472991198867
2022-08-24,4126.5498046875,4156.56005859375,4119.97021484375,4140.77001953125,3583630000,0.0029161604463010526,0.002911916698724165,4181.056042480469,3981.56181640625,4155.897738133338,4327.715302150428,4034.3967828105096,293.31851933991857,48.6891325674573,0.010495795822747733,36.58984375,-133.27001953125,-69.47021484375,-0.06274061597690084
2022-08-25,4153.259765625,4200.5400390625,4147.58984375,4199.1201171875,3566870000,0.014091605518061545,0.013993241836107048,4187.390551757812,3990.834619140625,4160.014155186115,4324.9570840296,4049.8240194860246,275.13306454357553,55.64535502423256,0.010608852540823225,52.9501953125,-84.6201171875,-8.14990234375,-0.004676822104960565
2022-08-26,4198.740234375,4203.0400390625,4057.659912109375,4057.659912109375,3832750000,-0.03368805871951874,-0.03426857631703952,4183.759045410156,3996.188017578125,4150.266132035949,4331.155703126007,4036.362387694306,294.7933154317011,43.28968490182582,0.01279120775202479,145.380126953125,-170.820068359375,-222.489990234375,0.07454154482781816
2022-08-29,4034.580078125,4062.989990234375,4017.419921875,4030.610107421875,3396510000,-0.006666355799502699,-0.0066886751973248065,4179.358056640625,4003.4648193359376,4138.870320167942,4339.6360028504205,4019.08011043083,320.5558924195907,42.63281661487734,0.012851791386420093,45.570068359375,-107.380126953125,-266.530029296875,-0.11381905942208592
2022-08-30,4041.25,4044.97998046875,3965.2099609375,3986.159912109375,3835860000,-0.011028155571448206,-0.011089416492117008,4174.106555175781,4009.6912158203127,4124.326471781412,4352.416271739242,3995.79683861232,356.6194331269221,30.686771229584338,0.012989357331821867,79.77001953125,-142.570068359375,-319.040283203125,0.12935336566063405
2022-08-31,4000.669921875,4015.3701171875,3954.530029296875,3955.0,4542490000,-0.007817025105971265,-0.007847738208153028,4164.098059082031,4013.4954150390627,4108.200141135563,4367.5777220557575,3960.6183961083043,406.9593259474532,29.264717804564228,0.01243424438721642,60.840087890625,-185.77001953125,-319.0400390625,0.18421683794507615
2022-09-01,3936.72998046875,3970.22998046875,3903.64990234375,3966.85009765625,4152250000,0.0029962320243361873,0.0029917522671948716,4154.843566894531,4017.634619140625,4094.738232232771,4376.661367355688,3933.025766433375,443.63560092231273,21.37670944441271,0.012488542352604909,66.580078125,-232.27001953125,-316.89013671875,-0.08590882973875558
2022-09-02,3994.659912109375,4018.429931640625,3906.2099609375,3924.260009765625,3665850000,-0.010736500458081055,-0.010794552570724387,4143.7970703125,4020.2052197265625,4078.502211045424,4388.466549386956,3899.1275912380447,489.3389581489114,17.45571422544269,0.012631719307512303,112.219970703125,-133.39990234375,-304.219970703125,-0.11714130892889396
2022-09-06,3930.889892578125,3942.550048828125,3886.75,3908.18994140625,4127340000,-0.004095056983834944,-0.004103464690895143,4132.203564453125,4020.13421875,4062.281994889312,4398.6256861155725,3865.781442790678,532.8442433248947,15.827480845448079,0.01263096060989643,55.800048828125,-122.420166015625,-229.80029296875,0.12588894799296213
2022-09-07,3909.429931640625,3987.889892578125,3906.030029296875,3979.8701171875,3890320000,0.018341016392734,0.018174848666169877,4125.073559570313,4021.7294189453123,4054.433244631997,4400.086496872294,3850.0606222683314,550.0258746039631,26.330491494126434,0.013476446032780023,81.85986328125,-6.289794921875,-148.85986328125,-0.057426817272141384
2022-09-08,3959.93994140625,4010.5,3944.81005859375,4006.179931640625,3966850000,0.006610721877456038,0.006588966880442448,4114.870544433594,4025.4220166015625,4049.837691013771,4391.714734473234,3838.0263543939536,553.6883800792803,28.24833268473631,0.01252623306076851,65.68994140625,51.179931640625,-134.590087890625,0.0196719035966193
2022-09-09,4022.93994140625,4076.81005859375,4022.93994140625,4067.360107421875,3901940000,0.015271449816332883,0.01515601498121106,4107.875048828125,4030.3926171875,4051.5064925764473,4381.945224572738,3833.8048730835117,548.1403514892263,37.4895406055776,0.013135048051273208,53.8701171875,100.510009765625,-131.760009765625,-0.016363109268059062
2022-09-12,4083.669921875,4119.27978515625,4083.669921875,4110.41015625,3814200000,0.0105842727693497,0.010528651483995635,4099.3880615234375,4036.89322265625,4057.1163653072617,4361.236114449621,3837.5400085972547,523.6961058523661,47.688178292352696,0.012703283000705593,35.60986328125,186.150146484375,52.750244140625,-0.022486250429273658
2022-09-13,4037.1201171875,4037.1201171875,3921.280029296875,3932.68994140625,4224550000,-0.0432366134006168,-0.04419916303197406,4081.1655517578124,4039.040419921875,4045.2662296976414,4335.6917767179775,3826.6393267976478,509.05244992032976,37.18627125568095,0.015601586413087083,115.840087890625,24.5,-97.920166015625,0.10758481464002934
2022-09-14,3940.72998046875,3961.93994140625,3912.179931640625,3946.010009765625,4293240000,0.0033870120853238816,0.003381289078844715,4063.2060424804686,4041.332822265625,4035.8132563707827,4301.33326001151,3825.078824949427,476.25443506208285,37.291203537460134,0.01563671542928206,49.760009765625,-33.860107421875,-40.14990234375,0.01625971997017439
2022-09-15,3932.409912109375,3959.139892578125,3888.280029296875,3901.35009765625,4441830000,-0.011317739184353415,-0.011382272168149512,4044.5715454101564,4042.45822265625,4023.007241255113,4271.2863901181145,3817.8567007021984,453.4296894159161,30.215951737060934,0.015704503965212335,70.85986328125,-104.829833984375,-53.64990234375,0.03461022444587303
2022-09-16,3880.949951171875,3880.949951171875,3837.080078125,3873.330078125,7954650000,-0.007182134089448455,-0.007208049775663175,4024.0510375976564,4041.872421875,4008.7522733379597,4233.234086307674,3814.8679888876386,418.36609742003566,35.57919120542961,0.015634254702470835,43.869873046875,-194.030029296875,-93.52001953125,0.790849717346229
2022-09-19,3849.909912109375,3900.449951171875,3838.5,3899.889892578125,3766850000,0.006857100716286535,0.006833697724705768,4007.621533203125,4041.8826220703127,3998.384427551309,4200.152912642729,3815.0901537635214,385.0627588792072,39.76542459448197,0.01572643152237608,61.949951171875,-210.520263671875,-24.3701171875,-0.5264593665340398
2022-09-20,3875.22998046875,3876.010009765625,3827.5400390625,3855.929931640625,4058050000,-0.011272103097361819,-0.011336114736600402,3993.518518066406,4041.9126220703124,3984.817332702672,4187.160086215711,3799.8769499171017,387.2831362986094,39.79597380347711,0.015290887629305668,48.469970703125,-76.760009765625,-52.260009765625,0.0773059718332294
2022-09-21,3871.39990234375,3907.070068359375,3789.489990234375,3789.929931640625,4078330000,-0.017116493600784488,-0.01726467409850635,3976.578515625,4041.3352197265626,3966.25662783962,4179.4722755619105,3773.6847556880894,405.7875198738211,37.735712158265216,0.015589818270814067,117.580078125,-156.080078125,-189.940185546875,0.0049974741563065805
2022-09-22,3782.360107421875,3790.89990234375,3749.449951171875,3757.989990234375,4284600000,-0.00842758097968943,-0.008463293830453985,3957.4395141601562,4040.4594189453123,3946.4217099724538,4167.218337830469,3747.660690489844,419.55764734062495,34.93203934795818,0.01552523430059432,41.449951171875,-143.360107421875,-248.18994140625,0.050577074439782876
2022-09-23,3727.139892578125,3727.139892578125,3647.469970703125,3693.22998046875,5144270000,-0.017232619015461026,-0.017382828767330778,3932.1450073242186,4038.5164208984374,3922.308211924482,4141.220620883513,3723.0693937649235,418.15122711858976,33.84925431366854,0.015101611598052603,79.669921875,-180.10009765625,-374.130126953125,0.20064183354338794
2022-09-26,3682.719970703125,3715.669921875,3644.760009765625,3655.0400390625,4886140000,-0.010340526208282075,-0.010394360890280502,3912.014013671875,4034.3540234375,3896.8541002233405,4146.226216995976,3677.801810347775,468.42440664820106,32.83380560005246,0.013710425002252625,70.909912109375,-244.849853515625,-455.3701171875,-0.05017815938899006
2022-09-27,3686.43994140625,3717.530029296875,3623.2900390625,3647.2900390625,4577740000,-0.0021203598092424114,-0.0021226109548247284,3892.848010253906,4030.682822265625,3873.0860943984985,4147.997080168995,3637.6989403388175,510.29813983017766,25.306635033977102,0.013721136659224165,94.239990234375,-208.639892578125,-285.39990234375,-0.06311730732234444
2022-09-28,3651.93994140625,3736.739990234375,3640.610107421875,3719.0400390625,4684850000,0.019672139926234733,0.019481144181152356,3879.4920166015627,4026.32982421875,3858.415041509356,4141.935765327787,3617.0482678753383,524.8874974524483,30.028110503452083,0.014682336603749927,96.1298828125,-70.889892578125,-226.969970703125,0.023398008624343047
2022-09-29,3687.010009765625,3687.010009765625,3610.39990234375,3640.469970703125,4681810000,-0.021126437880238824,-0.0213527948230975,3863.765515136719,4019.9412255859374,3837.6583680992385,4144.234315097034,3583.296715176404,560.9375999206295,21.009158796689306,0.01518795732221959,76.610107421875,-117.52001953125,-260.880126953125,-0.0006489001782340464
2022-09-30,3633.47998046875,3671.43994140625,3584.1298828125,3585.6201171875,5645360000,-0.015066695771983274,-0.0151813515462093,3844.7040161132813,4011.67462890625,3813.6547251552633,4146.66939166931,3542.738640557253,603.9307511120574,14.92278750866511,0.015285258271476962,87.31005859375,-107.60986328125,-287.7099609375,0.2058071557794956
2022-10-03,3609.780029296875,3698.35009765625,3604.929931640625,3678.429931640625,4806680000,0.025883894952576147,0.02555457753093017,3832.4125122070313,4006.0106298828123,3800.7761733919647,4140.689886230543,3524.135138183519,616.5547480470245,30.829067906527413,0.01668229086961197,93.420166015625,23.389892578125,-221.4599609375,-0.14856094208341009
2022-10-04,3726.4599609375,3791.919921875,3726.4599609375,3790.929931640625,5146580000,0.030583700679551518,0.030125341416799834,3826.54951171875,4002.4924267578126,3799.8384360823134,4133.2147851153995,3519.8842383221004,613.3305467932992,39.82840452719971,0.018297101394214428,65.4599609375,143.639892578125,-65.0,0.07071408955869751
2022-10-05,3753.25,3806.909912109375,3722.659912109375,3783.280029296875,4293180000,-0.002017948757084831,-0.0020199875589381176,3816.720007324219,3999.7370263671874,3798.2614449598905,4115.186159500293,3518.253855148145,596.9323043521481,41.86070934848312,0.01769979963502492,84.25,64.239990234375,-6.64990234375,-0.16581885446257516
2022-10-06,3771.969970703125,3797.929931640625,3739.219970703125,3744.52001953125,4252100000,-0.010245080846639998,-0.010297922911395202,3803.63701171875,3994.155224609375,3793.1432139666867,4089.822151945117,3517.4518714923825,572.3702804527347,41.24990298050521,0.017650382458877414,58.7099609375,104.050048828125,-13.469970703125,-0.009568664719392106
2022-10-07,3706.739990234375,3706.739990234375,3620.72998046875,3639.659912109375,4449660000,-0.028003617786773516,-0.028403196531478058,3782.252001953125,3985.49982421875,3778.5257566469427,4048.7009440141655,3515.803059892084,532.8978841220815,34.02221985048459,0.017914372114347408,86.010009765625,54.039794921875,-53.570068359375,0.04646174831259842
2022-10-10,3647.510009765625,3652.169921875,3588.10009765625,3612.389892578125,3834320000,-0.00749246363390188,-0.007520673133652772,3757.3509887695313,3975.1418212890626,3762.703293402293,3984.919642037891,3529.7823355011715,455.13730653671973,34.73408843130569,0.017517790602076158,64.06982421875,-66.0400390625,-42.650146484375,-0.13828921760314272
2022-10-11,3595.860107421875,3640.659912109375,3568.449951171875,3588.840087890625,4759030000,-0.006519175777754405,-0.006540518412323781,3740.15849609375,3964.546025390625,3746.1448928773725,3963.8740702542987,3516.442921933201,447.4311483210977,36.68648560228465,0.015214660544138019,72.2099609375,-202.08984375,-58.449951171875,0.24116662146091095
2022-10-12,3590.830078125,3608.340087890625,3573.860107421875,3577.030029296875,4006830000,-0.0032907731480149582,-0.0032961996501662937,3721.7094970703124,3954.2628271484373,3730.0387153935158,3934.539978552931,3508.8790155876936,425.66096296523756,37.69113144768683,0.015106399065220478,34.47998046875,-206.25,-142.010009765625,-0.15805741926400974
2022-10-13,3520.3701171875,3685.409912109375,3491.580078125,3669.909912109375,5021680000,0.02596564246086497,0.025634259307631132,3710.137487792969,3944.557626953125,3724.312162699788,3906.361897148303,3513.913078437635,392.4488187106681,48.472216668559355,0.01649491894167752,193.829833984375,-74.610107421875,29.43994140625,0.25328002435840813
2022-10-14,3690.409912109375,3712.0,3579.679931640625,3583.070068359375,4243030000,-0.02366266361565439,-0.023947120744528417,3695.6244873046876,3933.1802294921877,3710.860534667368,3883.7990162071005,3507.4499584022747,376.34905780482586,45.56752928652301,0.01711866591599568,132.320068359375,-56.58984375,-2.550048828125,-0.15505766994312664
2022-10-17,3638.64990234375,3689.72998046875,3638.64990234375,3677.949951171875,4352780000,0.026480052302171098,0.026135524557561848,3684.527490234375,3923.8354296875,3707.726193382083,3846.307730952736,3522.7472495160137,323.5604814367225,51.70526250611383,0.018281372995023634,51.080078125,65.56005859375,-0.47998046875,0.025865949569057856
2022-10-18,3746.260009765625,3762.7900390625,3686.530029296875,3719.97998046875,4483740000,0.011427569666488724,0.011362768207087462,3677.7299926757814,3915.433828125,3708.8932207236703,3819.35587682899,3536.104108522573,283.25176830641703,50.05406565283503,0.01842962335585096,76.260009765625,131.139892578125,-70.949951171875,0.030086519419773028
2022-10-19,3703.110107421875,3728.580078125,3666.510009765625,3695.159912109375,4223800000,-0.0066720972934503076,-0.006694455239684375,3672.991491699219,3906.8876220703123,3707.585286569928,3804.813453373205,3541.1695300252327,263.6439233479723,53.353115833604264,0.018113033905376358,62.070068359375,118.1298828125,-88.1201171875,-0.057973923554889395
2022-10-20,3689.050048828125,3736.0,3656.43994140625,3665.780029296875,4496620000,-0.007950909706564868,-0.007982686738766696,3668.380993652344,3895.99841796875,3703.603833496304,3793.989422044491,3542.7725652601966,251.21685678429458,55.073159742534074,0.018103209778787228,79.56005859375,-4.1298828125,-78.739990234375,0.06459112647379128
2022-10-21,3657.10009765625,3757.889892578125,3647.419921875,3752.75,5078020000,0.02372481982226482,0.023447759860447268,3671.3569946289062,3886.908017578125,3708.2844207823705,3802.1573990584907,3540.556590199322,261.60080885916886,54.73859469919968,0.018492985931761588,110.469970703125,169.679931640625,113.090087890625,0.1292971165008383
2022-10-24,3762.010009765625,3810.739990234375,3741.64990234375,3797.340087890625,4747930000,0.011881976654619875,0.011811940205111494,3678.4719970703127,3877.2518212890627,3716.7659128879186,3820.531713275183,3536.4122808654424,284.1194324097405,50.44745565833038,0.018445725713262442,69.090087890625,119.39013671875,184.9501953125,-0.06500368253768196
2022-10-25,3799.43994140625,3862.85009765625,3799.43994140625,3859.110107421875,4843120000,0.016266654579669915,0.01613577001587496,3689.0630004882814,3868.491220703125,3730.3225028435336,3851.4621186069544,3526.6638823696085,324.7982362373459,54.921412676773144,0.018682440516489183,63.41015625,139.130126953125,270.27001953125,0.020048737028557806
2022-10-26,3825.969970703125,3886.14990234375,3824.070068359375,3830.60009765625,4817310000,-0.007387716072364547,-0.007415140398989885,3694.641003417969,3858.99921875,3739.872749968554,3868.6257844442143,3520.6562223917235,347.9695620524908,55.66197351373677,0.018388402971229907,62.079833984375,135.440185546875,253.570068359375,-0.005329209270057311
2022-10-27,3834.68994140625,3859.949951171875,3803.7900390625,3807.300048828125,4687320000,-0.006082610618211248,-0.006101185053184453,3702.9825073242187,3849.6644189453127,3746.2943974789896,3881.9572424512694,3524.007772197168,357.94947025410147,62.35191815635945,0.01770307450826868,56.159912109375,141.52001953125,137.39013671875,-0.026983939169370474
2022-10-28,3808.260009765625,3905.419921875,3808.260009765625,3901.06005859375,4459410000,0.024626377895927698,0.024328036770856338,3718.754504394531,3842.0108154296877,3761.0339842518238,3909.3974376394917,3528.1115711495704,381.2858664899213,69.37150687427156,0.017867099761209867,97.159912109375,148.31005859375,317.989990234375,-0.04862266711041707
2022-10-31,3881.85009765625,3893.72998046875,3863.179931640625,3871.97998046875,4820620000,-0.00745440410765752,-0.007482327030336412,3728.4320068359375,3834.8808154296876,3771.6002696058167,3929.8043261914663,3527.0596874804087,402.74463871105763,68.86040476312058,0.01730107095488705,30.550048828125,74.639892578125,194.030029296875,0.08099950441874593
2022-11-01,3901.7900390625,3911.7900390625,3843.800048828125,3856.10009765625,4481210000,-0.004101230608784645,-0.0041096637203590055,3731.6905151367187,3829.2430126953127,3779.6478722772868,3939.332487135767,3524.04854313767,415.28394399809713,68.48906042910718,0.016053254951239892,67.989990234375,-3.010009765625,136.1201171875,-0.07040795582310988
2022-11-02,3852.89990234375,3894.43994140625,3758.679931640625,3759.68994140625,4899000000,-0.02500198485734284,-0.025319843737482882,3730.5110107421874,3821.8622119140623,3777.7471169562355,3937.1848248511596,3523.837196633215,413.3476282179445,55.920447414067624,0.017069283177492588,135.760009765625,-70.91015625,64.530029296875,0.09323151559511822
2022-11-03,3733.25,3750.590087890625,3698.14990234375,3719.889892578125,4625290000,-0.010585992315429671,-0.010642422531956597,3729.279504394531,3813.444609375,3772.236905110701,3935.895361786827,3522.6636470022354,413.23171478459153,59.6192096516505,0.017080035810637866,52.440185546875,-87.41015625,54.10986328125,-0.05587058583384363
2022-11-04,3766.97998046875,3796.340087890625,3708.840087890625,3770.550048828125,5400180000,0.013618724670070526,0.013526823285563951,3735.824011230469,3804.8732080078125,3772.076252131408,3938.7463503396148,3532.901672121323,405.84467821829185,56.94194818933551,0.01601549065969932,87.5,-130.510009765625,17.800048828125,0.16753327899439818
2022-11-07,3780.7099609375,3813.949951171875,3764.699951171875,3806.800048828125,4341620000,0.009613981920559844,0.00956806167935914,3745.5445190429687,3799.8560107421877,3775.3832803882383,3942.096298985467,3548.9927391004703,393.1035598849967,56.56553534734389,0.015944703928773635,49.25,-65.179931640625,9.4599609375,-0.19602309552644537
2022-11-08,3817.02001953125,3859.39990234375,3786.280029296875,3828.110107421875,4607640000,0.005597892802462701,0.005582282828760321,3757.508020019531,3795.8060107421875,3780.4048829628705,3942.6981930977004,3572.317846941362,370.3803461563384,60.10766131936159,0.01580375624050296,73.119873046875,-27.989990234375,-31.0,0.06127205973807004
2022-11-09,3810.93994140625,3818.199951171875,3744.219970703125,3748.570068359375,4645010000,-0.02077788695478977,-0.020996784712303443,3766.0850219726562,3791.0542138671876,3777.3729958577755,3930.8428561075784,3601.327187837734,329.51566826984435,55.8481537102047,0.016651543147098404,73.97998046875,-11.119873046875,-82.030029296875,0.008110442656110273
2022-11-10,3859.889892578125,3958.330078125,3859.889892578125,3956.3701171875,5781260000,0.05543448436034493,0.05395251566479769,3780.4080322265627,3791.0816162109377,3794.4203407463206,3959.172933300561,3601.6431311525644,357.52980214799663,62.28609796611507,0.019838297311724207,98.440185546875,236.480224609375,149.070068359375,0.2446173420509321
2022-11-11,3963.719970703125,4001.47998046875,3944.820068359375,3992.929931640625,5593310000,0.009240746788147902,0.009198312304769028,3800.901025390625,3791.603212890625,3813.3260160695877,3978.380012841831,3623.4220379394187,354.9579749024124,61.91704881025269,0.018763093923557957,56.659912109375,222.3798828125,91.869873046875,-0.03251021403638654
2022-11-14,3977.969970703125,4008.969970703125,3956.39990234375,3957.25,4561930000,-0.008935777048800997,-0.008975940544918012,3814.8660278320312,3792.2630126953127,3827.0330621581984,3995.535465164088,3634.1965904999747,361.33887466411306,56.1758915597383,0.018355063417857607,52.570068359375,150.449951171875,85.27001953125,-0.18439528651192227
2022-11-15,4006.409912109375,4028.840087890625,3953.169921875,3991.72998046875,5015310000,0.008713116550319144,0.008675376414669186,3828.4535278320313,3793.9338134765626,3842.7184829496796,4019.644784605257,3637.2622710588057,382.38251354645126,60.0641985549988,0.018305852092264346,75.670166015625,163.619873046875,135.6298828125,0.09938337501890637
2022-11-16,3976.820068359375,3983.090087890625,3954.340087890625,3958.7900390625,4165320000,-0.008252046497990273,-0.008286283111873759,3841.6350341796874,3793.5122119140624,3853.7729168651863,4030.469316939907,3652.800751419468,377.6685655204392,59.34950088522244,0.018356254876002634,28.75,210.219970703125,199.10009765625,-0.16947905513318218
2022-11-17,3919.260009765625,3954.330078125,3906.5400390625,3946.56005859375,4051780000,-0.0030893228355314273,-0.0030941046442292835,3855.674035644531,3792.319814453125,3862.609787506002,4030.704704779551,3680.6433665095115,350.0613382700394,53.122340361369076,0.018226845496816923,47.7900390625,-9.81005859375,226.670166015625,-0.02725840991808548
2022-11-18,3966.389892578125,3979.889892578125,3935.97998046875,3965.340087890625,4037360000,0.00475858190881473,0.00474729564815821,3866.3035400390627,3790.2794140625,3872.3936256378706,4040.836481000584,3691.770599077541,349.065881923043,56.49850335067953,0.017621854922544665,43.909912109375,-27.58984375,194.7900390625,-0.003558929655608112
2022-11-21,3956.22998046875,3962.0,3933.340087890625,3949.93994140625,3850690000,-0.003883688698329779,-0.003891249800275618,3873.9335327148438,3787.070009765625,3879.778989044383,4049.113473088941,3698.7535923407463,350.3598807481949,56.536261586505205,0.017551596287487866,28.659912109375,-7.31005859375,143.139892578125,-0.046235658945449454
2022-11-22,3965.510009765625,4005.8798828125,3956.8798828125,4003.580078125,3887990000,0.013579987927526016,0.01348860626982839,3881.15703125,3788.4878125,3891.5695689568224,4065.441119061593,3696.8729434384068,368.5681756231861,68.0640543809094,0.017447564501816486,49.0,11.85009765625,175.469970703125,0.009686575652675167
2022-11-23,4000.300048828125,4033.780029296875,3998.659912109375,4027.260009765625,3279720000,0.0059146891478476515,0.0058972660417383116,3890.990026855469,3790.1128125,3904.49246808147,4084.6632674562334,3697.3167862547043,387.34648120152906,73.32271235170762,0.01732471775404801,35.1201171875,68.469970703125,278.68994140625,-0.1564484476554724
2022-11-25,4023.340087890625,4034.02001953125,4020.760009765625,4026.1201171875,1706460000,-0.0002830441976333642,-0.0002830842622024787,3901.9310302734375,3792.608212890625,3916.0760537106157,4100.362409035596,3703.499651511279,396.8627575243172,70.9679616220493,0.017219132653851207,13.260009765625,79.56005859375,69.75,-0.47969338845999043
2022-11-28,4005.360107421875,4012.27001953125,3955.77001953125,3963.93994140625,3615430000,-0.015444192913123267,-0.015564696794064813,3905.0750244140627,3794.42041015625,3920.634519205438,4105.431527652916,3704.7185211752094,400.7130064777066,62.36620703302869,0.016890672356235974,56.5,-1.400146484375,-28.989990234375,1.1186725736319634
2022-11-29,3964.18994140625,3976.77001953125,3937.64990234375,3957.6298828125,3546040000,-0.0015918653377758885,-0.0015931337016243704,3909.35751953125,3795.5752099609376,3924.1578871680153,4110.395822125264,3708.3192169372364,402.07660518802777,60.43907996670596,0.01678800923079685,39.1201171875,7.68994140625,0.3798828125,-0.01919273779329156
2022-11-30,3957.179931640625,4080.110107421875,3938.580078125,4080.110107421875,6579360000,0.030947872397389053,0.030478643521294944,3920.5580200195313,3800.0588134765626,3939.010479573145,4133.699418519882,3707.416621519181,426.28279700070107,74.99170003216928,0.01798899959589601,141.530029296875,76.530029296875,88.380126953125,0.85541054246427
2022-12-01,4087.139892578125,4100.509765625,4050.8701171875,4076.570068359375,4527130000,-0.0008676332180498347,-0.0008680098296065889,3936.4020263671873,3805.7916162109377,3952.111392790881,4146.278950001431,3726.5251027329437,419.7538472684878,63.092527559143065,0.016782242435898907,49.6396484375,49.31005859375,117.780029296875,-0.31191939641545685
2022-12-02,4040.169921875,4080.47998046875,4026.6298828125,4071.699951171875,4012620000,-0.001194660488065602,-0.001195374663761461,3953.992529296875,3812.0658154296875,3963.5007793033565,4145.644100817202,3762.3409577765483,383.30314304065405,59.216088865123275,0.016475771903343168,53.85009765625,45.579833984375,125.139892578125,-0.11365037010202927
2022-12-05,4052.02001953125,4052.449951171875,3984.489990234375,3998.840087890625,4280820000,-0.017894212283564803,-0.01805624963097222,3965.40703125,3818.178017578125,3966.866427740239,4137.22295838932,3793.5911041106788,343.63185427864164,54.47657218598457,0.017069571829067813,67.9599609375,34.900146484375,33.5,0.06683912256829694
2022-12-06,3996.6298828125,4001.510009765625,3918.389892578125,3941.260009765625,4368380000,-0.014399194981406072,-0.014503869422986057,3972.130029296875,3823.9024169921877,3964.4277212664665,4127.555635537738,3816.704423056012,310.85121248172663,44.824979284897125,0.01742654042006669,83.1201171875,-16.369873046875,-8.679931640625,0.020454025163403333
2022-12-07,3933.280029296875,3957.570068359375,3922.679931640625,3933.919921875,4118050000,-0.0018623708845491027,-0.001864107253381664,3977.420520019531,3829.6350146484374,3961.5222165625173,4118.771002064727,3836.070037974335,282.7009640903925,47.308608078931435,0.01742258400408802,34.89013671875,-146.190185546875,-69.66015625,-0.057304996360206806
2022-12-08,3947.7900390625,3974.18994140625,3935.830078125,3963.510009765625,4006900000,0.00752178195750397,0.007493634413933237,3988.167517089844,3834.5244140625,3961.7115302009083,4080.4095537774565,3895.925480402231,184.4840733752253,51.7678633723521,0.016649600669402517,38.35986328125,-113.06005859375,-63.75,-0.026990930173261596
2022-12-09,3954.169921875,3977.02001953125,3933.0400390625,3934.3798828125,3888260000,-0.007349578247904498,-0.0073767194642132125,3987.068005371094,3840.4026123046874,3959.108516163917,4081.4063380037096,3892.7296727384783,188.67666526523135,46.839124437494114,0.011280302556831481,43.97998046875,-137.320068359375,-91.740234375,-0.029608924605056264
2022-12-12,3939.2900390625,3990.7099609375,3935.300048828125,3990.56005859375,3904130000,0.014279296218109305,0.01417830729965003,3986.94951171875,3848.5014111328123,3962.1039011572348,4081.2627928170377,3892.636230620462,188.62656219657583,53.8283232413597,0.011555584420457591,55.409912109375,-8.280029296875,26.6201171875,0.004081517182492833
2022-12-13,4069.3798828125,4100.9599609375,3993.030029296875,4019.64990234375,5079360000,0.0072896644387934195,0.007263223255457212,3990.0695068359373,3855.325810546875,3967.5844726988075,4084.374491768434,3895.7645219034407,188.60996986499322,51.588019239009185,0.01146193587971651,107.929931640625,78.389892578125,62.02001953125,0.3010222507959519
2022-12-14,4015.5400390625,4053.760009765625,3965.64990234375,3995.320068359375,4472340000,-0.006052724634100337,-0.006071116623835963,3990.2490112304686,3859.41361328125,3970.225957999814,4084.5809672568616,3895.9170552040755,188.66391205278615,46.847745525796604,0.011403838877023125,88.110107421875,61.400146484375,-84.7900390625,-0.11950718200718202
2022-12-15,3958.3701171875,3958.3701171875,3879.449951171875,3895.75,4493900000,-0.024921675023714007,-0.02523747790182607,3987.0970092773437,3861.6630126953123,3963.1330096188794,4089.704748827747,3884.48926972694,205.215479100807,39.22651443254376,0.012593961094759515,78.920166015625,-67.760009765625,-180.820068359375,0.00482074260901455
2022-12-16,3890.909912109375,3890.909912109375,3827.909912109375,3852.360107421875,7493660000,-0.011137750774080746,-0.011200239946011676,3982.38701171875,3863.819814453125,3952.583209409641,4100.331477540284,3864.4425458972155,235.88893164306864,40.483766656963674,0.01280031193096413,63.0,-82.019775390625,-219.33984375,0.6675181913260197
2022-12-19,3853.7900390625,3854.860107421875,3800.0400390625,3817.659912109375,3969610000,-0.009007516001852345,-0.0090483289411038,3975.0030029296877,3867.379814453125,3939.7333715715204,4114.045373490402,3835.960632368973,278.08474112142903,38.613859419790764,0.01283709487562856,54.820068359375,-172.900146484375,-181.18017578125,-0.47027086897457315
2022-12-20,3810.469970703125,3838.239990234375,3795.6201171875,3821.6201171875,3985370000,0.0010373383615349674,0.001036800697890769,3968.58701171875,3871.5644189453124,3928.484490201614,4123.442164802783,3813.7318586347174,309.7103061680655,23.94940139782919,0.012842574317711257,42.619873046875,-198.02978515625,-119.639892578125,0.003970163315791808
2022-12-21,3839.489990234375,3889.820068359375,3839.489990234375,3878.43994140625,3775200000,0.014867993802734736,0.014758548669054294,3962.3300048828123,3877.356416015625,3923.7183426972933,4121.29013856269,3803.3698712029345,317.9202673597556,31.968840887225966,0.012925514862381464,50.330078125,-116.880126953125,-55.47998046875,-0.05273537965107378
2022-12-22,3853.260009765625,3853.260009765625,3764.489990234375,3822.389892578125,3956950000,-0.01445169956861636,-0.014557142498145655,3952.0864990234377,3882.26361328125,3914.0680141145153,4119.602896162525,3784.57010188435,335.03279427817506,29.244582763215547,0.01311093997166293,88.77001953125,-73.360107421875,-141.1201171875,0.0481431447340539
2022-12-23,3815.110107421875,3845.800048828125,3797.010009765625,3844.820068359375,2819280000,0.005868102525282026,0.005850952271915072,3943.0214965820314,3885.76181640625,3907.472971661645,4113.2689362371775,3772.774056926886,340.4948793102917,36.00226851354673,0.01323785020464739,48.7900390625,-7.5400390625,-89.559814453125,-0.2875118462452141
2022-12-27,3843.340087890625,3846.64990234375,3813.219970703125,3829.25,3030300000,-0.004049622110409712,-0.004057844034659477,3936.286999511719,3890.6854150390627,3900.023164836726,4113.561220010108,3759.0127790133297,354.548440996778,38.97866084362095,0.01287900612712785,33.429931640625,11.590087890625,-161.31005859375,0.07484889759087432
2022-12-28,3829.56005859375,3848.320068359375,3780.780029296875,3783.219970703125,3083520000,-0.012020638322615351,-0.012093470442948605,3927.56650390625,3892.7908154296874,3888.8990511097168,4117.151793543134,3737.9812142693663,379.17057927376754,36.22085140180699,0.013086048960773068,67.5400390625,-38.400146484375,-236.429931640625,0.017562617562617566
2022-12-29,3805.449951171875,3858.18994140625,3805.449951171875,3849.280029296875,3003680000,0.01746133164481911,0.01731063431499432,3916.025,3895.37681640625,3885.125810937065,4094.2751846794363,3737.774815320564,356.5003693588724,40.208476335571135,0.011546596631529323,52.739990234375,-29.159912109375,-146.0400390625,-0.02589248650892484
2022-12-30,3829.06005859375,3839.85009765625,3800.340087890625,3839.5,2979870000,-0.0025407424823445934,-0.002543975646110833,3904.171496582031,3898.2636181640623,3880.7804956097257,4068.4521328446813,3739.890860319381,328.5612725253004,41.58807298065526,0.011537580075628712,39.510009765625,17.110107421875,-56.25,-0.007926942949981308
2023-01-03,3853.2900390625,3878.4599609375,3794.330078125,3824.139892578125,3959140000,-0.004000548879248611,-0.004008572481273608,3891.793493652344,3901.4308154296873,3875.386152463859,4039.3836664839637,3744.203320820724,295.1803456632397,34.094119656540116,0.011532454084704859,84.1298828125,-20.68017578125,-28.22021484375,0.32862843009929965
2023-01-04,3840.360107421875,3873.159912109375,3815.77001953125,3852.969970703125,4414080000,0.007538970575044379,0.007510694562138916,3884.4999877929686,3903.43521484375,3873.2512780104557,4024.012649995123,3744.987325590814,279.0253244043088,34.061377799795395,0.011209273403812668,57.389892578125,23.719970703125,35.31005859375,0.11490879332380266
2023-01-05,3839.739990234375,3839.739990234375,3802.419921875,3808.10009765625,3893450000,-0.011645528874622113,-0.011713869136457158,3877.8419921875,3903.6504150390624,3867.0464036910075,4018.652902241707,3737.0310821332932,281.6218201084139,32.7739367999026,0.011062274903372101,37.320068359375,24.880126953125,-13.52001953125,-0.11794756778309412
2023-01-06,3823.3701171875,3906.18994140625,3809.56005859375,3895.080078125,3923560000,0.02284078102943865,0.02258383558903089,3875.9,3904.369814453125,3869.716277446626,4014.508592875214,3737.291407124786,277.21718575042814,49.93689870955101,0.012343291661320926,96.6298828125,45.800048828125,16.64013671875,0.007733501136524268
2023-01-09,3910.820068359375,3950.570068359375,3890.419921875,3892.090087890625,4311770000,-0.0007676325452631305,-0.0007679273259905782,3872.32900390625,3905.5996142578124,3871.847116536531,4004.98621111202,3739.6717967004797,265.3144144115404,54.05051961266505,0.01220080463778609,60.150146484375,52.590087890625,69.7001953125,0.09894330658891426
2023-01-10,3888.570068359375,3919.830078125,3877.2900390625,3919.25,3851030000,0.006978233159061986,0.006953997970593733,3871.572509765625,3907.83861328125,3876.361676866385,4002.905763738674,3740.239255792576,262.66650794609814,60.51895957316756,0.012218977269533218,42.5400390625,95.110107421875,74.429931640625,-0.10685634901676111
2023-01-11,3932.35009765625,3970.070068359375,3928.5400390625,3969.610107421875,4303360000,0.012849424614881588,0.012767571192293676,3870.525012207031,3909.2096142578125,3885.242479776432,3998.1440182584215,3742.9060061556406,255.23801210278089,63.98004034183082,0.012134170557545261,41.530029296875,116.64013671875,140.360107421875,0.11745688815719424
2023-01-12,3977.570068359375,3997.760009765625,3937.56005859375,3983.169921875,4440260000,0.0034159058663651987,0.0034100849120427303,3868.7010131835937,3911.4334130859374,3894.5689028334386,3988.125514080189,3749.2765122869982,238.84900179319084,60.7740182240127,0.012038984480987391,60.199951171875,175.06982421875,199.949951171875,0.031812351279000506
2023-01-13,3960.60009765625,4003.949951171875,3947.669921875,3999.090087890625,3939700000,0.003996858363534361,0.003988892144656051,3868.889514160156,3914.293212890625,3904.5233014103137,3989.164391648428,3748.614636671884,240.54975497654414,69.81386415302605,0.011999718987160981,56.280029296875,104.010009765625,149.81005859375,-0.11273213730727483
2023-01-17,3999.280029296875,4015.389892578125,3984.570068359375,3990.969970703125,4235560000,-0.0020304911890052235,-0.002032555430996314,3873.6505126953125,3918.9188134765627,3912.7563175334385,4005.3939070285,3741.907118362125,263.4867886663751,66.9315542421798,0.010481595551292754,30.81982421875,98.8798828125,151.469970703125,0.075097088610808
2023-01-18,4002.25,4014.159912109375,3926.590087890625,3928.860107421875,4298710000,-0.015562598500411085,-0.015684966977744675,3877.4755126953123,3923.0982177734377,3914.2900118085277,4011.0457069419926,3743.905318448632,267.14038849336066,60.41663156185518,0.01079895442848869,87.56982421875,9.610107421875,104.72021484375,0.014909480682601561
2023-01-19,3911.840087890625,3922.93994140625,3885.5400390625,3898.85009765625,3991500000,-0.007638350296294338,-0.007667671901812428,3881.535021972656,3925.66421875,3912.819543794025,4012.357609154119,3750.712434791193,261.6451743629259,62.51110126093418,0.010736071506500204,37.39990234375,-70.760009765625,45.880126953125,-0.07146562573423187
2023-01-20,3909.0400390625,3972.9599609375,3897.860107421875,3972.610107421875,4013360000,0.018918401045981525,0.01874167355235196,3889.084521484375,3928.980419921875,3918.5138831871536,4022.74480237878,3755.4242405899695,267.32056178881066,63.125525504302246,0.011450679727426142,75.099853515625,-10.559814453125,164.510009765625,0.005476637855442723
2023-01-23,3978.139892578125,4039.31005859375,3971.639892578125,4019.81005859375,3945210000,0.01188134498366522,0.011811315951328555,3896.15302734375,3932.8144189453124,3928.161137987782,4041.8532742369252,3750.452780450575,291.4004937863501,67.77399459187318,0.011292431970074249,67.670166015625,20.719970703125,124.72998046875,-0.01698078418083604
2023-01-24,4001.739990234375,4023.919921875,3989.7900390625,4016.949951171875,3320430000,-0.0007115031258156934,-0.0007117563642918193,3905.8810302734373,3938.1820166015623,3936.617215433886,4056.733963307299,3755.028097239576,301.70586606772304,69.48639320494232,0.010647907114489102,34.1298828125,25.97998046875,124.85986328125,-0.15836419354102826
2023-01-25,3982.7099609375,4019.550048828125,3949.06005859375,4016.219970703125,3724020000,-0.0001817250594663422,-0.00018174157346566321,3914.451025390625,3939.379013671875,3944.198430221433,4070.0965264854067,3758.8055242958435,311.2910021895632,67.49245022801044,0.010634281753737086,70.489990234375,87.35986328125,96.969970703125,0.12154751041280787
2023-01-26,4036.080078125,4061.570068359375,4013.2900390625,4060.429931640625,3809590000,0.011007853469181317,0.010947708029114303,3926.0100219726564,3940.729013671875,3955.2680970232605,4089.1693873055024,3762.8506566398105,326.3187306656919,77.07576129891183,0.01069863035085135,48.280029296875,161.579833984375,90.81982421875,0.022977857261776258
2023-01-27,4053.719970703125,4094.2099609375,4048.699951171875,4070.56005859375,3907760000,0.002494840970949097,0.002491734021703855,3940.3770263671877,3942.99521484375,3966.2482838394976,4101.182332574012,3779.571720160363,321.6106124136495,72.5483048444131,0.010102525907455927,45.510009765625,97.949951171875,87.39013671875,0.025769177260545062
2023-01-30,4049.27001953125,4063.85009765625,4015.550048828125,4017.77001953125,3802000000,-0.012968740984683369,-0.013053569315292663,3948.8015258789064,3943.516015625,3971.1551158101406,4107.147392871979,3790.4556588858345,316.6917339861443,64.31694660802518,0.010214180957091186,48.300048828125,-2.0400390625,18.679931640625,-0.027064098102237644
2023-01-31,4020.85009765625,4077.159912109375,4020.43994140625,4076.60009765625,4679320000,0.014642470285510134,0.014536304416419527,3960.656530761719,3945.872216796875,3981.19749503358,4120.045854279181,3801.2672072442565,318.7786470349247,66.71837338615373,0.010513281983911658,56.719970703125,59.650146484375,85.630126953125,0.23075223566543923
2023-02-01,4070.070068359375,4148.9501953125,4037.199951171875,4119.2099609375,4856930000,0.010452303944590291,0.01039805629688473,3975.4100341796875,3949.32521484375,3994.341539405382,4136.212380065566,3814.6076882938087,321.60469177175764,66.16107349272838,0.010499645868750062,111.750244140625,102.989990234375,190.349853515625,0.0379563697289349
2023-02-02,4158.68017578125,4195.43994140625,4141.8798828125,4179.759765625,5624360000,0.014699373244309921,0.014592384626854379,3991.7495239257814,3953.6136083984375,4012.0004180929645,4166.015073678711,3817.4839741728515,348.5310995058594,69.27993778564397,0.010753730921855541,53.56005859375,119.329833984375,280.90966796875,0.15800721855163657
2023-02-03,4136.68994140625,4182.35986328125,4123.35986328125,4136.47998046875,4694510000,-0.010354610691310495,-0.010408592637285455,4008.1685180664062,3957.3444091796873,4023.855614509706,4171.088204192968,3845.2488319398444,325.83937225312366,62.78783763700792,0.010657480605312361,59.0,65.919921875,163.869873046875,-0.16532547703205347
2023-02-06,4119.56982421875,4124.6298828125,4093.3798828125,4111.080078125,4114240000,-0.006140463017754394,-0.006159393193939262,4018.9685180664064,3959.4944091796874,4032.162706282591,4178.933914687252,3859.003121445561,319.9307932416905,60.83108369618869,0.009935044485947392,31.25,93.31005859375,91.27001953125,-0.1236060845540855
2023-02-07,4105.35009765625,4176.5400390625,4088.389892578125,4164.0,4355860000,0.01287251059802652,0.012790364037397075,4032.564013671875,3962.229208984375,4044.7186390175825,4193.342811203156,3871.7852161405935,321.55759506256254,71.56140794684492,0.010146847933630286,88.150146484375,87.39990234375,147.050048828125,0.05872773586373192
2023-02-08,4153.47021484375,4156.85009765625,4111.669921875,4117.85986328125,4029820000,-0.011080724476164705,-0.011142573012411353,4042.4945068359375,3964.06400390625,4051.6844698998366,4198.2606443766335,3886.7283692952415,311.5322750813921,69.50534325650327,0.010607630811836511,45.18017578125,-1.35009765625,101.639892578125,-0.0748508905244889
2023-02-09,4144.25,4156.22998046875,4069.669921875,4081.5,4270200000,-0.00882979617773516,-0.008869009831037385,4048.089001464844,3966.415205078125,4054.52404419509,4200.841295641165,3895.336707288523,305.5045883526418,60.39006812983759,0.010605082207596277,86.56005859375,-98.259765625,21.070068359375,0.05965030696160123
2023-02-10,4068.919921875,4094.360107421875,4060.7900390625,4090.4599609375,3891520000,0.0021952617756952897,0.0021928557092171274,4053.453503417969,3969.071806640625,4057.946512456272,4204.127955360841,3902.7790514750964,301.3489038857447,57.271956946532974,0.010596646529844201,33.570068359375,-46.02001953125,19.89990234375,-0.08867968713409213
2023-02-13,4096.6201171875,4138.89990234375,4092.669921875,4137.2900390625,3448620000,0.011448609342766147,0.011383569951155146,4060.3635009765626,3970.2154052734377,4065.503038799722,4213.200860118637,3907.526141834488,305.6747182841491,61.35842120956967,0.01082199415291865,46.22998046875,26.2099609375,119.52001953125,-0.11381156977222273
2023-02-14,4126.7001953125,4159.77001953125,4095.010009765625,4136.1298828125,3929200000,-0.0002804145319874607,-0.0002804538554937624,4067.6214965820313,3971.4066015625,4072.229404896177,4220.370337376155,3914.872655787908,305.49768158824645,61.30863543741294,0.010796814777975042,64.760009765625,-27.8701171875,59.52978515625,0.13935429244161424
2023-02-15,4119.5,4148.10986328125,4103.97998046875,4147.60009765625,4075980000,0.002773175690496066,0.002769337533076689,4078.55849609375,3972.9246044921874,4079.407566111422,4220.409035725398,3936.7079564621017,283.7010792632964,58.76205476097107,0.009989325623309725,44.1298828125,29.740234375,28.39013671875,0.03735620482540969
2023-02-16,4114.75,4136.5400390625,4089.489990234375,4090.409912109375,4143660000,-0.013788741489130674,-0.013884689204881605,4088.1364868164064,3974.7560009765625,4080.4554085874174,4202.00443761209,3974.268536020722,227.73590159136847,51.822793244287254,0.010412011230966764,47.050048828125,8.909912109375,-89.349853515625,0.016604595704591274
2023-02-17,4077.389892578125,4081.510009765625,4047.949951171875,4079.090087890625,4045480000,-0.002767405825327751,-0.0027712421722827342,4093.460485839844,3977.5126025390623,4080.325378044866,4193.730297871312,3993.190673808375,200.5396240629375,56.095194598637434,0.009712705035383086,33.56005859375,-11.369873046875,-57.389892578125,-0.023694028950251744
2023-02-21,4052.35009765625,4052.35009765625,3995.18994140625,3997.340087890625,4121590000,-0.020041234255327334,-0.020244783973471698,4092.3369873046877,3978.781005859375,4072.4220170777953,4196.509079447942,3988.164895161433,208.34418428650906,42.46491468720654,0.010486281842979938,57.16015625,-139.949951171875,-113.739990234375,0.01881358948752676
2023-02-22,4001.830078125,4017.3701171875,3976.89990234375,3991.050048828125,4079320000,-0.0015735561458868341,-0.0015747954856433837,4091.0419921875,3979.331806640625,4064.672305815922,4199.707065406598,3982.3769189684017,217.3301464381966,36.912304916072586,0.010490145023940854,40.47021484375,-145.079833984375,-172.949951171875,-0.01025575081461283
2023-02-23,4018.60009765625,4028.300048828125,3969.18994140625,4012.320068359375,3952940000,0.005329429416074394,0.005315278263237728,4090.8469970703127,3980.8906103515624,4059.686378439108,4200.089857450689,3981.6041366899362,218.48572076075288,31.409638874266577,0.010564733953741117,59.110107421875,-135.280029296875,-105.539794921875,-0.030980653638351452
2023-02-24,3973.239990234375,3978.25,3943.080078125,3970.0400390625,3877700000,-0.010537551485558128,-0.010593464619774184,4086.327502441406,3980.4802099609374,4051.148631831812,4207.677035595275,3964.9779692875377,242.6990663077372,31.479523476798136,0.010481837949201989,35.169921875,-120.369873046875,-111.4599609375,-0.019033934236289962
2023-02-27,3992.360107421875,4018.050048828125,3973.550048828125,3982.239990234375,3836950000,0.0030730045671669703,0.0030682925395522777,4081.9114990234375,3979.73201171875,4044.5859040606274,4211.804325187612,3952.018672859263,259.78565232834944,35.229516281345326,0.010492986344932736,44.5,-96.85009765625,-108.219970703125,-0.010508806766897916
2023-02-28,3977.18994140625,3997.5,3968.97998046875,3970.14990234375,5043400000,-0.0030360018281855305,-0.0030406198309477117,4079.5304931640626,3979.2286083984377,4037.4967610399726,4215.955399205716,3943.1055871224085,272.8498120833078,25.481289433248193,0.010127568587403107,28.52001953125,-27.190185546875,-167.14013671875,0.3144294296250929
2023-03-01,3963.340087890625,3971.72998046875,3939.050048828125,3951.389892578125,4249480000,-0.004725264845680033,-0.004736464203492832,4073.269982910156,3980.34140625,4029.2961069007492,4221.262431311496,3925.277534508817,295.9848968026786,27.377520084032113,0.009505564158163263,32.679931640625,-39.66015625,-184.739990234375,-0.157417615100924
2023-03-02,3938.679931640625,3990.840087890625,3928.159912109375,3981.35009765625,4244900000,0.0075821940867943916,0.0075535937311959735,4066.376989746094,3982.9212060546874,4024.729820306035,4218.153764442496,3914.6002150496915,303.5535493928046,36.14918660480947,0.009335519261106538,62.68017578125,-30.969970703125,-166.25,-0.0010777789282453432
2023-03-03,3998.02001953125,4048.2900390625,3995.169921875,4045.639892578125,4084730000,0.0161477371607488,0.01601874917648306,4059.67099609375,3987.4808056640627,4026.72125576052,4201.906431509486,3917.4355606780146,284.4708708314711,44.62409390316968,0.009473690500654358,53.1201171875,75.599853515625,-44.77001953125,-0.03773233762868389
2023-03-06,4055.14990234375,4078.489990234375,4044.610107421875,4048.419921875,4000870000,0.0006871667698291617,0.0006869307788483012,4055.2679931640623,3992.0168017578126,4028.7877953904704,4192.868561983208,3917.667424344917,275.2011376382907,38.08106182450663,0.009255051018508275,33.8798828125,66.179931640625,-30.670166015625,-0.020530120717893174
2023-03-07,4048.260009765625,4050.0,3980.31005859375,3986.3701171875,3922500000,-0.015326919115337678,-0.015445590479262547,4049.0324951171874,3994.1754052734377,4024.748016513997,4187.28505068924,3910.7799395451348,276.5051111441053,32.734643972538265,0.009737189581825215,69.68994140625,16.22021484375,-10.969970703125,-0.019588239557896125
2023-03-08,3987.550048828125,4000.409912109375,3969.760009765625,3992.010009765625,3535570000,0.0014147940136839399,0.0014137941356032722,4040.432995605469,3997.5678076171876,4021.63011110939,4169.678101101813,3911.1878901091254,258.4902109926875,31.818059918233672,0.009167868791374916,30.64990234375,40.6201171875,0.9599609375,-0.09864372211599748
2023-03-09,3998.659912109375,4017.81005859375,3908.699951171875,3918.320068359375,4445260000,-0.01845935787384867,-0.018631857945482354,4030.456005859375,3999.0378076171874,4011.7910594189125,4165.223839617066,3895.688172101684,269.5356675153821,30.636633046505253,0.00968365219774771,109.110107421875,-63.030029296875,-94.0,0.25729656038488846
2023-03-10,3912.77001953125,3934.050048828125,3846.320068359375,3861.590087890625,5518190000,-0.01447813845705137,-0.01458396943606664,4019.4605102539062,3999.684609375,3997.486204987647,4171.473974523338,3867.4470459844742,304.026928538864,27.796143635183626,0.009958412089544767,87.72998046875,-184.0498046875,-108.449951171875,0.24136495952992632
2023-03-13,3835.1201171875,3905.050048828125,3808.860107421875,3855.760009765625,6558020000,-0.001509761003189447,-0.001510901840738768,4007.7255126953123,4001.13541015625,3983.988472109359,4172.372613313835,3843.07841207679,329.2942012370454,32.89516685642148,0.009896468284539375,96.18994140625,-192.659912109375,-126.47998046875,0.18843678814973752
2023-03-14,3894.010009765625,3937.2900390625,3873.6298828125,3919.2900390625,5665870000,0.016476655480623936,0.016342388235363665,3996.8255126953127,4002.5356103515624,3977.8267165810867,4154.0540344675965,3839.5969909230284,314.457043544568,42.383779231716005,0.010334418833902367,63.66015625,-67.080078125,-50.85986328125,-0.13603953632346344
2023-03-15,3876.739990234375,3894.260009765625,3838.239990234375,3891.929931640625,6594010000,-0.00698088356543769,-0.007005363929353597,3984.615515136719,4003.584208984375,3969.6460703962807,4134.028072110777,3835.2029581626603,298.8251139481172,37.38551190287378,0.010362061149350984,56.02001953125,-100.080078125,-59.4599609375,0.1638124418668272
2023-03-16,3878.929931640625,3964.4599609375,3864.110107421875,3960.280029296875,5695790000,0.017562006217166637,0.017409576249031722,3975.24951171875,4006.30701171875,3968.7540664820517,4103.651294124593,3846.8477293129076,256.8035648116852,49.03032134719284,0.011281613931881236,100.349853515625,41.9599609375,-21.070068359375,-0.1362175671556458
2023-03-17,3958.68994140625,3958.909912109375,3901.27001953125,3916.639892578125,9354280000,-0.011019457310067593,-0.011080621273953702,3966.5610107421876,4007.58041015625,3963.790811824535,4085.305941135489,3847.8160803488863,237.48986078660255,43.865712203647995,0.011148720683564695,57.639892578125,55.0498046875,-129.0,0.6423147623068968
2023-03-20,3917.469970703125,3956.6201171875,3916.889892578125,3951.570068359375,5347140000,0.008918403718310097,0.008878869635940853,3960.185009765625,4010.4498095703125,3962.62693149452,4066.5365323861615,3853.833487145089,212.7030452410727,48.33376757302342,0.011415434346100628,39.730224609375,95.81005859375,-96.849853515625,-0.42837503260539556
2023-03-21,3975.889892578125,4009.080078125,3971.18994140625,4002.8701171875,4920240000,0.012982193897784988,0.012898647518559103,3960.4615112304687,4012.6056103515625,3966.4596158462323,4067.247632674021,3853.675389786916,213.57224288710495,54.362137040235105,0.010976051213016902,37.89013671875,83.580078125,16.5,-0.07983707178042843
2023-03-22,4002.0400390625,4039.489990234375,3936.169921875,3936.969970703125,4533010000,-0.01646322377571363,-0.016600248639842885,3957.7575073242188,4013.5032080078126,3963.6510782135556,4064.019864706443,3851.4951499419944,212.52471476444862,46.45537616523651,0.011585469609453237,103.320068359375,45.0400390625,-55.0400390625,-0.07870144545794511
2023-03-23,3959.2099609375,4007.659912109375,3919.050048828125,3948.719970703125,4991600000,0.0029845287333754023,0.0029800838691824228,3954.577502441406,4014.092607421875,3962.229067974467,4057.7257107973023,3851.42929408551,206.29641671179252,41.549849806894585,0.011533862471361305,88.60986328125,-11.56005859375,30.39990234375,0.10116677439493849
2023-03-24,3939.2099609375,3972.739990234375,3909.159912109375,3970.989990234375,4583970000,0.005639807253104534,0.005623963084303207,3954.625,4014.120205078125,3963.0634415230297,4057.8040582687595,3851.4459417312405,206.35811653751898,43.47101272353053,0.011376442027284214,63.580078125,54.35009765625,109.39990234375,-0.08166319416619916
2023-03-27,3982.929931640625,4003.830078125,3970.489990234375,3977.530029296875,4233540000,0.0016469543057482383,0.0016455995637670831,3954.389501953125,4014.0074072265625,3964.4412117872057,4057.3243861272094,3851.4546177790407,205.8697683481687,49.17760610219043,0.011361111433475091,33.340087890625,25.9599609375,121.77001953125,-0.07644683538504837
2023-03-28,3974.1298828125,3979.199951171875,3951.530029296875,3971.27001953125,4014600000,-0.0015738434957162095,-0.0015750832883878866,3954.4455078125,4013.451005859375,3965.0915744294957,4057.4177097075385,3851.473305917462,205.94440379007665,48.07278109274181,0.011345225374703049,27.669921875,-31.60009765625,51.97998046875,-0.05171558553834377
2023-03-29,3999.530029296875,4030.590087890625,3999.530029296875,4027.81005859375,4145250000,0.014237268879836451,0.014136870775046802,3958.2665161132813,4014.1878076171874,3971.06476339752,4066.3080009946048,3850.225031231958,216.08296976264683,60.50907025386963,0.011709434940760122,31.06005859375,90.840087890625,135.880126953125,0.03254371543864898
2023-03-30,4046.739990234375,4057.85009765625,4032.10009765625,4050.830078125,3930860000,0.005715269388667954,0.005698999199482652,3961.740515136719,4016.62720703125,3978.6614600382322,4077.125782420413,3846.3552478530246,230.7705345673885,69.42034628195125,0.011661741491349867,25.75,102.110107421875,90.550048828125,-0.051719437910861865
2023-03-31,4056.179931640625,4110.75,4056.179931640625,4109.31005859375,4525120000,0.014436542471763847,0.014333327782036555,3964.9240234375,4020.83640625,3991.104183710186,4092.883992237906,3836.9640546370943,255.91993760081186,73.48247261466162,0.011549957938058871,54.570068359375,138.320068359375,192.670166015625,0.15117811369522194
2023-04-03,4102.2001953125,4127.66015625,4098.7900390625,4124.509765625,4234700000,0.0036988464765423945,0.003692022565802823,3968.728515625,4023.8743994140623,4003.809477225883,4110.8788367351835,3826.578194514817,284.3006422203666,70.87515831822584,0.011567418095236304,28.8701171875,146.979736328125,172.939697265625,-0.064179513471466
2023-04-04,4128.02978515625,4133.1298828125,4086.8701171875,4100.60009765625,4227800000,-0.005796972083329965,-0.005813839745162529,3974.4400146484377,4025.4902001953124,4013.0276315525844,4128.274070237774,3820.605959059101,307.6681111786729,71.37619377986482,0.011044125149606981,46.259765625,129.330078125,97.72998046875,-0.0016293952346092544
2023-04-05,4094.5,4099.68994140625,4072.56005859375,4090.3798828125,3968020000,-0.002492370531228194,-0.002495481657121423,3979.358508300781,4026.958798828125,4020.3945126249573,4141.617476643216,3817.099539958346,324.5179366848697,65.12929010395106,0.011079681976982144,27.1298828125,62.56982421875,153.409912109375,-0.061445669142343506
2023-04-06,4081.14990234375,4107.31982421875,4069.840087890625,4105.02001953125,3486690000,0.0035791630944272956,0.0035727731328032467,3988.693505859375,4028.7347998046876,4028.4540847112708,4157.516148080971,3819.870863637779,337.64528444319194,73.49112512505076,0.010062837421876563,37.479736328125,54.18994140625,156.300048828125,-0.12130231198431463
2023-04-10,4085.199951171875,4109.5,4072.550048828125,4109.10986328125,3423650000,0.0009963029974375814,0.0009958070170100843,4001.0694946289063,4029.7083984375,4036.135587432221,4166.924009072758,3835.2149801850546,331.7090288877034,71.2822664215497,0.009261565691846772,36.949951171875,-0.2001953125,138.119873046875,-0.018080184931840826
2023-04-11,4110.2900390625,4124.259765625,4102.60986328125,4108.93994140625,3665830000,-4.1352477946232646e-05,-4.135333298352082e-05,4013.7284912109376,4030.47599609375,4043.0693354297478,4171.327484544693,3856.1294978771825,315.1979866675106,66.62589871894761,0.009228426999033378,21.64990234375,-15.56982421875,131.409912109375,0.07073737093452892
2023-04-12,4121.72021484375,4134.3701171875,4086.93994140625,4091.949951171875,3633120000,-0.004134884052006904,-0.0041434563234613855,4022.3614868164063,4031.9595947265625,4047.724632167093,4177.068174397409,3867.6547992354035,309.41337516200565,78.6915387716656,0.008812208072984183,47.43017578125,-8.650146484375,120.679931640625,-0.008922945144755778
2023-04-13,4100.0400390625,4150.259765625,4099.39990234375,4146.22021484375,3596590000,0.01326268999363811,0.013175510497831548,4035.0760009765627,4033.3519970703123,4057.105163850584,4186.4087974583645,3883.743204494761,302.66559296360356,81.58994508785864,0.008865259098907615,50.85986328125,55.84033203125,118.41015625,-0.010054718809177743
2023-04-14,4140.10986328125,4163.18994140625,4113.2001953125,4137.64013671875,3575690000,-0.0020693734728036706,-0.0020715175845779886,4043.9440063476563,4033.7206005859375,4064.7751612665998,4197.590769245758,3890.2972434495555,307.2935257962022,77.8763165310148,0.0082582135981184,49.98974609375,32.6201171875,86.81005859375,-0.00581105992064701
2023-04-17,4137.169921875,4151.72021484375,4123.18017578125,4151.31982421875,3611180000,0.00330615690296554,0.0033007035826147536,4055.6780029296874,4033.1518017578123,4073.0175101191853,4204.146891872196,3907.209113987179,296.93777788501666,78.392426803576,0.00764765712806901,28.5400390625,42.2099609375,42.009765625,0.009925357063951257
2023-04-18,4164.259765625,4169.47998046875,4140.35986328125,4154.8701171875,3536640000,0.0008552202959737354,0.0008548548034659753,4065.8430053710936,4033.5196044921877,4080.8129965066437,4212.122025107114,3919.563985635074,292.5580394720396,80.26310282660486,0.00752758670324425,29.1201171875,45.93017578125,30.3603515625,-0.020641452378446945
2023-04-19,4139.330078125,4162.56982421875,4134.490234375,4154.52001953125,3572560000,-8.42619976980652e-05,-8.426554793962826e-05,4073.425500488281,4034.3884033203126,4087.8327129851777,4221.668908948155,3925.1820920284067,296.48681691974843,75.6342324508113,0.007129984091673392,28.07958984375,62.570068359375,53.919921875,0.010156532754252545
2023-04-20,4130.47998046875,4148.56982421875,4114.56982421875,4129.7900390625,3772080000,-0.00595254815297297,-0.005970335188311131,4083.06650390625,4033.7042041015625,4091.8286488020653,4218.467961087779,3947.665046724721,270.80291436305833,65.86434226403617,0.0060049993428233925,34.0,-16.43017578125,39.41015625,0.05584790738294099
2023-04-21,4132.14013671875,4138.02001953125,4113.85986328125,4133.52001953125,3611750000,0.0009031888869577287,0.0009027812573008861,4092.306506347656,4034.0174072265627,4095.7992555381784,4213.592074314177,3971.0209383811352,242.57113593304166,56.23614908800941,0.006012560793212021,24.16015625,-4.1201171875,28.5,-0.042504400755021154
2023-04-24,4132.06982421875,4142.41015625,4117.77001953125,4137.0400390625,3290940000,0.0008515791660903549,0.0008512167782723126,4100.6090087890625,4035.1282080078126,4099.726949207161,4208.973072231227,3992.2449453468985,216.7281268843285,53.43426557142742,0.005968016613369242,24.64013671875,-14.27978515625,27.93017578125,-0.08882397729632452
2023-04-25,4126.43017578125,4126.43017578125,4071.3798828125,4071.6298828125,3978640000,-0.015810858882773227,-0.01593718381857645,4105.314001464843,4034.7516064453125,4097.051038121956,4198.250622873999,4012.3773800556874,185.87324281831206,43.53143193563158,0.007185277731098904,55.05029296875,-83.240234375,-37.31005859375,0.2089676505800775
2023-04-26,4087.780029296875,4089.669921875,4049.35009765625,4055.989990234375,3837030000,-0.003841187197329843,-0.0038485835033448754,4109.55,4033.12560546875,4093.1404621326624,4182.290301454392,4036.8096985456086,145.4806029087831,42.502759684443255,0.00724885661500251,40.31982421875,-98.530029296875,-35.9599609375,-0.035592564293326356
2023-04-27,4075.2900390625,4138.240234375,4075.2900390625,4135.35009765625,3750550000,0.01956614972249704,0.019377193402696356,4114.927001953125,4033.110009765625,4097.160427420623,4177.400496850615,4052.453507055635,124.94698979498025,55.156943226800564,0.007832344763072626,62.9501953125,5.56005859375,-10.8701171875,-0.022538265272880276
2023-04-28,4129.6298828125,4170.06005859375,4127.18017578125,4169.47998046875,4087800000,0.008253202753460531,0.008219331313243467,4120.8594970703125,4033.547607421875,4104.048003901397,4180.158339318256,4061.5606548223686,118.59768449588773,59.31320411342346,0.007926825926680741,42.8798828125,35.9599609375,31.83984375,0.08992014504539325
2023-05-01,4166.7900390625,4186.919921875,4164.1201171875,4167.8701171875,3321370000,-0.0003861064902076494,-0.0003861810485107871,4123.7875,4035.0968115234373,4110.126300404836,4186.376922577537,4061.198077422464,125.17884515507285,59.050855897541275,0.007320884031039653,22.7998046875,30.830078125,16.55029296875,-0.18749204951318554
2023-05-02,4164.10009765625,4164.10009765625,4089.719970703125,4119.580078125,4486130000,-0.011586262936400304,-0.011653906680571788,4123.541015625,4035.906611328125,4111.026660187708,4186.157283527297,4060.9247477227023,125.23253580459505,53.87138860705541,0.007778518779085429,74.380126953125,47.9501953125,-35.2900390625,0.35068661425857406
2023-05-03,4122.25,4148.2998046875,4088.860107421875,4090.75,4246510000,-0.006998305064656485,-0.007022908054892971,4123.048510742187,4037.7748095703123,4109.095549693641,4186.572894035595,4059.5241274487803,127.04876658681451,41.63118362584128,0.007829855735764833,59.439697265625,34.760009765625,-63.77001953125,-0.05341352123099419
2023-05-04,4082.550048828125,4082.610107421875,4048.280029296875,4061.219970703125,4920090000,-0.007218732334382416,-0.007244913455062742,4121.590515136719,4039.1782080078124,4104.535970742164,4189.461776607363,4053.719253666074,135.74252294128928,39.155956590152755,0.00797610053734744,34.330078125,-74.130126953125,-68.570068359375,0.15861966650261028
2023-05-05,4084.72998046875,4147.02001953125,4084.72998046875,4136.25,4186270000,0.018474751389515376,0.018306166381879797,4123.152014160156,4041.656806640625,4107.556354481006,4190.854874587204,4055.4491537331073,135.40572085409667,48.178699106197605,0.008990973413969308,62.2900390625,-33.22998046875,2.72998046875,-0.14914767819287855
2023-05-08,4136.97998046875,4142.2998046875,4123.81005859375,4138.1201171875,3641640000,0.0004521286642489297,0.0004520264848820656,4124.602526855469,4045.018408203125,4110.467189024481,4192.281723049319,4056.9233306616184,135.35839238770086,47.9673823648615,0.008989952238115054,18.48974609375,-29.75,1.080078125,-0.1300991097086428
2023-05-09,4124.25,4130.35009765625,4116.64990234375,4119.169921875,3810140000,-0.004579421277258522,-0.004589938949059595,4125.114025878906,4047.7570068359373,4111.2960207245305,4192.448561597006,4057.7794901608067,134.66907143619937,45.89554058083909,0.00905842296384943,13.7001953125,-0.41015625,47.5400390625,0.04627036170516585
2023-05-10,4143.740234375,4154.27978515625,4098.919921875,4137.64013671875,4057160000,0.004483965263404999,0.004473942241914432,4127.39853515625,4051.1068115234375,4113.804984152552,4193.075386041715,4061.721684270784,131.35370177093137,50.92491062706605,0.0090481970183487,55.35986328125,46.89013671875,81.650146484375,0.06483226338139803
2023-05-11,4132.240234375,4132.7998046875,4109.2900390625,4130.6201171875,3752900000,-0.0016966239932159066,-0.0016980648897067581,4126.6185302734375,4054.691416015625,4115.406425393975,4191.722231094402,4061.514829452474,130.20740164192785,49.66095753948455,0.008550446801381135,23.509765625,69.400146484375,-4.72998046875,-0.07499334509854183
2023-05-12,4138.5400390625,4143.740234375,4099.1201171875,4124.080078125,3533740000,-0.0015833068345566526,-0.0015845615894390477,4125.94052734375,4057.546015625,4116.232487558835,4190.8430623830445,4061.0379923044547,129.80507007858978,48.495409474011204,0.008545405012284664,44.6201171875,-12.169921875,-45.39990234375,-0.05839750592874848
2023-05-15,4126.64990234375,4141.25,4110.27001953125,4136.27978515625,3562170000,0.0029581644391338813,0.002953797680316935,4125.188525390625,4059.3588134765623,4118.141753996684,4189.195255156036,4061.1817956252135,128.01345953082273,58.56357664809543,0.008538392625087982,30.97998046875,-1.84033203125,-31.59033203125,0.008045300446552384
2023-05-16,4127.9501953125,4135.5400390625,4109.85986328125,4109.89990234375,3654200000,-0.006377683373153031,-0.006398107681917463,4122.940014648438,4060.5884130859376,4117.356815744024,4185.703934898371,4060.1760943985046,125.52784049986622,56.94339193099341,0.00864620568045386,25.68017578125,-9.27001953125,-9.68017578125,0.02583537562777738
2023-05-17,4122.85009765625,4164.669921875,4113.6201171875,4158.77001953125,4039080000,0.011890829058788244,0.011820688622071574,4123.152514648437,4064.0364111328126,4121.300930390426,4186.393591274512,4059.9114380223627,126.48215325214915,53.27349712193784,0.00908085441186065,51.0498046875,21.1298828125,68.02001953125,0.10532537901592698
2023-05-18,4157.68017578125,4202.2001953125,4153.5,4198.0498046875,3980500000,0.009445048649426635,0.009400723063727155,4126.565502929688,4068.15720703125,4128.610346990148,4198.134222891485,4054.996782967891,143.13743992359377,53.93664604296798,0.009193596648599863,48.7001953125,67.4296875,136.829833984375,-0.014503302732305379
2023-05-19,4204.14990234375,4212.91015625,4180.2001953125,4191.97998046875,4041900000,-0.0014458676054706077,-0.0014469138806754414,4129.488500976562,4073.6304052734376,4134.645550178587,4206.7981288709,4052.1788730822245,154.61925578867522,53.28177090810483,0.009208010089272632,32.7099609375,67.89990234375,55.72998046875,0.015425197839467497
2023-05-22,4190.77978515625,4209.22021484375,4179.68017578125,4192.6298828125,3728520000,0.0001550346964389604,0.00015502267980239146,4132.267993164062,4080.251201171875,4140.167867572292,4214.557590921706,4049.9783954064187,164.5791955152872,61.425102142120735,0.009208893317988881,29.5400390625,56.35009765625,54.509765625,-0.07753284346470724
2023-05-23,4176.7998046875,4185.68017578125,4142.5400390625,4145.580078125,4155320000,-0.011222026747550129,-0.011285468768284297,4135.965502929687,4086.0476025390626,4140.68331619636,4213.277985247883,4058.6530206114912,154.62496463639218,58.11312657234635,0.008824824163559973,43.14013671875,35.68017578125,26.41015625,0.11446901183311331
2023-05-24,4132.9599609375,4132.9599609375,4103.97998046875,4115.240234375,0,-0.007318600335353365,-0.007345512678305211,4138.928015136718,4089.9666064453127,4138.260165546706,4207.368875792517,4070.487154480919,136.88172131159854,57.974189037728976,0.008957188988790063,28.97998046875,-43.52978515625,-22.39990234375,-1.0
2023-05-26,4156.16015625,4212.8701171875,4156.16015625,4205.4501953125,3715460000,0.01304908677799732,0.012964680931640788,4141.523010253906,4100.0570068359375,4145.781087985087,4215.1459211478295,4067.9000993599825,147.24582178784704,59.56313561437869,0.00835964406859382,56.7099609375,13.47021484375,81.3701171875,-0.10422493104711938
2023-05-30,4226.7099609375,4231.10009765625,4192.18017578125,4205.52001953125,4228510000,1.660326849850513e-05,1.660313066576836e-05,4143.405505371094,4105.834609375,4151.470510037102,4221.6455586292,4065.165452112987,156.48010651621325,62.95968423937657,0.008357976855303388,38.919921875,12.89013671875,69.240234375,0.13808518998993402
2023-05-31,4190.740234375,4195.43994140625,4166.14990234375,4179.830078125,5980670000,-0.006108624209833935,-0.006127358186214099,4146.418005371093,4110.399809570313,4154.171421283569,4225.431326802948,4067.4046839392386,158.02664286370964,56.19768317612882,0.00802477719969324,29.2900390625,34.25,69.93017578125,0.41436818169993694
2023-06-01,4183.02978515625,4232.43017578125,4171.64013671875,4221.02001953125,4391860000,0.009854453563032717,0.009806215085853812,4152.931506347656,4114.762807617188,4160.537954450015,4234.071759675319,4071.7912530199933,162.280506655326,62.06816981833115,0.008052368637471021,60.7900390625,105.77978515625,62.25,-0.2656575266650727
2023-06-02,4241.009765625,4290.669921875,4241.009765625,4282.3701171875,4454200000,0.014534424705965554,0.014429812390107408,4163.989013671875,4121.670810546875,4172.14101756787,4252.450420319942,4075.5276070238083,176.92281329613388,68.43374206476471,0.008264923611262645,49.66015625,131.09033203125,84.3203125,0.014194441535021696
2023-06-05,4282.990234375,4299.27978515625,4266.81982421875,4273.7900390625,3813290000,-0.0020035816359177394,-0.002005591490657713,4170.866015625,4128.172211914062,4181.821876757835,4270.8783268611805,4070.8537043888186,200.0246224723619,66.1499748248925,0.007432681992568643,32.4599609375,68.33984375,81.81005859375,-0.14388891383413405
2023-06-06,4271.33984375,4288.330078125,4263.08984375,4283.85009765625,3996560000,0.0023538963079141606,0.002351130233850576,4178.152514648437,4134.4294140625,4191.538850176731,4288.789849131215,4067.5151801656593,221.27466896555597,71.24405166553365,0.007428538361062251,25.240234375,78.330078125,91.22021484375,0.04806086083146055
2023-06-07,4285.47021484375,4299.18994140625,4263.9599609375,4267.52001953125,4537800000,-0.0038120096998572883,-0.003819293926420617,4185.57001953125,4140.229213867187,4198.775152020019,4299.402917437166,4071.7371216253346,227.66579581183169,64.42808501375954,0.0073959905845316885,35.22998046875,87.68994140625,121.93994140625,0.1354264667614149
2023-06-08,4268.68994140625,4298.009765625,4261.06982421875,4293.93017578125,3826740000,0.0061886426142414575,0.00616957160752325,4193.384521484375,4146.682416992187,4207.837535235374,4314.583342086136,4072.1857008826137,242.39764120352265,63.1703983119397,0.007438293092960293,36.93994140625,72.91015625,178.68994140625,-0.15669707787914844
2023-06-09,4304.8798828125,4322.6201171875,4291.7001953125,4298.85986328125,3786510000,0.001148059539441082,0.0011474010230505239,4201.7965087890625,4152.103413085937,4216.5063283826,4327.9075114557745,4075.6855061223505,252.22200533342402,64.72745231020971,0.007393328013574289,30.919921875,16.48974609375,147.580078125,-0.010512864736041627
2023-06-12,4308.31982421875,4340.1298828125,4304.3701171875,4338.93017578125,3945670000,0.009321148810237156,0.00927797498175416,4212.539013671875,4157.865415039062,4228.165742420567,4347.09614262619,4077.98188471756,269.11425790862995,68.18389816827676,0.00751438938242662,35.759765625,65.14013671875,133.47998046875,0.04203342919997577
2023-06-13,4352.60986328125,4375.3701171875,4349.31005859375,4369.009765625,4275400000,0.006932489951473775,0.006908570725908897,4224.175512695312,4163.0594091796875,4241.579458916227,4370.68663217026,4077.6643932203638,293.0222389498963,78.99352945201834,0.007577501046828351,26.06005859375,85.15966796875,163.48974609375,0.08356755633390534
2023-06-14,4366.2900390625,4391.81982421875,4337.85009765625,4372.58984375,4252110000,0.0008194255259321714,0.0008190899801265841,4237.310009765625,4168.021010742187,4254.056638424206,4387.733105621036,4086.886913910214,300.84619171082204,85.88756792090534,0.007285588540048249,53.9697265625,105.06982421875,192.759765625,-0.0054474435140571265
2023-06-15,4365.330078125,4439.2001953125,4362.60009765625,4425.83984375,4176690000,0.01217813742034668,0.012104580493589997,4250.663500976562,4174.525805664062,4270.416943693329,4418.1762125619025,4083.1507893912226,335.0254231706799,86.53394095564072,0.0073040364058381034,76.60009765625,131.90966796875,204.81982421875,-0.017737076416179276
2023-06-16,4440.9501953125,4448.47021484375,4407.43994140625,4409.58984375,6848600000,-0.0036716195284263176,-0.0036783764677510893,4261.240502929688,4180.910004882812,4283.671505603488,4441.029465509657,4081.451540349719,359.5779251599379,80.21248858209904,0.0072971840517747485,41.0302734375,110.72998046875,127.2197265625,0.6397194907929484
2023-06-20,4396.10986328125,4400.14990234375,4367.18994140625,4388.7099609375,4055790000,-0.0047351076976228645,-0.004746353835236048,4271.077001953125,4186.583803710938,4293.6751680162515,4456.353833835634,4085.800170070615,370.5536637650189,75.53882493890526,0.007426393379817836,32.9599609375,49.77978515625,114.919921875,-0.40779283357182494
2023-06-21,4380.009765625,4386.22021484375,4360.14013671875,4365.68994140625,3709330000,-0.005245281583003636,-0.005259086366925201,4279.730004882813,4191.715405273438,4300.533717862918,4465.744047742891,4093.715962022735,372.028085720156,76.10538140888036,0.007605342647515844,26.080078125,-3.31982421875,81.83984375,-0.08542355496709642
2023-06-22,4355.39990234375,4382.25,4351.81982421875,4381.89013671875,3511000000,0.003710798414438443,0.0037039303873345254,4291.5455078125,4197.174409179687,4308.28194823014,4471.606422749902,4111.484592875097,360.12182987480446,74.30133890373938,0.006937276102383507,30.43017578125,9.30029296875,114.3701171875,-0.053467876948128046
2023-06-23,4354.169921875,4366.5498046875,4341.33984375,4348.330078125,6053620000,-0.007658808766684566,-0.007688288056502158,4303.2,4202.30201171875,4312.096055839174,4464.398521861566,4142.001478138433,322.3970437231328,60.87729525858598,0.006963755763905547,25.2099609375,-77.509765625,54.39990234375,0.7241868413557391
2023-06-26,4344.83984375,4362.06005859375,4328.080078125,4328.81982421875,3415030000,-0.004486838293256468,-0.004496934363132171,4312.077001953125,4205.95400390625,4313.688795684849,4456.757540658592,4167.396463247657,289.36107741093474,58.75906792530843,0.006995216699608839,33.97998046875,-80.77001953125,29.9599609375,-0.435869777092054
2023-06-27,4337.35986328125,4384.419921875,4335.0,4378.41015625,3573500000,0.011455854954693034,0.01139073352418076,4320.725,4210.769404296875,4319.852734786292,4459.109841648374,4182.340158351627,276.76968329674673,63.368756187033775,0.006872186753011372,49.419921875,-10.2998046875,39.47998046875,0.046403691914858713
2023-06-28,4367.47998046875,4390.35009765625,4360.22021484375,4376.85986328125,3739330000,-0.00035407668843834283,-0.0003541393883898215,4329.2919921875,4215.280205078125,4325.281985119145,4458.561436730123,4200.022547644877,258.5388890852464,66.13249033180217,0.00687842687449768,30.1298828125,11.169921875,7.85009765625,0.04640548481880513
2023-06-29,4374.93994140625,4398.39013671875,4371.97021484375,4396.43994140625,3696660000,0.004473544672805918,0.00446356811449,4340.122485351562,4220.1116015625,4332.058933336964,4451.760331060684,4228.484639642441,223.2756914182428,65.43585671431092,0.006622394127006232,26.419921875,14.5498046875,23.85009765625,-0.011411135149879792
2023-06-30,4422.43994140625,4458.47998046875,4422.43994140625,4450.3798828125,3923450000,0.012269004495714109,0.0121943502618858,4351.590478515625,4226.028798828125,4343.327595191778,4458.745349034285,4244.435607996966,214.30974103731933,69.88133206392,0.006782631151572331,36.0400390625,102.0498046875,24.5400390625,0.06134997538318365
2023-07-03,4450.47998046875,4456.4599609375,4442.2900390625,4455.58984375,2034280000,0.0011706778016009611,0.0011699930926736418,4360.25146484375,4232.544794921875,4354.019237911608,4471.762092775869,4248.740836911631,223.0212558642379,66.84856118101209,0.006184257268930736,14.169921875,126.77001953125,46.0,-0.48150734685034857
2023-07-05,4442.0400390625,4454.06005859375,4436.60986328125,4446.81982421875,3482620000,-0.0019683184132291975,-0.0019702580976127164,4368.9029541015625,4238.810791015625,4362.857388988478,4479.0091067503545,4258.7968014527705,220.21230529758395,61.974790231703224,0.006183059848266912,17.4501953125,68.40966796875,58.10986328125,0.711966887547437
2023-07-06,4422.6201171875,4422.6201171875,4385.0498046875,4411.58984375,3682020000,-0.007922511336500904,-0.007954061175894762,4375.28994140625,4244.301787109375,4367.498575156243,4479.272017862332,4271.307864950169,207.96415291216363,55.46921648434119,0.006567532624002649,37.5703125,34.72998046875,45.89990234375,0.05725574423853308
2023-07-07,4404.5400390625,4440.39013671875,4397.39990234375,4398.9501953125,3630480000,-0.0028651005386203243,-0.002869212795733482,4381.8614501953125,4250.848193359375,4370.493967552076,4472.983173370222,4290.739727020403,182.24344634981935,45.744375032842576,0.00653060294427957,42.990234375,2.51025390625,17.06005859375,-0.013997751234376743
2023-07-10,4394.22998046875,4412.60009765625,4389.919921875,4409.52978515625,3429600000,0.002405026057131332,0.002402138610626312,4387.641430664063,4257.918989257812,4374.211664466759,4469.469896073216,4305.81296525491,163.65693081830614,49.990321255624295,0.006443006151768236,22.68017578125,-40.85009765625,61.19970703125,-0.055331526409730936
2023-07-11,4415.5498046875,4443.64013671875,4408.4599609375,4439.259765625,3624220000,0.0067422110558885695,0.006719583998254874,4394.66142578125,4263.997182617188,4380.406721719925,4468.077605679524,4321.245245882976,146.8323597965482,57.92042696828646,0.006554298767329418,35.18017578125,-16.330078125,110.43994140625,0.056747142523909444
2023-07-12,4467.68994140625,4488.33984375,4463.22998046875,4472.16015625,3920290000,0.007411233485312474,0.007383905235389679,4401.322924804687,4270.050786132812,4389.145144056123,4477.570117125019,4325.075732484355,152.49438464066407,66.18134000620387,0.006449392919878106,25.10986328125,25.34033203125,93.75,0.08169206063649548
2023-07-13,4491.5,4517.3798828125,4489.35986328125,4510.0400390625,3839530000,0.008470153458069118,0.008434482989627111,4408.374438476562,4276.894184570312,4400.65894358054,4497.102950329846,4319.645926623279,177.45702370656727,68.27212941728526,0.006525859425704227,28.02001953125,98.4501953125,133.18017578125,-0.020600516798502166
2023-07-14,4514.60986328125,4527.759765625,4499.56005859375,4505.419921875,3647450000,-0.0010244071333035398,-0.001024932196907484,4415.015942382813,4284.610981445312,4410.636179608584,4511.970249602488,4318.061635163137,193.90861443935137,74.41326809368285,0.006550591762959004,28.19970703125,106.4697265625,108.97998046875,-0.05002695642435406
2023-07-17,4508.85986328125,4532.85009765625,4504.89990234375,4522.7900390625,3538240000,0.0038553825145495324,0.0038479695744204137,4419.863452148437,4293.251782226563,4421.317499556576,4528.13094357678,4311.595960720095,216.53498285668502,80.3466962862918,0.006085581291546668,27.9501953125,113.26025390625,72.41015625,-0.029941465955667712
2023-07-18,4521.77978515625,4562.2998046875,4514.58984375,4554.97998046875,4090010000,0.007117275205842377,0.007092066941428338,4427.132958984375,4303.126982421875,4434.04725964345,4550.909328363263,4303.356589605488,247.55273875777493,79.2150399508794,0.006118292684159716,47.7099609375,115.72021484375,99.39013671875,0.1559447634982365
2023-07-19,4563.8701171875,4578.43017578125,4557.47998046875,4565.72021484375,4115670000,0.002357910335732072,0.002355134827233639,4435.983471679688,4311.71638671875,4446.587541091098,4572.81703934283,4299.149904016545,273.66713532628455,80.32635728690023,0.005931981842623047,20.9501953125,93.56005859375,118.900390625,0.006273823291385705
2023-07-20,4554.3798828125,4564.740234375,4527.56005859375,4534.8701171875,3761770000,-0.006756896218903741,-0.006779827396257691,4444.44248046875,4319.65138671875,4454.9954054812315,4583.871814809524,4305.013146127975,278.8586686815488,71.45207154499104,0.0060377827907150605,37.18017578125,24.830078125,123.2802734375,-0.08598842958740616
2023-07-21,4550.16015625,4555.0,4535.7900390625,4536.33984375,3570190000,0.0003240945218980773,0.0003240420146130911,4452.164965820312,4327.99478515625,4462.742494840162,4594.093157911803,4310.236773728821,283.85638418298186,65.90792441372929,0.006032407143741878,19.2099609375,30.919921875,137.3896484375,-0.050928153502207696
2023-07-24,4543.39013671875,4563.41015625,4541.2900390625,4554.64013671875,3856250000,0.004034153877153557,0.004026038496874852,4462.48046875,4336.33478515625,4471.494651209551,4602.610814355965,4322.350123144035,280.26069121192995,67.48337030735843,0.005625347570747569,22.1201171875,31.85009765625,145.1103515625,0.08012458720684323
2023-07-25,4555.18994140625,4580.6201171875,4552.419921875,4567.4599609375,3812470000,0.002814673351556163,0.0028107195758387046,4474.4124755859375,4345.07158203125,4480.634204516975,4607.062795877656,4341.762155294219,265.3006405834367,70.99405027947202,0.005391353026166493,28.2001953125,12.47998046875,128.2001953125,-0.011352998379254409
2023-07-26,4558.9599609375,4582.47021484375,4547.580078125,4566.75,3990290000,-0.00015543889679858758,-0.00015545097867591856,4483.8294677734375,4353.92498046875,4488.835708848692,4614.510025469598,4353.148910077277,261.36111539232115,80.68834575283833,0.005010651643510395,34.89013671875,1.02978515625,94.58984375,0.04664167849189638
2023-07-27,4598.259765625,4607.06982421875,4528.56005859375,4537.41015625,4553210000,-0.006424666064487883,-0.006445393055197076,4491.856982421875,4361.947587890625,4493.461846696436,4614.33771158085,4369.3762532629,244.96145831795002,75.68830444109462,0.0053413618059889945,78.509765625,2.5400390625,27.3701171875,0.1410724533805814
2023-07-28,4565.75,4590.16015625,4564.009765625,4582.22998046875,3981010000,0.009877842794752345,0.009829375810433848,4501.146484375,4371.394189453125,4501.915954674751,4621.3167433734225,4380.9762253765775,240.34051799684494,78.42892968523937,0.005612668433353349,26.150390625,45.89013671875,76.81005859375,-0.12566958255823912
2023-07-31,4584.81982421875,4594.22021484375,4573.14013671875,4588.9599609375,4503600000,0.0014687129405193122,0.0014676354365687912,4508.07548828125,4379.99798828125,4510.205860033108,4631.847749335625,4384.303227226875,247.54452210875024,76.66169237298159,0.005075261593065752,21.080078125,34.31982421875,66.169921875,0.13127070768473326
2023-08-01,4578.830078125,4584.6201171875,4567.52978515625,4576.72998046875,4042370000,-0.002665087639215691,-0.0026686453076827116,4514.132495117187,4387.571591796875,4516.541490550789,4638.942177316155,4389.32281291822,249.619364397935,70.10418250807794,0.0051619491848011265,17.09033203125,9.27001953125,21.75,-0.10241362465583093
2023-08-02,4550.93017578125,4550.93017578125,4505.75,4513.39013671875,4270710000,-0.013839541336347905,-0.013936200638336184,4517.461010742188,4393.999794921875,4516.241361614404,4638.196384503918,4396.725636980457,241.4707475234609,50.58664591759083,0.0061517971409748885,45.18017578125,-53.35986328125,-52.330078125,0.05648666500097721
2023-08-03,4494.27001953125,4519.490234375,4485.5400390625,4501.89013671875,4149120000,-0.0025479738404268204,-0.0025512254502915274,4521.976025390625,4400.185,4514.874578291008,4632.350446282835,4411.601604498415,220.7488417844197,49.39643152349066,0.005863116249913001,33.9501953125,-35.52001953125,-32.97998046875,-0.02847067583610219
2023-08-04,4513.9599609375,4540.33984375,4474.5498046875,4478.02978515625,4143310000,-0.005300074155050516,-0.0053141693739379705,4525.930004882813,4406.833994140625,4511.365550373413,4622.557530466979,4429.302479298646,193.255051168333,42.512501082256385,0.0059725159080835965,65.7900390625,-104.2001953125,-58.31005859375,-0.00140029693043342
2023-08-07,4491.580078125,4519.83984375,4491.14990234375,4518.43994140625,3493920000,0.00902409277936278,0.008983618964856572,4531.375512695313,4414.89798828125,4512.0393019003495,4611.196618754239,4451.554406636386,159.64221211785298,44.05118111488087,0.006237341781812815,28.68994140625,-70.52001953125,-36.2001953125,-0.15673217789641614
2023-08-08,4498.02978515625,4503.31005859375,4464.39013671875,4499.3798828125,3884910000,-0.004218283044793103,-0.004227205100058866,4534.381518554687,4421.859990234375,4510.833642939602,4603.392395909338,4465.3706412000365,138.0217547093016,39.48447496288821,0.006209831780222448,38.919921875,-77.35009765625,-68.080078125,0.11190582497595813
2023-08-09,4501.56982421875,4502.43994140625,4461.330078125,4467.7099609375,3803100000,-0.007038730380597102,-0.007063619102045116,4534.159008789063,4427.105185546875,4506.726625606068,4604.037834923441,4464.280182654685,139.75765226875592,39.382121352477995,0.006227400770060848,41.10986328125,-45.68017578125,-99.0400390625,-0.02105840289736438
2023-08-10,4487.16015625,4527.3701171875,4457.919921875,4468.830078125,4504370000,0.00025071394456976925,0.00025068252108086326,4532.0985107421875,4432.37138671875,4503.117430607871,4607.206461910215,4456.99055957416,150.21590233605457,39.31503715702397,0.005899402668628998,69.4501953125,-33.06005859375,-68.580078125,0.18439430990507755
2023-08-11,4450.68994140625,4476.22998046875,4443.97998046875,4464.0498046875,3753290000,-0.0010696923700230787,-0.0010702648992294865,4530.030004882812,4438.05578125,4499.396704329741,4610.330788811733,4449.729220953891,160.60156785784238,35.0209512429456,0.0058996465277861825,32.25,-13.97998046875,-118.18017578125,-0.16674473899790643
2023-08-14,4458.1298828125,4490.330078125,4453.43994140625,4489.72021484375,3896410000,0.005750475751703066,0.005734004879419051,4528.376513671875,4443.42978515625,4498.475133902503,4610.642842305185,4446.110185038565,164.53265726661994,37.6697805031807,0.005986916481522247,36.89013671875,-28.7197265625,-99.23974609375,0.038131878964854815
2023-08-15,4478.8701171875,4478.8701171875,4432.18994140625,4437.85986328125,3832250000,-0.011550909428841738,-0.011618139396096483,4522.5205078125,4446.539580078125,4492.702250986194,4613.070256147927,4431.970759477073,181.0994966708531,32.410853859900925,0.006212474615484121,46.68017578125,-61.52001953125,-138.8701171875,-0.016466439620060558
2023-08-16,4433.7900390625,4449.9501953125,4403.5498046875,4404.330078125,3753910000,-0.007555395210577687,-0.007584081792624527,4514.451000976563,4449.150380859375,4484.285853570842,4616.788826013128,4412.113175939998,204.67565007312987,32.04440345213783,0.0063015053563917935,46.400390625,-63.3798828125,-109.06005859375,-0.020442298910561707
2023-08-17,4416.31982421875,4421.169921875,4364.830078125,4370.35986328125,3943700000,-0.007712913029036983,-0.0077428113775290805,4506.22548828125,4450.880576171875,4473.435759257547,4626.522514565753,4385.9284619967475,240.59405256900573,20.551626783217728,0.006344731747744762,56.33984375,-98.47021484375,-131.5302734375,0.050557951575823656
2023-08-18,4344.8798828125,4381.81982421875,4335.31005859375,4369.7099609375,3940400000,-0.00014870682600087726,-0.00014871788395720285,4497.893994140625,4452.924375,4463.557111798495,4631.728430696895,4364.059557584355,267.6688731125396,19.001957811779462,0.006337172570620424,46.509765625,-94.33984375,-108.31982421875,-0.0008367776453583886
2023-08-21,4380.27978515625,4407.5498046875,4360.2998046875,4399.77001953125,3726850000,0.006879188518795987,0.006855634859799785,4490.15048828125,4455.041171875,4457.482150630186,4628.020999593666,4352.279976968834,275.7410226248321,26.181857375321044,0.00650590032335313,47.25,-89.9501953125,-118.669921875,-0.05419500558318957
2023-08-22,4415.330078125,4418.58984375,4382.77001953125,4387.5498046875,3522760000,-0.002777466728829614,-0.0027813310465456837,4481.15498046875,4456.814970703125,4450.821927207073,4621.245990339042,4341.063970598459,280.1820197405832,30.35965499214298,0.006420906097653478,35.81982421875,-50.31005859375,-111.830078125,-0.05476206447804444
2023-08-23,4396.43994140625,4443.18017578125,4396.43994140625,4436.009765625,3837270000,0.011044879965972587,0.010984330710791359,4474.61796875,4458.7565625,4449.411245151638,4610.014474248933,4339.221463251067,270.7930109978661,40.781366366263775,0.007047026638212062,46.740234375,31.6796875,-31.7001953125,0.08927942862982441
2023-08-24,4455.16015625,4458.2998046875,4375.5498046875,4376.31005859375,3723470000,-0.013457974663146133,-0.01354935398400801,4466.562963867187,4458.902568359375,4442.44922738422,4605.356213662318,4327.769714072057,277.58649959026116,37.06386287031449,0.007472179628764576,82.75,5.9501953125,-92.52001953125,-0.029656500585051315
2023-08-25,4389.3798828125,4418.4599609375,4356.2900390625,4405.7099609375,3296180000,0.006717966037625089,0.006695501060295156,4457.736962890625,4459.564970703125,4438.950249627389,4587.731458942196,4327.742466839055,259.98899210314084,35.250592541957076,0.007242604011784342,62.169921875,36.0,-58.33984375,-0.11475585945368161
2023-08-28,4426.02978515625,4439.56005859375,4414.97998046875,4433.31005859375,2957230000,0.006264619755036449,0.006245078594196461,4449.9544677734375,4459.714375,4438.413088576566,4564.60180492407,4335.307130622805,229.29467430126533,41.54448936741924,0.007438066446031002,24.580078125,33.5400390625,-56.41015625,-0.10283115606550608
2023-08-29,4432.75,4500.14013671875,4431.68017578125,4497.6298828125,3354820000,0.01450830719454621,0.014404068712056505,4445.999462890625,4461.47517578125,4444.052783265703,4546.861150267316,4345.137775513935,201.723374753381,53.53378654259159,0.00826571516772404,68.4599609375,110.080078125,59.77001953125,0.13444676267994038
2023-08-30,4500.33984375,4521.64990234375,4493.58984375,4514.8701171875,3064110000,0.003833182103508026,0.003825854181192944,4446.073461914062,4463.99837890625,4450.7972912582545,4547.145280563667,4345.001643264457,202.14363729921024,55.23824020906295,0.007730027866697135,28.06005859375,78.8603515625,110.5400390625,-0.08665442557275804
2023-08-31,4517.009765625,4532.259765625,4507.39013671875,4507.66015625,3946360000,-0.0015969365120942491,-0.0015982129743398576,4446.361962890625,4466.837783203125,4456.2128022098495,4548.135126110669,4344.5887996705815,203.5463264400878,54.93451875817687,0.007716151721968664,24.86962890625,131.35009765625,137.30029296875,0.287930263600197
2023-09-01,4530.60009765625,4541.25,4501.35009765625,4515.77001953125,3246260000,0.0017991292600010311,0.001797512765518541,4448.248974609375,4469.515380859375,4461.884918145221,4553.822945350934,4342.6750038678165,211.1479414831174,53.06952135029021,0.00761769525571375,39.89990234375,110.06005859375,146.06005859375,-0.17740398747199948
2023-09-05,4510.06005859375,4514.2900390625,4496.009765625,4496.830078125,3526250000,-0.004194177587506065,-0.004202997821381205,4447.168481445313,4472.485380859375,4465.213028619485,4550.1276998976755,4344.20926299295,205.91843690472524,57.53305547481497,0.007404840332965025,18.2802734375,63.52001953125,97.06005859375,0.08625002310350993
2023-09-06,4490.35009765625,4490.35009765625,4442.3798828125,4465.47998046875,3418850000,-0.006971599351452862,-0.006996014491432261,4445.473486328125,4475.218583984375,4465.238452605129,4545.898555069205,4345.048417587044,200.8501374821608,57.855240527734665,0.007508084691831752,47.97021484375,-32.14990234375,77.93017578125,-0.030457284650833083
2023-09-07,4434.5498046875,4457.81005859375,4430.4599609375,4451.14013671875,3763760000,-0.0032112659361860363,-0.003216433115732967,4444.644995117187,4476.67318359375,4463.895755854045,4544.56980444922,4344.720185785154,199.84961866406593,60.92807884376569,0.007376279906964404,27.35009765625,-63.72998046875,15.13037109375,0.10088480044459391
2023-09-08,4451.2998046875,4473.52978515625,4448.3798828125,4457.490234375,3259290000,0.0014266227216406246,0.0014256060622570594,4444.0780029296875,4478.285791015625,4463.285706189374,4543.552673653219,4344.603332206156,198.9493414470635,61.69468679987614,0.0073844073993145345,25.14990234375,-50.169921875,81.18017578125,-0.13403351967181754
2023-09-11,4480.97998046875,4490.77001953125,4467.89013671875,4487.4599609375,3369920000,0.006723453106275201,0.006700951498135517,4445.248510742187,4480.10619140625,4465.588016165386,4546.25186419693,4344.245157287444,202.00670690948573,61.68546475991927,0.007534692385460438,22.8798828125,-28.31005859375,81.75,0.033942975310573775
2023-09-12,4473.27001953125,4487.10986328125,4456.830078125,4461.89990234375,3435740000,-0.005695885604828921,-0.005712169023003997,4443.857495117188,4480.336591796875,4465.2367672299915,4543.031776142731,4344.683214091644,198.34856205108736,59.56765261407806,0.007532698819180797,30.27978515625,-34.93017578125,28.58984375,0.019531620928686655
2023-09-13,4462.64990234375,4479.39013671875,4453.52001953125,4467.43994140625,3529430000,0.0012416323054647016,0.0012408621175346041,4445.336499023438,4480.57359375,4465.446593342016,4545.015158212989,4345.657839833886,199.35731837910316,54.54680306110484,0.007053502528487849,25.8701171875,1.9599609375,-30.18994140625,0.027269234575375334
2023-09-14,4487.77978515625,4511.990234375,4478.68994140625,4505.10009765625,3648720000,0.00842991886716793,0.00839458553366625,4450.375,4481.73919921875,4469.223117562419,4551.503004387878,4349.246995612122,202.25600877575562,69.90019797438404,0.007015444911123713,33.30029296875,53.9599609375,-9.77001953125,0.03379865870693011
2023-09-15,4497.97998046875,4497.97998046875,4447.2099609375,4450.31982421875,6932230000,-0.012159612938677844,-0.012234145842493929,4454.372998046875,4482.513798828125,4467.422803910641,4548.2436248210015,4360.502371272749,187.74125354825264,56.391643381545315,0.007372652652416449,50.77001953125,-7.17041015625,-57.34033203125,0.8999073647744962
2023-09-18,4445.1298828125,4466.35986328125,4442.10986328125,4453.52978515625,3161230000,0.0007212876971294246,0.0007210276941755188,4458.563989257813,4483.605390625,4466.0996592673655,4543.586762951115,4373.541215564511,170.04554738660408,53.11475163221711,0.007368501363861526,24.25,-33.93017578125,-62.240234375,-0.543980796944129
2023-09-19,4445.41015625,4449.85009765625,4416.60986328125,4443.9501953125,3614880000,-0.002151010615372817,-0.0021533273615331264,4460.772998046875,4484.293798828125,4463.990186509759,4541.5538971981905,4379.992098895559,161.56179830263136,40.0534171021584,0.0072636786671564256,33.240234375,-17.94970703125,-52.8798828125,0.1435042689079884
2023-09-20,4452.81005859375,4461.02978515625,4401.3798828125,4402.2001953125,3308450000,-0.0093947947580596,-0.009439204206291041,4461.505517578125,4483.552607421875,4458.105425443354,4539.715471714672,4383.295563441578,156.41990827309382,30.861207508609425,0.007566417684309026,59.64990234375,-65.23974609375,-63.27978515625,-0.08476906563979991
2023-09-21,4374.35986328125,4375.7001953125,4329.169921875,4330.0,3662340000,-0.01640093410321941,-0.016536918318488084,4456.205029296875,4480.709404296875,4445.904908734463,4553.685445321014,4358.724613272736,194.96083204827846,25.27964692198151,0.00797279341317113,46.5302734375,-175.10009765625,-121.14013671875,0.10696549743837758
2023-09-22,4341.740234375,4357.39990234375,4316.490234375,4320.06005859375,3349570000,-0.002295598477193961,-0.0022982374027607495,4453.392529296875,4476.9098046875,4433.919684911538,4563.0624582398905,4343.72260035386,219.3398578860306,22.906110242863093,0.007440902567306753,40.90966796875,-130.259765625,-137.43017578125,-0.08540168307693985
2023-09-25,4310.6201171875,4338.509765625,4302.7001953125,4337.43994140625,3195650000,0.0040230650909416354,0.0040149942038066174,4449.979028320313,4473.550205078125,4424.731137911034,4569.688262698394,4330.269793942231,239.41846875616284,27.838464264522784,0.007324512692178254,35.8095703125,-116.08984375,-150.02001953125,-0.0459521669945695
2023-09-26,4312.8798828125,4313.009765625,4265.97998046875,4273.52978515625,3472340000,-0.014734533990868215,-0.014844165482264943,4441.990014648438,4468.565,4410.331009077246,4585.36946913384,4298.610560163036,286.75890897080353,25.527165062179094,0.007757590741978567,47.02978515625,-170.42041015625,-188.3701171875,0.08658332420634296
2023-09-27,4282.6298828125,4292.06982421875,4238.6298828125,4274.509765625,3875880000,0.00022931406074522265,0.00022928777229479233,4430.834008789063,4462.955595703125,4397.395652557984,4589.853128724852,4271.814888853274,318.0382398715774,26.686156150466033,0.006771629606017776,53.43994140625,-127.6904296875,-192.93017578125,0.1162155779675953
2023-09-28,4269.64990234375,4317.27001953125,4264.3798828125,4299.7001953125,3846230000,0.005893173970516585,0.005875877143000698,4420.075512695313,4457.6351953125,4388.0913232965095,4584.1889119735615,4255.962113417064,328.22679855649767,30.159702746111194,0.006888000242266671,52.89013671875,-30.2998046875,-205.39990234375,-0.007649875641144721
2023-09-29,4328.18017578125,4333.14990234375,4274.85986328125,4288.0498046875,3865960000,-0.002709582086142026,-0.002713259648289315,4409.094995117188,4452.6987890625,4378.563559619461,4577.85581597592,4240.334174258455,337.5216417174652,23.71555086436598,0.006885530077889533,58.2900390625,-32.01025390625,-162.27001953125,0.005129698431971086
2023-10-02,4284.52001953125,4300.580078125,4260.2099609375,4288.39013671875,3938660000,7.936755559079245e-05,7.936440615299324e-05,4397.726000976562,4447.739794921875,4369.975614581298,4566.863777934124,4228.588224019,338.27555391512396,25.50067565704201,0.006839977285759628,40.3701171875,-49.0498046875,-165.1396484375,0.018805160943206944
2023-10-03,4269.75,4281.14990234375,4216.4501953125,4229.4501953125,3953830000,-0.013744071674259506,-0.013839395863449198,4384.357006835938,4441.23599609375,4356.592241317603,4562.538800252838,4206.175213419037,356.3635868338006,20.79960890648384,0.007279459337610316,64.69970703125,-44.07958984375,-214.5,0.003851563729796448
2023-10-04,4233.830078125,4268.5,4220.47998046875,4263.75,3777600000,0.008109754957160709,0.008077047607828946,4374.2705078125,4435.161796875,4347.750123096879,4555.921957541397,4192.619058083603,363.3028994577944,20.141089596363912,0.007623226326031022,48.02001953125,-10.759765625,-138.4501953125,-0.04457197198665597
2023-10-05,4259.31005859375,4267.1298828125,4225.91015625,4258.18994140625,3581470000,-0.001304030159777203,-0.0013048811469951228,4364.622998046875,4428.990595703125,4339.220581983486,4549.550410720551,4179.6955853732,369.8548253473509,22.93416682945889,0.0076229057639529176,41.2197265625,-41.51025390625,-71.81005859375,-0.05191920796272764
2023-10-06,4234.7900390625,4324.10009765625,4219.5498046875,4308.5,3902030000,0.011814893014644445,0.011745642093961117,4357.173486328125,4424.412392578125,4336.294812270773,4538.314179324333,4176.032793331918,362.2813859924154,31.96284974112143,0.008213068787349065,104.55029296875,20.4501953125,-11.56005859375,0.08950514732777326
2023-10-09,4289.02001953125,4341.72998046875,4283.7900390625,4335.66015625,3174630000,0.00630385429964031,0.006284068119387409,4349.58349609375,4419.48099609375,4336.234368840223,4520.15088638781,4179.01610579969,341.1347805881196,37.09638756103352,0.008191016112711776,57.93994140625,47.27001953125,-1.77978515625,-0.18641578870485365
2023-10-10,4339.75,4385.4599609375,4339.64013671875,4358.240234375,3520240000,0.005207990781392224,0.005194476099985354,4344.4005126953125,4414.8666015625,4338.330165557822,4506.69690313887,4182.104122251755,324.5927808871147,44.5110620116473,0.008272628608147767,45.81982421875,128.7900390625,84.71044921875,0.10886623008035579
2023-10-11,4366.58984375,4378.64013671875,4345.33984375,4376.9501953125,3601660000,0.00429300817103373,0.004283819500095073,4339.876025390625,4410.871005859375,4342.008263629696,4492.486243218401,4187.265807562849,305.22043565555214,56.766109919555944,0.008346708579865766,33.30029296875,113.2001953125,102.4404296875,0.023129104833761405
2023-10-12,4380.93994140625,4385.85009765625,4325.43017578125,4349.60986328125,3713140000,-0.00624643434611849,-0.006266024940654918,4332.101513671875,4407.595400390625,4342.732225501272,4463.662039006949,4200.540988336801,263.1210506701482,54.055122542187526,0.008116991989586316,60.419921875,91.419921875,49.90966796875,0.030952394173797693
2023-10-13,4360.490234375,4377.10009765625,4311.97021484375,4327.77978515625,3566560000,-0.005018858888767519,-0.005031495660219892,4325.97451171875,4404.113193359375,4341.308183563651,4445.187829153663,4206.7611942838375,238.42663486982565,48.690332130288915,0.007783989615494238,65.1298828125,19.27978515625,39.72998046875,-0.03947602298862962
2023-10-16,4342.3701171875,4383.330078125,4342.3701171875,4373.6298828125,3409960000,0.01059436938392988,0.010538642302589985,4321.979516601563,4402.0251953125,4344.38644063497,4427.797243102191,4216.161790100935,211.63545300125588,64.2697742924801,0.008223980525784604,40.9599609375,37.9697265625,85.23974609375,-0.04390785518819251
2023-10-17,4345.22998046875,4393.56982421875,4337.5400390625,4373.2001953125,3794850000,-9.824505308242415e-05,-9.824987944376507e-05,4318.4420166015625,4399.120400390625,4347.130607747116,4410.989633632241,4225.894399570884,185.09523406135668,64.09092683688607,0.008219993802764265,56.02978515625,14.9599609375,143.75,0.11287229175708813
2023-10-18,4357.35009765625,4364.2001953125,4303.83984375,4314.60009765625,3686030000,-0.013399820506516447,-0.013490408251151898,4314.06201171875,4395.4248046875,4344.032463928938,4397.790496113579,4230.333527323921,167.45696878965828,51.9421090483252,0.008485658545407102,60.3603515625,-62.35009765625,50.85009765625,-0.028675705232090842
2023-10-19,4321.35986328125,4339.5400390625,4269.68994140625,4278.0,3969730000,-0.008482848196321058,-0.008519032328057976,4311.46201171875,4391.63060546875,4337.743657840468,4396.3283833852975,4226.595640052202,169.73274333309564,48.77006664180746,0.007891763200219264,69.85009765625,-71.60986328125,19.81005859375,0.07696627536943534
2023-10-20,4273.85009765625,4276.56005859375,4223.02978515625,4224.16015625,4004030000,-0.012585283719027562,-0.012665149196155915,4306.667016601563,4386.73720703125,4326.926181498518,4399.911209799071,4213.422823404055,186.48838639501628,43.0494600429683,0.008332960465406061,53.5302734375,-103.61962890625,-84.33984375,0.00864038612197815
2023-10-23,4210.39990234375,4255.83984375,4189.22021484375,4217.0400390625,3776100000,-0.0016855698941634634,-0.0016869920654349177,4300.647021484375,4381.79701171875,4316.46083459985,4400.815293918464,4200.478749050286,200.33654486817795,48.48741656271722,0.008245964034238327,66.61962890625,-156.58984375,-118.6201171875,-0.05692514791347714
2023-10-24,4235.7900390625,4259.3798828125,4219.43017578125,4247.68017578125,3821820000,0.007265792222727274,0.0072395235196288195,4299.354541015625,4376.9562109375,4309.910295664746,4401.6407498241115,4197.068332207138,204.57241761697333,48.02373606418969,0.007826647372922272,39.94970703125,-125.52001953125,-110.56005859375,0.012107730197823185
2023-10-25,4232.419921875,4232.419921875,4181.419921875,4186.77001953125,3869370000,-0.014339628627712542,-0.014443434657238052,4294.967553710938,4371.9344140625,4298.1826503186985,4408.633568532189,4181.3015388896865,227.33202964250268,42.26924760098688,0.008431903549523447,51.0,-127.830078125,-190.18017578125,0.012441716250372936
2023-10-26,4175.990234375,4183.60009765625,4127.89990234375,4137.22998046875,4277640000,-0.011832519778109618,-0.011903081205584871,4286.84404296875,4366.592412109375,4282.853824618704,4420.543422548955,4153.144663388544,267.3987591604109,31.430153625916816,0.008598861936644176,55.7001953125,-140.77001953125,-212.3798828125,0.10551330061482878
2023-10-27,4152.93017578125,4156.7001953125,4103.77978515625,4117.3701171875,4019500000,-0.004800280229768528,-0.00481183857862075,4278.31005859375,4361.5326171875,4267.093471530017,4431.982382128539,4124.637735058961,307.34464706957806,25.951332241690565,0.00862204090829276,52.92041015625,-106.7900390625,-210.40966796875,-0.06034635920741338
2023-10-30,4139.39013671875,4177.47021484375,4132.93994140625,4166.81982421875,3911140000,0.012010022325859904,0.011938474300285915,4272.23154296875,4357.474814453125,4257.543600357516,4433.647394723858,4110.815691213641,322.83170351021727,30.09024748226284,0.009168410621983286,44.5302734375,-50.22021484375,-206.81005859375,-0.02695857693742998
2023-10-31,4171.330078125,4195.5498046875,4153.1201171875,4193.7998046875,4249470000,0.006474957307233353,0.006454084821688244,4270.4490234375,4353.35541015625,4251.472762674657,4434.617975585569,4106.28007128943,328.33790429613873,31.272592196131214,0.008844290919691146,42.4296875,-53.88037109375,-179.400390625,0.08650419059404668
2023-11-01,4201.27001953125,4245.64013671875,4197.740234375,4237.85986328125,4224900000,0.010505999486313922,0.010451194990191868,4269.154516601562,4350.361611328125,4250.176296065762,4433.952973748361,4104.356059454763,329.59691429359737,38.95117669890913,0.00898061827546412,47.89990234375,51.08984375,-76.740234375,-0.005781897507218581
2023-11-02,4268.259765625,4319.72021484375,4268.259765625,4317.77978515625,4669780000,0.01885855702012762,0.018682938934086474,4272.134008789062,4347.99701171875,4256.614723598189,4438.2472687428335,4106.020748835291,332.22651990754275,49.113160388061615,0.009938570726717305,51.46044921875,180.5498046875,39.77978515625,0.10529953371677436
2023-11-03,4334.22998046875,4373.6201171875,4334.22998046875,4358.33984375,4570960000,0.009393730253031363,0.00934988354455146,4274.626000976563,4347.637607421875,4266.302830279314,4444.489371485139,4104.762630467987,339.72674101715165,48.63117531656857,0.009810517819802833,39.39013671875,240.9697265625,134.1796875,-0.021161596477778377
2023-11-06,4364.27001953125,4372.2099609375,4347.52978515625,4365.97998046875,3656340000,0.0017529924220356374,0.0017514577241005862,4276.1419921875,4346.8430078125,4275.795892202117,4448.816830457293,4103.467153917708,345.34967653958483,49.36185638639905,0.009724168060432225,24.68017578125,199.16015625,148.93994140625,-0.20009363459754625
2023-11-07,4366.2099609375,4386.259765625,4355.41015625,4378.3798828125,3791230000,0.0028401189192852616,0.0028360934017119537,4277.148974609375,4345.744404296875,4285.565796069773,4452.060100042795,4102.237849175955,349.8222508668405,56.13833757684612,0.009676763368638017,30.849609375,184.580078125,130.69970703125,0.03689208334017069
2023-11-08,4384.3701171875,4391.2001953125,4359.759765625,4382.77978515625,3729510000,0.0010049156221052513,0.0010044110324198868,4277.440454101563,4343.44740234375,4294.824271220866,4453.069799946367,4101.811108256758,351.2586916896089,60.75061796677659,0.009632737669674157,31.4404296875,144.919921875,196.009765625,-0.016279677044125473
2023-11-09,4391.41015625,4393.39990234375,4343.93994140625,4347.35009765625,3900780000,-0.008083839306732843,-0.008116690699068705,4277.327465820313,4340.097001953125,4299.826730881378,4452.764122940686,4101.890808699939,350.8733142407473,63.13578603954695,0.009705048078649048,49.4599609375,29.5703125,210.1201171875,0.04592292285045496
2023-11-10,4364.14990234375,4418.02978515625,4353.33984375,4415.240234375,3665080000,0.015616441094852496,0.015495759270772258,4281.70048828125,4338.248603515625,4310.818493118866,4466.540462789859,4096.860513772641,369.67994901721795,68.70943892977772,0.010224304882439172,64.68994140625,56.900390625,297.8701171875,-0.06042381267336272
2023-11-13,4406.66015625,4421.759765625,4393.81982421875,4411.5498046875,3326240000,-0.0008358389332403515,-0.0008361884413700847,4283.596484375,4336.16419921875,4320.411951363498,4473.125297463597,4094.067671286403,379.0576261771944,66.29797657516431,0.009979273219309751,27.93994140625,45.56982421875,244.72998046875,-0.09245091512327153
2023-11-14,4458.97021484375,4508.669921875,4458.97021484375,4495.7001953125,4700350000,0.019075017703661823,0.01889537047457725,4289.721484375,4336.1416015625,4337.106069834831,4498.393682046929,4081.0492867030707,417.3443953438582,79.36764925681427,0.01080747941420509,49.69970703125,117.3203125,301.900390625,0.41311210255423547
2023-11-15,4505.2998046875,4521.169921875,4495.31005859375,4502.8798828125,4347170000,0.0015970120755575135,0.0015957382078471765,4299.135473632812,4336.889599609375,4352.894052023181,4528.495912765803,4069.7750344998212,458.7208782659818,87.80422300145491,0.010228598601187765,25.85986328125,120.10009765625,265.02001953125,-0.07513908538725844
2023-11-16,4497.080078125,4511.990234375,4487.830078125,4508.240234375,3964520000,0.0011904273935798848,0.0011897193967137305,4310.647485351563,4338.0316015625,4367.688926532878,4557.951716008836,4063.3432546942895,494.60846131454673,91.66078577093859,0.009921586809767399,24.16015625,160.89013671875,190.46044921875,-0.08802278263790009
2023-11-17,4509.5498046875,4520.1201171875,4499.66015625,4514.02001953125,3777240000,0.0012820490603360213,0.0012812279371779871,4325.140478515625,4339.162197265625,4381.625221104152,4584.77036059522,4065.5105964360296,519.2597641591906,90.8047955817845,0.009261906888283085,20.4599609375,98.77978515625,155.68017578125,-0.04723901001886732
2023-11-20,4511.7001953125,4557.10986328125,4510.35986328125,4547.3798828125,3644790000,0.007390278097329839,0.007363103793795633,4341.657470703125,4340.360595703125,4397.41137936209,4614.048399766093,4069.2665416401574,544.7818581259357,90.94064914153384,0.00922371164652777,46.75,135.830078125,181.39990234375,-0.03506528576420875
2023-11-21,4538.77001953125,4542.14013671875,4525.509765625,4538.18994140625,3511080000,-0.0020209310950652926,-0.002022975931757968,4356.182958984375,4341.886396484375,4410.818861461534,4638.2834899652935,4074.082428003456,564.2010619618377,87.82969270094003,0.009274639216852431,16.63037109375,42.48974609375,159.81005859375,-0.03668524112500304
2023-11-22,4553.0400390625,4568.43017578125,4545.0498046875,4556.6201171875,3042810000,0.00406112922094648,0.004052905094313324,4374.675463867187,4343.67,4424.704695340197,4658.500178529055,4090.8507492053195,567.6494293237356,85.59888096905053,0.00828717086525888,23.38037109375,53.740234375,173.84033203125,-0.13336921972726345
2023-11-24,4555.83984375,4560.31005859375,4552.7998046875,4559.33984375,1639500000,0.0005968736678840791,0.0005966956096450322,4395.78095703125,4344.754794921875,4437.527090426845,4667.792940079385,4123.768973983116,544.0239660962689,83.76787864668611,0.0074383193809197876,7.51025390625,51.099609375,211.98974609375,-0.4611888353199838
2023-11-27,4554.85986328125,4560.52001953125,4546.31982421875,4550.43017578125,3403990000,-0.001954157460090089,-0.0019560693168983586,4417.4339599609375,4346.757001953125,4448.279765222503,4663.874600525319,4170.993319396556,492.88128112876257,80.8559022162104,0.007268345377702092,14.2001953125,36.41015625,135.18994140625,1.0762366575175357
2023-11-28,4545.5498046875,4568.14013671875,4540.509765625,4554.89013671875,3586240000,0.0009801185306033133,0.0009796385280502918,4436.837475585938,4348.784208984375,4458.433133936431,4660.226928478059,4213.448022693817,446.77890578424194,80.33346479487804,0.007128584902572235,27.63037109375,7.51025390625,143.34033203125,0.05354011028234518
2023-11-29,4571.83984375,4587.64013671875,4547.14990234375,4550.580078125,4418760000,-0.0009462486392383118,-0.0009466966151019382,4454.676489257812,4350.916806640625,4467.209033382961,4651.7839877839015,4257.568990731723,394.21499705217866,78.84555659824638,0.007212276569487302,40.490234375,12.39013671875,54.8798828125,0.2321428571428572
2023-11-30,4554.8701171875,4569.89013671875,4537.240234375,4567.7998046875,5399300000,0.0037840728581564065,0.003776931264994605,4471.173486328125,4354.228798828125,4476.789106840536,4645.824057969387,4296.522914686864,349.3011432825224,90.42724848536946,0.0070536675002018535,32.64990234375,11.1796875,64.919921875,0.2219038825371824
2023-12-01,4559.43017578125,4599.39013671875,4554.7099609375,4594.6298828125,4397120000,0.005873742123607695,0.005856558953846637,4485.0159912109375,4359.521396484375,4488.012037885485,4652.201964416655,4317.83001800522,334.3719464114347,88.73003356553713,0.006129731008692287,44.68017578125,35.2900390625,86.3896484375,-0.1856129498268294
2023-12-04,4564.3701171875,4572.3701171875,4546.72021484375,4569.77978515625,4369910000,-0.005408509126972105,-0.005423188063826943,4495.58798828125,4364.515791015625,4495.799442387463,4655.634476765651,4335.541499796848,320.09297696880276,81.30173811073911,0.006226479305549665,25.64990234375,19.349609375,55.759765625,-0.006188141328869801
2023-12-05,4557.25,4578.56005859375,4551.68017578125,4567.18017578125,3909950000,-0.0005688697261614362,-0.0005690315939348026,4505.647998046875,4369.110595703125,4502.597607472586,4656.417115681901,4354.8788804118485,301.5382352700526,70.87631732812343,0.006260529735490383,26.8798828125,12.2900390625,19.80029296875,-0.10525617232391515
2023-12-06,4586.22998046875,4590.740234375,4546.5,4549.33984375,4245680000,-0.003906202808869552,-0.003913851944943747,4514.19599609375,4374.626796875,4507.049249022816,4653.535975067979,4374.856017119521,278.67995794845774,62.77359524014091,0.006408403244668435,44.240234375,-1.240234375,11.14990234375,0.08586554815278968
2023-12-07,4568.83984375,4590.919921875,4565.22021484375,4585.58984375,3818880000,0.007968189065892917,0.007936610684821922,4524.336499023438,4380.8483984375,4514.5293056635,4652.476641269267,4396.196356777608,256.2802844916587,68.17860503545937,0.006542878128809876,25.69970703125,17.7900390625,28.9697265625,-0.10052571084019524
2023-12-08,4576.2001953125,4609.22998046875,4574.06005859375,4604.3701171875,3707010000,0.00409549786994079,0.0040871341465037936,4537.1875,4386.941796875,4523.08557342769,4639.551901198795,4434.823098801205,204.7288023975907,70.01113910908757,0.006077288836701929,35.169921875,9.740234375,45.0302734375,-0.029293929110105532
2023-12-11,4593.39013671875,4623.7099609375,4593.39013671875,4622.43994140625,3823210000,0.003924494286698943,0.003916813547781492,4547.5474853515625,4393.629599609375,4532.547894187553,4639.340149601933,4455.754821101192,183.58532850074153,67.83242579827896,0.005301886937993381,30.31982421875,52.66015625,72.009765625,0.031346017410257776
2023-12-12,4618.2998046875,4643.93017578125,4608.08984375,4643.7001953125,3808380000,0.00459935752021523,0.0045888127956924,4559.155004882812,4400.73580078125,4543.133827628024,4636.0394390638,4482.270570701824,153.76886836197627,73.70699585949038,0.0052714212768127655,35.84033203125,76.52001953125,88.81005859375,-0.0038789394252474185
2023-12-13,4646.2001953125,4709.68994140625,4643.22998046875,4707.08984375,5063650000,0.013650676351045998,0.01355834517501981,4569.7244873046875,4410.28859375,4558.748686306308,4665.643533831651,4473.805440777724,191.83809305392788,78.12631202333621,0.004454330190958811,66.4599609375,157.75,156.509765625,0.329607339603716
2023-12-14,4721.0400390625,4738.56982421875,4694.33984375,4719.5498046875,6314040000,0.0026470624846992585,0.002643565185154432,4580.5579833984375,4419.40458984375,4574.063078533088,4692.323088006671,4468.792878790204,223.53020921646748,78.89482638974508,0.0044516784281729465,44.22998046875,133.9599609375,151.75,0.24693452351564593
2023-12-15,4714.22998046875,4725.52978515625,4704.68994140625,4719.18994140625,8218980000,-7.62494933082003e-05,-7.625240044859478e-05,4591.10546875,4428.62458984375,4587.884684521008,4713.4495111712395,4468.7614263287605,244.68808484247893,81.40538222209298,0.004478154636716311,20.83984375,114.81982421875,124.56005859375,0.30169907064256796
2023-12-18,4725.580078125,4749.52001953125,4725.580078125,4740.56005859375,4060340000,0.004528344366900416,0.004518122263400515,4602.432470703125,4437.265791015625,4602.42519633746,4736.146065555816,4468.7188758504335,267.42718970538226,82.50639438661761,0.004498156648804935,23.93994140625,118.1201171875,170.7802734375,-0.5059800607861316
2023-12-19,4743.72021484375,4768.68994140625,4743.72021484375,4768.3701171875,4026970000,0.005866407818910568,0.005849267450818904,4613.481982421875,4445.919990234375,4618.229474513654,4763.56229550573,4463.40166933802,300.1606261677098,85.23086304295626,0.004422535349074271,24.9697265625,124.669921875,201.18994140625,-0.008218523571917657
2023-12-20,4764.72998046875,4778.009765625,4697.81982421875,4698.35009765625,4201320000,-0.014684266911006771,-0.014793147965305628,4621.489990234375,4452.7221875,4625.860010051044,4771.746345590663,4471.233634878087,300.5127107125754,68.03728255105909,0.0057835547802514865,80.18994140625,-8.73974609375,149.01025390625,0.043295579554851304
2023-12-21,4724.2900390625,4748.7099609375,4708.35009765625,4746.75,3431180000,0.010301467821202559,0.010248769307271876,4630.996484375,4460.11818359375,4637.373342427135,4787.884053601123,4474.108915148878,313.7751384522453,69.83520219628537,0.006075664013972249,40.35986328125,27.2001953125,161.16015625,-0.18330905524930263
2023-12-22,4753.919921875,4772.93994140625,4736.77001953125,4754.6298828125,3046770000,0.0016600585268868873,0.0016586821527610754,4640.760986328125,4468.218583984375,4648.540631987646,4803.085387087955,4478.436585568295,324.6488015196592,75.21899993471636,0.006066800221775389,36.169921875,35.43994140625,150.259765625,-0.11203434387003885
2023-12-26,4758.85986328125,4784.72021484375,4758.4501953125,4774.75,2513910000,0.0042316894655107795,0.004222761046978559,4651.976977539062,4477.15798828125,4660.560571798346,4818.953927674486,4485.000027403638,333.95390027084795,77.02659917375863,0.00600571083030373,26.27001953125,34.18994140625,152.31005859375,-0.17489341171141903
2023-12-27,4773.4501953125,4785.39013671875,4768.89990234375,4781.580078125,2748450000,0.0014304577464787638,0.0014294356164229985,4663.311474609375,4485.3169921875,4672.086239067551,4833.288486341636,4493.334462877115,339.954023464521,81.13139870978551,0.00600084661731514,16.490234375,13.2099609375,137.8798828125,0.09329689607026515
2023-12-28,4786.43994140625,4793.2998046875,4780.97998046875,4783.35009765625,2698860000,0.0003701746080437829,0.0003701061103271183,4674.949975585938,4493.519990234375,4682.682797028379,4844.301485223098,4505.598465948778,338.70301927432047,79.20953599436888,0.005968784402985002,12.31982421875,85.0,76.26025390625,-0.018042896905528516
2023-12-29,4782.8798828125,4788.43017578125,4751.990234375,4769.830078125,3126060000,-0.0028264750133749628,-0.0028304770367338357,4685.051489257812,4502.62458984375,4690.982538085201,4851.569987546061,4518.532990969563,333.0369965764985,74.82447297938803,0.006076828291022832,36.43994140625,23.080078125,50.2802734375,0.15828905537893778
2024-01-02,4745.2001953125,4754.330078125,4722.669921875,4742.830078125,3743050000,-0.005660579005492328,-0.005676660799723162,4692.461499023438,4511.92119140625,4695.920399041373,4855.184435858203,4529.738562188672,325.44587366953056,67.59112734640877,0.006252985762690712,31.66015625,-11.7998046875,23.64013671875,0.197369852146152
2024-01-03,4725.06982421875,4729.2900390625,4699.7099609375,4704.81005859375,3950760000,-0.008016314922730805,-0.008048618327197648,4699.2130126953125,4521.534189453125,4696.767033284456,4851.365365418677,4547.060659971948,304.3047054467297,58.51231552557442,0.006431617166311532,29.580078125,-69.93994140625,-35.75,0.055492178838113304
2024-01-04,4697.419921875,4726.77978515625,4687.52978515625,4688.68017578125,3715480000,-0.0034283812973570083,-0.003434271663317429,4705.288012695312,4530.9669921875,4695.996856379389,4844.386058931048,4566.189966459577,278.1960924714713,47.04679787135716,0.006510781252755673,39.25,-92.89990234375,-79.68994140625,-0.059553098644311464
2024-01-05,4690.56982421875,4721.490234375,4682.10986328125,4697.240234375,3844370000,0.0018256861788026324,0.0018240216394339805,4712.683032226562,4539.958193359375,4696.115273331352,4831.053969962663,4594.312094490461,236.74187547220208,46.37584595322628,0.006393076485187044,39.38037109375,-86.10986328125,-1.10986328125,0.034689999677026906
2024-01-08,4703.7001953125,4764.5400390625,4699.81982421875,4763.5400390625,3742320000,0.014114629309846638,0.014015945436353141,4721.580541992187,4551.49359375,4702.5366795914615,4825.610818722793,4617.550265261581,208.06055346121138,55.93344125090312,0.006845974412244553,64.72021484375,-6.2900390625,16.7900390625,-0.026545311715573727
2024-01-09,4741.93017578125,4765.47021484375,4730.35009765625,4756.5,3529960000,-0.0014779006799081618,-0.0014789938523175842,4729.187036132813,4563.878994140625,4707.676043439894,4818.311228095202,4640.062844170424,178.24838392477795,52.21757731461542,0.0068664916002958275,35.1201171875,13.669921875,1.8701171875,-0.05674554821607991
2024-01-10,4759.93994140625,4790.7998046875,4756.2001953125,4783.4501953125,3498680000,0.00566597189372442,0.005649980650495912,4737.237548828125,4577.200595703125,4714.892629332523,4813.99164789227,4660.48344976398,153.50819812828922,52.102983834724704,0.006907783267372353,34.599609375,78.64013671875,8.7001953125,-0.008861290212920259
2024-01-11,4792.1298828125,4798.5,4739.580078125,4780.240234375,3759890000,-0.0006710555783868699,-0.0006712808369611647,4744.06455078125,4589.46900390625,4721.11621076514,4809.197606554362,4678.931495008137,130.26611154622515,64.03526243466123,0.006893319110332139,58.919921875,91.56005859375,-1.33984375,0.07465958590096844
2024-01-12,4791.18017578125,4802.39990234375,4768.97998046875,4783.830078125,3486340000,0.0007509755941104146,0.0007506937530339595,4747.9015625,4601.269609375,4727.088960037508,4812.90473822714,4682.89838677286,130.00635145427987,57.508522974458764,0.006269111553455244,33.419921875,86.58984375,0.47998046875,-0.07275478803901181
2024-01-16,4772.35009765625,4782.33984375,4747.1201171875,4765.97998046875,4260550000,-0.0037313402367431525,-0.0037383190523568345,4750.223071289062,4611.83201171875,4730.792866745245,4814.272279383848,4686.173863194276,128.09841618957216,52.20913457426284,0.006333588554246139,35.2197265625,2.43994140625,-3.85009765625,0.22206956292272118
2024-01-17,4739.1298828125,4744.22998046875,4714.81982421875,4739.2099609375,3928600000,-0.005616897183990499,-0.005632731271107821,4751.224072265625,4620.260615234375,4731.594494763555,4813.840907758031,4688.6072367732195,125.2336709848114,43.25718414762937,0.006480001558988428,29.41015625,-17.2900390625,-3.6201171875,-0.07791247608876783
2024-01-18,4760.10009765625,4785.7900390625,4740.56982421875,4780.93994140625,4019000000,0.008805260963896,0.008766720726243148,4753.24306640625,4628.7126171875,4736.294061110479,4817.005633147882,4689.480499664619,127.52513348326283,49.892752840699934,0.006696223421909267,45.22021484375,-2.51025390625,76.1298828125,0.023010741740060014
2024-01-19,4796.27978515625,4842.06982421875,4785.8701171875,4839.81005859375,4287200000,0.012313502764936146,0.012238308232548512,4756.8150634765625,4638.18921875,4746.1527275374565,4831.255773289179,4682.374353663946,148.88141962523332,57.94002851076569,0.0071131236324430995,56.19970703125,59.56982421875,151.1298828125,0.06673301816372224
2024-01-22,4853.419921875,4868.41015625,4844.0498046875,4850.43017578125,4297610000,0.0021943252026270788,0.0021919211872316853,4764.4190673828125,4647.630224609375,4756.083913084484,4844.564935822803,4684.273198942822,160.29173687998082,61.428094715227076,0.006114508915724567,24.3603515625,66.60009765625,153.18994140625,0.002428158238477307
2024-01-23,4856.7998046875,4866.47998046875,4844.3701171875,4864.60009765625,3912800000,0.002921374261968035,0.002917115340764486,4770.311572265625,4657.266630859375,4766.418787805605,4861.549343404775,4679.073801126475,182.47554227830005,67.91736537099224,0.005775802456092814,22.10986328125,98.6201171875,101.06005859375,-0.08954046551455341
2024-01-24,4888.56005859375,4903.68017578125,4865.93994140625,4868.5498046875,4330030000,0.0008119284117831249,0.0008115989762168653,4776.007568359375,4667.690625,4776.145551318166,4876.842523855298,4675.172612863452,201.66991099184634,76.77763493064816,0.005775690866009928,37.740234375,129.33984375,112.0498046875,0.10663207932938046
2024-01-25,4886.66015625,4898.14990234375,4869.33984375,4894.16015625,4020430000,0.005260365527706368,0.00524657813497798,4781.978076171875,4677.2690234375,4787.38503750215,4895.803457175685,4668.152695168064,227.65076200762087,82.59308426183952,0.005808592952555095,28.81005859375,113.22021484375,110.7099609375,-0.07150065934878047
2024-01-26,4888.91015625,4906.68994140625,4881.47021484375,4890.97021484375,3353400000,-0.0006517852510764532,-0.0006519977554263648,4787.447583007813,4686.857431640625,4797.250292487064,4911.266508737795,4663.62865727783,247.63785145996553,81.26188791518075,0.005823862709919646,25.2197265625,51.16015625,110.72998046875,-0.16591011409227374
2024-01-29,4892.9501953125,4929.31005859375,4887.39990234375,4927.93017578125,3525160000,0.007556774896180896,0.007528365505246204,4794.676586914063,4695.50203125,4809.695995657939,4933.465521547318,4655.887652280808,277.5778692665099,79.30198351567056,0.005992626515843932,41.91015625,77.5,144.10009765625,0.051219657660881435
2024-01-30,4925.89013671875,4931.08984375,4916.27001953125,4924.97021484375,3836130000,-0.0006006499345398986,-0.0006008303969786162,4802.43359375,4703.943837890625,4820.674492723255,4952.276955591645,4652.590231908355,299.68672368328953,80.47247182179326,0.0059282345452499555,14.81982421875,60.3701171875,158.990234375,0.0882144356568213
2024-01-31,4899.18994140625,4906.75,4845.14990234375,4845.64990234375,4696120000,-0.016105744611597972,-0.016236851740733683,4807.5745849609375,4710.69203125,4823.053103163302,4955.854818664429,4659.294351257446,296.56046740698366,59.45858449054995,0.006971520340477192,61.60009765625,-22.89990234375,106.43994140625,0.22418166224815117
2024-02-01,4861.10986328125,4906.97021484375,4853.52001953125,4906.18994140625,4386090000,0.012493688211609788,0.012416286114049784,4817.643579101563,4718.5354296875,4830.970897281678,4963.877083359796,4671.410074843329,292.4670085164671,66.30922046801004,0.007068381544731323,53.4501953125,12.02978515625,125.25,-0.06601833002563817
2024-02-02,4916.06005859375,4975.2900390625,4907.990234375,4958.60986328125,3974350000,0.01068444607751462,0.01062777072263312,4831.140063476562,4726.760029296875,4843.126989281637,4977.083067106912,4685.197059846213,291.88600726069853,70.09145721986665,0.007188593215066223,67.2998046875,67.6396484375,118.7998046875,-0.09387404271230182
2024-02-05,4957.18994140625,4957.18994140625,4918.08984375,4942.81005859375,4023640000,-0.0031863375266721894,-0.0031914247092839714,4843.4185546875,4734.852431640625,4852.62061493041,4983.115789798428,4703.721319576572,279.39447022185595,70.42341529438303,0.007311652335995212,39.10009765625,14.8798828125,92.3798828125,0.012402028004579346
2024-02-06,4950.16015625,4957.77001953125,4934.8798828125,4954.22998046875,4440880000,0.0023104108269635937,0.0023077459317481074,4852.953051757812,4742.80462890625,4862.297697362633,4995.691841714058,4710.214261801567,285.4775799124909,75.74719673325436,0.006789008698601886,22.89013671875,29.259765625,89.6298828125,0.10369714984441947
2024-02-07,4973.0498046875,4999.89013671875,4969.0498046875,4995.06005859375,4895590000,0.008241457963390042,0.008207682594008628,4864.8810546875,4751.519033203125,4874.941731765596,5013.434702889425,4716.327406485575,297.10729640385034,75.69481554399287,0.006875294766865102,30.84033203125,149.41015625,126.51025390625,0.10239186827835933
2024-02-08,4995.16015625,5000.39990234375,4987.08984375,4997.91015625,4341860000,0.0005705832608251526,0.000570420540090595,4875.604052734375,4760.4686328125,4886.653010287921,5030.244544901267,4720.963560567483,309.28098433378364,71.91937080197295,0.006845063777216531,13.31005859375,91.72021484375,103.75,-0.11310791957659849
2024-02-09,5004.169921875,5030.06005859375,5000.33984375,5026.60986328125,3912990000,0.0057423415255595245,0.0057259171287955156,4887.922534179687,4769.90302734375,4899.9822343825235,5049.665400872247,4726.1796674871275,323.4857333851196,73.2599037154888,0.006852838106828745,29.72021484375,68.0,135.6396484375,-0.09877563993311622
2024-02-12,5026.830078125,5048.39013671875,5016.830078125,5021.83984375,3805740000,-0.0009489536011326738,-0.0009494041426524416,4899.823022460938,4779.32822265625,4911.5877209889495,5064.318909382202,4735.327135539674,328.99177384252835,71.28774787900582,0.006886631248749691,31.56005859375,79.02978515625,93.90966796875,-0.02740870791900818
2024-02-13,4967.93994140625,4971.2998046875,4920.31005859375,4953.169921875,4302190000,-0.013674255653625456,-0.013768609419845444,4909.18251953125,4787.035625,4915.547930597145,5062.537757593765,4755.827281468736,306.71047612502844,59.74796212007011,0.0076708335716608915,50.98974609375,-1.06005859375,28.19970703125,0.1304476921702482
2024-02-14,4976.43994140625,5002.52001953125,4956.4501953125,5000.6201171875,3845600000,0.009579763275017639,0.009534168304216807,4922.25302734375,4795.1554296875,4923.65004360575,5058.181095044013,4786.324959643486,271.8561354005269,61.67631704657674,0.0076337731098104,46.06982421875,5.56005859375,154.97021484375,-0.10612966884307762
2024-02-15,5003.14013671875,5032.72021484375,4999.43994140625,5029.72998046875,4137970000,0.005821250684729495,0.00580437267404004,4934.692529296875,4804.35443359375,4933.7528947355595,5061.391651601377,4807.993406992374,253.3982446090031,64.4001475586941,0.007537042433320519,33.2802734375,31.81982421875,123.5400390625,0.07602714790929888
2024-02-16,5031.1298828125,5038.7001953125,4999.52001953125,5005.56982421875,3833270000,-0.0048034698371121065,-0.0048150435759610425,4942.980517578125,4813.1222265625,4940.592602305387,5065.1514623185785,4820.809572837671,244.3418894809074,58.277148021055446,0.007341316741019026,39.18017578125,-21.0400390625,46.9599609375,-0.07363513993576565
2024-02-20,4989.31982421875,4993.7099609375,4955.02001953125,4975.509765625,4034880000,-0.006005322001165325,-0.0060234264658172495,4949.2344970703125,4821.645625,4943.918046431065,5064.041066459812,4834.427927680813,229.6131387789992,55.093684824898894,0.0075391887422643035,38.68994140625,-46.330078125,32.69970703125,0.05259478200074619
2024-02-21,4963.02978515625,4983.2099609375,4946.0,4981.7998046875,3788390000,0.001264199922982101,0.0012634014951035982,4955.094482421875,4829.56982421875,4947.5258329316775,5063.497564443312,4846.691400400438,216.8061640428732,66.09071299225457,0.007529541984876864,37.2099609375,28.6298828125,27.56982421875,-0.06108979697041794
2024-02-22,5038.830078125,5094.39013671875,5038.830078125,5087.02978515625,4051710000,0.02112288421741404,0.02090288866640342,4966.018481445312,4839.223017578125,4960.811923619732,5081.502453157022,4850.534509733603,230.96794342341855,69.33041884313946,0.008743711776463325,55.56005859375,86.40966796875,91.9697265625,0.0695070993218756
2024-02-23,5100.919921875,5111.06005859375,5081.4599609375,5088.7998046875,3672790000,0.0003479475462115911,0.000347887026502183,4975.750463867187,4848.55021484375,4973.001245626186,5098.3246145558805,4853.176313178494,245.14830137738682,65.60619310007363,0.008723184555908998,29.60009765625,59.06982421875,90.8896484375,-0.09352100717968459
2024-02-26,5093.0,5097.66015625,5068.91015625,5069.52978515625,3683930000,-0.003786751350190576,-0.003793939244668484,4984.678442382812,4857.066806640625,4982.194439867144,5107.263494232288,4862.093390533336,245.17010369895252,65.0648750563071,0.008800934974553531,28.75,63.9599609375,42.919921875,0.0030331165136041616
2024-02-27,5074.60009765625,5080.68994140625,5057.2900390625,5078.18017578125,3925950000,0.0017063496993998672,0.001704895538720964,4992.190942382813,4864.48861328125,4991.33593852563,5118.492299804938,4865.889584960688,252.60271484424993,64.83330138977837,0.00869723135753996,23.39990234375,102.67041015625,56.34033203125,0.06569614514933786
2024-02-28,5067.2001953125,5077.3701171875,5058.35009765625,5069.759765625,3789370000,-0.001658155060430544,-0.001659531321112244,4999.430419921875,4871.4928125,4998.804874439856,5126.106344306825,4872.754495536925,253.35184876990024,59.691169781870286,0.008714120312722173,19.02001953125,87.9599609375,116.58984375,-0.034789031954049365
2024-02-29,5085.35986328125,5104.990234375,5061.89013671875,5096.27001953125,5219740000,0.005229094697149161,0.0052154704557999644,5011.96142578125,4879.0344140625,5008.087269210465,5123.232730019953,4900.690121542547,222.54260847740625,62.02263902301025,0.0076933747880310755,43.10009765625,9.240234375,95.64990234375,0.37746907797338336
2024-03-01,5098.509765625,5140.330078125,5094.16015625,5137.080078125,4748110000,0.00800782894888763,0.007975936433387976,5023.505932617188,4886.964814453125,5020.372298630897,5136.468662795063,4910.543202439312,225.92546035575106,63.11463911454174,0.00744983245062587,46.169921875,48.2802734375,107.35009765625,-0.09035507515700014
2024-03-04,5130.990234375,5149.669921875,5127.18017578125,5130.9501953125,4758440000,-0.0011932620709189656,-0.0011939745749630112,5032.12294921875,4894.216416015625,5030.903526886287,5150.409361405032,4913.836537032469,236.57282437256254,62.911512646993565,0.007218475843810907,22.48974609375,61.42041015625,125.38037109375,0.0021756025028907278
2024-03-05,5110.52001953125,5114.5400390625,5056.81982421875,5078.64990234375,4418410000,-0.010193100883444606,-0.010245406275917994,5038.91494140625,4901.822412109375,5035.450800739379,5151.048132408209,4926.781750404291,224.2663820039179,65.44705037995044,0.007628264902692977,57.72021484375,0.4697265625,103.14013671875,-0.07145829305402607
2024-03-06,5108.02978515625,5127.97021484375,5092.22021484375,5104.759765625,4559050000,0.005141103203274655,0.005127932853001643,5046.441430664063,4908.982607421875,5042.05165453801,5154.784780540657,4938.0980807874685,216.6866997531888,63.53091050279529,0.007672489444369232,35.75,35.0,122.9599609375,0.0318304548468793
2024-03-07,5132.3798828125,5165.6201171875,5128.2099609375,5157.35986328125,4137980000,0.010304127925951478,0.010251402284983627,5054.556420898438,4917.03720703125,5053.033388704032,5170.7256521859135,4938.387189610962,232.33846257495134,65.62898369093375,0.007780616810952821,37.41015625,61.08984375,70.330078125,-0.09235915377107073
2024-03-08,5164.4599609375,5189.259765625,5117.5,5123.68994140625,4208870000,-0.0065285190034379825,-0.006549922992050337,5060.84541015625,4924.016005859375,5059.762584199481,5177.718932038595,4943.971888273905,233.7470437646898,64.13524397626266,0.007990530100812637,71.759765625,-13.39013671875,34.89013671875,0.01713154727669064
2024-03-11,5111.9599609375,5124.66015625,5091.14013671875,5117.93994140625,3896430000,-0.001122238087346461,-0.0011228682680281005,5065.4119140625,4930.743203125,5065.30328488584,5183.78056142891,4947.04326669609,236.73729473282037,68.09734573668806,0.007935726182149338,33.52001953125,-13.01025390625,48.41015625,-0.07423370168239929
2024-03-12,5134.2998046875,5179.8701171875,5114.47998046875,5175.27001953125,4080510000,0.011201787981366396,0.011139512586668012,5073.083422851562,4938.5816015625,5075.776307233022,5199.196268151469,4946.970577551656,252.22569059981288,71.76016897305811,0.008243413960202874,65.39013671875,96.6201171875,97.08984375,0.04724324574033156
2024-03-13,5173.490234375,5179.14013671875,5151.8798828125,5165.31005859375,4282890000,-0.0019245297153407392,-0.0019263840021219723,5083.6904296875,4946.491201171875,5084.303331172138,5202.829860655715,4964.550998719285,238.27886193642917,61.20590833855238,0.007486112413543746,27.26025390625,60.55029296875,95.55029296875,0.049596741583772586
2024-03-14,5175.14013671875,5176.85009765625,5123.2998046875,5150.47998046875,4687970000,-0.0028710915621273925,-0.002875221051495188,5091.183422851563,4954.64419921875,5090.605869200387,5207.132356618359,4975.234489084766,231.89786753359294,58.51133645521005,0.007350064919166012,53.55029296875,-6.8798828125,54.2099609375,0.09458099554272925
2024-03-15,5123.31005859375,5136.85986328125,5104.35009765625,5117.08984375,7753670000,-0.006482917484461503,-0.0065040228597376655,5095.551416015625,4962.889794921875,5093.128152490826,5208.290301265722,4982.812530765529,225.4777705001925,56.31672401694957,0.007483327995230787,32.509765625,-6.60009765625,-19.990234375,0.6539504305701616
2024-03-18,5154.77001953125,5175.60009765625,5145.47021484375,5149.419921875,4036220000,0.006318059504952345,0.006298184238480456,5102.743920898438,4972.10458984375,5098.489273384557,5209.50805217733,4995.979789619546,213.52826255778382,58.90182784637744,0.00745130345923853,30.1298828125,31.47998046875,18.4697265625,-0.479443927843202
2024-03-19,5139.08984375,5180.31005859375,5131.58984375,5178.509765625,4031760000,0.0056491496501236416,0.00563325304434312,5112.8939208984375,4981.72998046875,5106.110272645552,5206.516608955881,5019.271232840994,187.2453761148863,62.9214917268107,0.007292097413967148,48.72021484375,3.23974609375,99.85986328125,-0.0011049942768233123
2024-03-20,5181.68994140625,5226.18994140625,5171.5498046875,5224.6201171875,4064850000,0.008904173912846591,0.008864765516360184,5125.034936523438,4990.95158203125,5117.39692450669,5209.619029951152,5040.450843095724,169.16818685542785,64.571638906782,0.007448490989910104,54.64013671875,59.31005859375,119.8603515625,0.008207333769867153
2024-03-21,5253.43017578125,5261.10009765625,5240.66015625,5241.52978515625,4207730000,0.0032365354015160275,0.003231309094528888,5132.759936523437,5000.652177734375,5129.21910171141,5230.002847581242,5035.517025465632,194.48582211561006,62.53867174357249,0.006020076972989127,20.43994140625,91.0498046875,84.169921875,0.0351501285410285
2024-03-22,5242.47998046875,5246.08984375,5229.8701171875,5234.18017578125,3374700000,-0.0014021878490156903,-0.0014031718343267125,5140.028955078125,5009.66677734375,5139.215394479967,5244.873373088153,5035.184537068098,209.68883602005553,62.3560655561413,0.0060505654885761265,16.2197265625,117.09033203125,110.490234375,-0.19797610588131842
2024-03-25,5219.52001953125,5229.08984375,5216.08984375,5218.18994140625,3331360000,-0.0030549644525015296,-0.0030596403820319297,5147.461962890625,5018.425771484375,5146.736779901517,5252.34052591386,5042.58339986739,209.75712604647015,68.29218022705044,0.006019511568295649,13.0,68.77001953125,100.25,-0.012842623047974677
2024-03-26,5228.85009765625,5235.16015625,5203.419921875,5203.580078125,3871790000,-0.002799795225030266,-0.002803721982805726,5153.731958007813,5026.820771484375,5152.150427351373,5256.135398246731,5051.328517768895,204.80688047783588,63.356987101304654,0.00609381080509971,31.740234375,25.0703125,28.31005859375,0.16222503722203552
2024-03-27,5226.31005859375,5249.259765625,5213.919921875,5248.490234375,3850500000,0.008630626525532925,0.008593595582706042,5162.668481445313,5036.4709765625,5161.325647067909,5265.4111641599575,5059.925798730668,205.48536542928923,62.57907627853183,0.0062682374015906005,35.33984375,23.8701171875,83.18017578125,-0.00549874864080957
2024-03-28,5248.02978515625,5264.85009765625,5245.81982421875,5254.35009765625,3998270000,0.0011164855071790214,0.0011158627007616052,5170.572485351562,5046.773779296875,5170.185118552513,5276.092328330232,5065.0526423728925,211.03968595733932,69.53534279857263,0.006215419194875441,19.0302734375,12.8203125,103.8701171875,0.03837683417737958
2024-04-01,5257.97021484375,5263.9501953125,5229.2001953125,5243.77001953125,3325930000,-0.0020135845401164643,-0.0020156145269577246,5175.906982421875,5056.030380859375,5177.193204360012,5285.023605193301,5066.790359650449,218.23324554285136,68.5453320744289,0.0060693733359169005,34.75,9.58984375,126.68017578125,-0.168157728217454
2024-04-02,5204.2900390625,5208.33984375,5184.0498046875,5205.81005859375,3886590000,-0.0072390590731691296,-0.007265388203672426,5179.649975585938,5063.350380859375,5179.918619048939,5287.400622217057,5071.899328954818,215.50129326223941,54.77367297905403,0.0063316514165601455,24.2900390625,-12.3798828125,56.39013671875,0.16857239929884282
2024-04-03,5194.3701171875,5228.75,5194.3701171875,5211.490234375,3703250000,0.001091122364688113,0.001090527523337898,5186.2919921875,5070.57158203125,5182.925439556183,5283.710155822834,5088.873828552166,194.83632727066833,57.31624865204402,0.005784967959696516,34.3798828125,7.91015625,32.98046875,-0.0471724570896338
2024-04-04,5244.0498046875,5256.58984375,5146.06005859375,5147.2099609375,4075680000,-0.012334336350379616,-0.01241103561926225,5188.414501953125,5076.223779296875,5179.523965402022,5280.030081670674,5096.798922235576,183.23115943509765,49.552113832774005,0.006456299885056102,110.52978515625,-101.2802734375,-77.41015625,0.10056841963140495
2024-04-05,5158.9501953125,5222.18017578125,5157.2099609375,5204.33984375,3386780000,0.011099194174331695,0.011038050135699558,5190.763500976563,5082.939580078125,5181.887382387544,5281.430722028671,5100.096279924454,181.33444210421658,61.2207092818515,0.006522381639160027,64.97021484375,-50.01025390625,-37.18994140625,-0.16902700898991085
2024-04-08,5211.3701171875,5219.56982421875,5197.35009765625,5202.39013671875,3278180000,-0.00037463099831791524,-0.0003747011900415767,5194.698510742188,5089.1041796875,5183.840025657182,5279.767175084117,5109.629846400258,170.13732868385887,57.38961858143409,0.006316573499316926,22.2197265625,-41.3798828125,-31.7900390625,-0.03206585606387191
2024-04-09,5217.02978515625,5224.81005859375,5160.77978515625,5209.91015625,3400680000,0.0014454931932483817,0.0014444494736345207,5199.297021484375,5095.482978515625,5186.32289523745,5276.4718865268005,5122.12215644195,154.3497300848503,54.661026776913175,0.006301923205673923,64.0302734375,4.10009765625,-8.27978515625,0.037368295822682196
2024-04-10,5167.8798828125,5178.43017578125,5138.7001953125,5160.64013671875,3845930000,-0.009456980649108493,-0.009501981832212592,5198.56552734375,5100.137177734375,5183.876918235669,5276.966877045311,5120.164177642188,156.80269940312246,40.5911658306035,0.0062187128685922445,39.72998046875,-50.85009765625,-42.93994140625,0.13092969641365837
2024-04-11,5172.9501953125,5211.77978515625,5138.77001953125,5199.06005859375,3509380000,0.007444797710585593,0.007417221983342437,5200.25302734375,5105.618974609375,5185.322931603106,5277.077544401852,5123.4285102856475,153.64903411620435,44.12606095314247,0.006425341590857119,73.009765625,51.85009765625,-49.43017578125,-0.08750809297101092
2024-04-12,5171.509765625,5175.02978515625,5107.93994140625,5123.41015625,3963220000,-0.01455068829580164,-0.014657587802248536,5198.8995361328125,5111.1741796875,5179.426476807572,5280.23750858732,5117.561563678305,162.67594490901502,37.114073145046135,0.007215261694551592,67.08984375,-80.9296875,-130.93994140625,0.12932198849939303
2024-04-15,5149.669921875,5168.43017578125,5052.47021484375,5061.81982421875,3950210000,-0.01202135494776202,-0.012094195787459195,5196.13603515625,5114.28677734375,5168.225843227684,5291.690533546074,5100.581536766425,191.1089967796488,33.5541884063925,0.007565320076383194,115.9599609375,-140.5703125,-181.9501953125,-0.0032826842819727586
2024-04-16,5064.58984375,5079.83984375,5039.830078125,5051.41015625,4006200000,-0.0020565070133361507,-0.0020586245275039964,5191.235546875,5116.142783203125,5157.100539706,5305.16399565729,5077.3070980927105,227.8568975645794,33.85327831650153,0.007397069689419134,40.009765625,-158.5,-154.39990234375,0.014173929993595236
2024-04-17,5068.97021484375,5077.9599609375,5007.25,5022.2099609375,3596130000,-0.005780602724641426,-0.005797375076004185,5183.420556640625,5117.73078125,5144.253817918524,5320.179858138999,5046.661255142251,273.5186029967481,25.161331126509324,0.007302589499765956,70.7099609375,-138.43017578125,-189.2802734375,-0.10235884379212223
2024-04-18,5031.52001953125,5056.66015625,5001.89013671875,5011.1201171875,3619760000,-0.002208160119998248,-0.0022106017004853043,5172.745556640625,5118.868583984375,5131.574417848903,5328.03861151737,5017.452501763881,310.5861097534889,23.603847070980052,0.00687933486881517,54.77001953125,-187.93994140625,-136.08984375,0.006570952663001561
2024-04-19,5005.43994140625,5019.02001953125,4953.56005859375,4967.22998046875,3878750000,-0.00875854812743615,-0.008797129654056974,5159.03056640625,5118.311982421875,5115.922566669841,5335.7218190153435,4982.339313797156,353.38250521818736,22.012385920454165,0.006915918221361581,65.4599609375,-156.18017578125,-237.10986328125,0.07154894247132404
2024-04-22,4987.330078125,5038.83984375,4969.39990234375,5010.60009765625,3820250000,0.008731248071466746,0.00869335115683908,5147.8515625,5118.56578125,5105.891855335213,5332.6295412250365,4963.0735837749635,369.55595745007304,30.457514806320233,0.007369341482994417,69.43994140625,-51.2197265625,-191.7900390625,-0.015082178536899749
2024-04-23,5028.85009765625,5076.1201171875,5027.9599609375,5070.5498046875,3751400000,0.011964576270872662,0.01189356656772209,5140.469555664063,5119.444580078125,5102.525945749717,5325.212321617927,4955.726789710198,369.4855319077287,37.2733060674522,0.008010175108923224,48.16015625,19.1396484375,-139.3603515625,-0.018022380734245114
2024-04-24,5084.85986328125,5089.47998046875,5047.02001953125,5071.6298828125,3656740000,0.0002130100613548791,0.00021298737793290078,5133.872045898437,5120.440380859375,5099.58346356522,5318.549514549066,4949.194577247808,369.35493730125745,42.29591552324146,0.008010864422280245,42.4599609375,49.419921875,-89.01025390625,-0.025233246254731556
2024-04-25,5019.8798828125,5057.75,4990.580078125,5048.419921875,3958050000,-0.004576430353515626,-0.0045869342701194095,5123.8685302734375,5122.345380859375,5094.710745309008,5304.02385808077,4943.713202466105,360.31065561466494,32.925968542940126,0.007691230824617888,67.169921875,37.2998046875,-150.64013671875,0.08239852983805251
2024-04-26,5084.64990234375,5114.6201171875,5073.14013671875,5099.9599609375,3604140000,0.01020914263474304,0.010157381332325343,5116.1490234375,5124.332177734375,5095.21067060696,5285.680942306211,4946.617104568788,339.06383773742346,39.88223911594451,0.00813564232726208,41.47998046875,132.72998046875,-23.4501953125,-0.08941524235418952
2024-04-29,5114.1298828125,5123.490234375,5088.64990234375,5116.169921875,3447450000,0.0031784486665891176,0.0031734080766393944,5109.769018554687,5126.0609765625,5097.206789775345,5268.3275797067445,4951.21045740263,317.1171223041147,40.896883185360664,0.008199587128930763,34.84033203125,105.56982421875,54.35009765625,-0.043475003745692464
2024-04-30,5103.77978515625,5110.830078125,5035.31005859375,5035.68994140625,4082470000,-0.01573051358686217,-0.015855551118928123,5101.263012695313,5126.66337890625,5091.348042311622,5256.342393271969,4946.1836321186565,310.1587611533123,38.55955693531426,0.008731396646858406,75.52001953125,-34.85986328125,-15.72021484375,0.1841999158798533
2024-05-01,5029.02978515625,5096.1201171875,5013.4501953125,5018.39013671875,4544170000,-0.0034354388154940185,-0.0034413534856316866,5091.6080078125,5127.520986328125,5084.399670350395,5241.758219350181,4941.457796274818,300.30042307536314,32.79234851712059,0.008715977893005093,82.669921875,-53.23974609375,-3.81982421875,0.11309329890972863
2024-05-02,5049.31982421875,5073.2099609375,5011.0498046875,5064.2001953125,4381660000,0.009128437077573048,0.009087024725084856,5087.45751953125,5129.168994140625,5082.475910822976,5235.713513323719,4939.201525738781,296.51198758493774,44.02076475356648,0.008678362969478874,62.16015625,15.7802734375,53.080078125,-0.03576230642779654
2024-05-03,5122.77978515625,5139.1201171875,5101.22021484375,5127.7900390625,3924990000,0.012556739721478527,0.012478557659508005,5083.630029296875,5129.98419921875,5086.7915420838835,5222.858338079092,4944.401720514658,278.45661756443405,56.63511507964181,0.008788759097339418,37.89990234375,27.830078125,160.56005859375,-0.1042230570149213
2024-05-06,5142.419921875,5181.0,5142.419921875,5180.740234375,3683250000,0.01032612390701182,0.010273173691247842,5082.547534179687,5131.8230078125,5095.739036587799,5218.17820315523,4946.916865204144,271.2613379510858,61.98233150326986,0.009128991136005474,38.580078125,64.5703125,170.14013671875,-0.06158996583430787
2024-05-07,5187.2001953125,5200.22998046875,5178.9599609375,5187.7001953125,3987890000,0.0013434298232750663,0.0013425282288256131,5081.437036132813,5134.186416015625,5104.497242180628,5212.979026840221,4949.8950454254045,263.08398141481666,65.99156739291269,0.009128069685316303,21.27001953125,152.01025390625,117.150390625,0.08270956356478654
2024-05-08,5168.97998046875,5191.9501953125,5165.85986328125,5187.669921875,3842100000,-5.835618166138978e-06,-5.835635193424912e-06,5082.788525390625,5136.3762109375,5112.418449770568,5218.253741102944,4947.323309678306,270.9304314246383,67.43288147295299,0.008862989636226237,26.09033203125,169.27978515625,116.0400390625,-0.03655817988961585
2024-05-09,5189.02978515625,5215.2998046875,5180.41015625,5214.080078125,3727370000,0.005090947698625836,0.005078032639106711,5083.539526367187,5139.2626171875,5122.100509613848,5221.8553659362815,4945.223686798093,276.6316791381887,75.24596827755789,0.008778324127372526,34.8896484375,149.8798828125,165.66015625,-0.029861273782566866
2024-05-10,5225.490234375,5239.66015625,5209.68017578125,5222.68017578125,3617900000,0.001649398844549843,0.001648040080166728,5088.50302734375,5141.7908203125,5131.679525439315,5239.3959945425795,4937.61006014492,301.78593439765973,73.35065879028599,0.008065962042584689,29.97998046875,94.89013671875,122.72021484375,-0.02936923353463705
2024-05-13,5233.080078125,5237.259765625,5211.16015625,5221.419921875,4255710000,-0.00024130405535727206,-0.00024133317386520824,5096.4830322265625,5143.4776171875,5140.226229861761,5257.945143687031,4935.020920766094,322.9242229209376,69.07668409393438,0.0074741521839935205,26.099609375,40.6796875,105.25,0.17629287708339092
2024-05-14,5221.10009765625,5250.3701171875,5217.97998046875,5246.68017578125,4763580000,0.004837813139759728,0.004826148527454041,5106.246533203125,5145.792216796875,5150.364700901712,5279.423450702237,4933.069615704014,346.35383499822274,70.85864762620685,0.007456575741985091,32.39013671875,58.97998046875,210.990234375,0.11933848875980746
2024-05-15,5263.259765625,5311.759765625,5263.259765625,5308.14990234375,4360810000,0.011715927882596233,0.01164782778729962,5120.543530273438,5150.382216796875,5165.391862943811,5310.872002613926,4930.215057932949,380.6569446809772,78.36281444654529,0.007530997674174933,48.5,120.47998046875,289.759765625,-0.08455195462236387
2024-05-16,5310.06982421875,5325.490234375,5296.18994140625,5297.10009765625,3817470000,-0.0020816677921287052,-0.0020838374740880464,5134.842529296875,5154.2290234375,5177.935504344996,5333.351665114552,4936.333393479198,397.0182716353538,73.61636415748805,0.0075266227311542025,29.30029296875,83.02001953125,232.89990234375,-0.12459611861099196
2024-05-17,5303.10009765625,5305.4501953125,5283.58984375,5303.27001953125,3578120000,0.0011647735102702228,0.0011640956878937513,5151.64453125,5157.1472265625,5189.872124838925,5347.284169529409,4956.004892970591,391.2792765588183,72.96606583532419,0.007035199621129036,21.8603515625,80.58984375,175.47998046875,-0.06269859357113483
2024-05-20,5305.35009765625,5325.31982421875,5302.39990234375,5308.1298828125,3420100000,0.0009163899374069473,0.0009159703084911664,5166.521020507813,5160.836025390625,5201.134768455456,5362.250994366573,4970.791046649053,391.45994771751975,91.06471797845923,0.006934074993242879,22.919921875,86.7099609375,127.3896484375,-0.04416285647211382
2024-05-21,5298.68994140625,5324.31982421875,5297.8701171875,5321.41015625,3662240000,0.002501874243978186,0.0024987497668926086,5179.064038085938,5164.9054296875,5212.589567293031,5380.9536285335225,4977.174447638353,403.7791808951697,96.23426722949768,0.006598537653143542,26.44970703125,74.72998046875,133.7099609375,0.07079909944153684
2024-05-22,5319.27978515625,5323.18017578125,5286.009765625,5307.009765625,3847130000,-0.002706123039226127,-0.0027097912093521476,5190.833032226563,5167.540224609375,5221.581967134171,5393.792716575443,4987.873347877683,405.91936869775964,90.97484525481045,0.006682101027075569,37.17041015625,-1.14013671875,119.33984375,0.05048549521604273
2024-05-23,5340.259765625,5341.8798828125,5256.93017578125,5267.83984375,3869520000,-0.0073807894850155265,-0.007408162283471933,5201.804028320313,5169.5908203125,5225.9874791928205,5395.877432177531,5007.7306244630945,388.14680771443636,75.75665598643658,0.0068608496726372545,84.94970703125,-29.26025390625,53.759765625,0.005819922903567143
2024-05-24,5281.4501953125,5311.64990234375,5278.39013671875,5304.72021484375,3005510000,0.0070010425881694704,0.0069766490766732595,5212.042041015625,5172.675625,5233.485834969099,5405.094800758663,5018.989281272587,386.10551948607645,74.23365229889994,0.0066981311760109285,33.259765625,1.4501953125,82.0400390625,-0.22328609233186547
2024-05-28,5315.91015625,5315.91015625,5280.89013671875,5306.0400390625,3751540000,0.0002488018529340774,0.00024877090688591537,5221.535546875,5176.45462890625,5240.395759168471,5413.407832001924,5029.663261748076,383.744570253848,73.65272383034372,0.006702839840520193,35.02001953125,-2.08984375,84.6201171875,0.24822076785637037
2024-05-29,5278.72998046875,5282.27001953125,5262.7001953125,5266.9501953125,3552750000,-0.007367046509680453,-0.007394317215742535,5233.098559570312,5178.805234375,5242.92475308695,5404.606399819516,5061.590719321109,343.01568049840716,63.70584342353172,0.005740433219130246,19.56982421875,-54.4599609375,20.27001953125,-0.05298890588931482
2024-05-30,5259.77001953125,5260.2099609375,5222.10009765625,5235.47998046875,3818750000,-0.005975035585443322,-0.005992957535754186,5243.953051757812,5179.944638671875,5242.215727123312,5382.570682463832,5105.335421051793,277.2352614120391,53.63596692810696,0.005899020135737338,38.10986328125,-71.52978515625,-72.669921875,0.07487157835479552
2024-05-31,5243.2099609375,5280.330078125,5191.68017578125,5277.509765625,5437160000,0.00802787620486467,0.007995824231928897,5254.6185302734375,5181.002431640625,5245.577064123472,5364.939059291179,5144.298001255696,220.64105803548227,58.365554100344035,0.00583514861988642,88.64990234375,9.669921875,-19.59033203125,0.4238062193126022
2024-06-03,5297.14990234375,5302.10986328125,5234.31982421875,5283.39990234375,4046920000,0.0011160825806737495,0.0011154602235352391,5262.3990234375,5181.839833984375,5249.17923919207,5355.69269733706,5169.105349537939,186.58734779912083,59.3247756132894,0.00528941126007743,67.7900390625,-21.3203125,-19.8701171875,-0.25569230995593284
2024-06-04,5278.240234375,5298.7998046875,5257.6298828125,5291.33984375,3707900000,0.0015028090913065117,0.0015016810037827531,5267.92900390625,5182.98302734375,5253.194534864254,5353.6463117703515,5182.211696042148,171.43461572820343,57.08838568977356,0.004866360052050258,41.169921875,-14.7001953125,-16.7900390625,-0.0837723503306218
2024-06-05,5314.47998046875,5354.16015625,5297.64013671875,5354.02978515625,3591460000,0.011847649793331305,0.011778015849957281,5276.2454833984375,5185.69982421875,5262.797892034921,5361.462020341977,5191.028946454898,170.43307388707944,57.25396041132693,0.005431663823199094,56.52001953125,87.07958984375,32.61962890625,-0.03140322015156827
2024-06-06,5357.7998046875,5362.35009765625,5335.35986328125,5352.9599609375,3609990000,-0.00019981663563317653,-0.00019983660163685183,5284.509985351562,5188.687421875,5271.384755739929,5365.513256780391,5203.506713922733,162.00654285765813,59.11967233239958,0.0054348416436900745,26.990234375,117.47998046875,45.9501953125,0.005159461611712324
2024-06-07,5343.81005859375,5375.080078125,5331.330078125,5346.990234375,3692760000,-0.0011152197300303701,-0.0011158420502790662,5291.155493164062,5190.657421875,5278.585277514697,5369.597455108027,5212.713531220097,156.88392388793,57.142424111893384,0.0054011080620634325,43.75,69.48046875,79.150390625,0.022928041351915063
2024-06-10,5341.22021484375,5365.7900390625,5331.52001953125,5360.7900390625,3622280000,0.0025808546645145203,0.002577529978240972,5298.060986328125,5192.786220703125,5286.414302424011,5375.430646905345,5220.691325750905,154.7393211544404,58.358754960317455,0.005408533728594388,34.27001953125,77.39013671875,56.06982421875,-0.019085995298909197
2024-06-11,5353.0,5375.9501953125,5327.25,5375.31982421875,3568030000,0.0027103813151374556,0.0027067148552095224,5305.7559814453125,5195.417216796875,5294.881494975891,5381.629313657061,5229.882649233564,151.74666442349735,58.52328082275325,0.005403964820399942,48.7001953125,83.97998046875,69.27978515625,-0.014976754972006567
2024-06-12,5409.1298828125,5447.25,5409.1298828125,5421.02978515625,3962840000,0.008503672791998707,0.008467720241887338,5314.473461914063,5199.721611328125,5306.89561785021,5401.07336681496,5227.873557013166,173.1998098017939,66.40296936924787,0.005583490347814428,38.1201171875,67.0,154.07958984375,0.1106520965350628
2024-06-13,5441.93017578125,5441.93017578125,5402.509765625,5433.740234375,3530380000,0.0023446558536817097,0.00234191143711672,5320.752978515625,5204.166611328125,5318.976057519238,5422.339095257333,5219.166861773917,203.17223348341577,75.83316606144656,0.005063347063129408,39.42041015625,80.7802734375,198.26025390625,-0.10912880661343882
2024-06-14,5424.080078125,5432.39013671875,5403.75,5431.60009765625,3438650000,-0.000393860697500914,-0.00039393828099749413,5327.477978515625,5209.8544140625,5329.702156579905,5439.7200790169045,5215.235878014346,224.48420100255862,72.15396000436515,0.00501996731093371,28.64013671875,84.60986328125,154.09033203125,-0.02598303865306284
2024-06-17,5431.10986328125,5488.5,5420.39990234375,5473.22998046875,3447840000,0.007664386564552705,0.007635164372320518,5335.9759765625,5215.232216796875,5343.371473140747,5464.984482787577,5206.967470337424,258.01701245015283,75.590080401304,0.005219459478220548,68.10009765625,112.43994140625,189.830078125,0.002672560452503081
2024-06-18,5476.14990234375,5490.3798828125,5471.31982421875,5487.02978515625,3544330000,0.0025213273947457537,0.0025181541815171163,5344.920971679688,5220.925009765625,5357.053217142224,5489.650675554938,5200.191267804437,289.45940775050076,86.51204990076552,0.005220872223945258,19.06005859375,111.7099609375,195.68994140625,0.027985637384565498
2024-06-20,5499.990234375,5505.52978515625,5455.56005859375,5473.169921875,3847060000,-0.0025259318472709014,-0.0025291273954115403,5352.508959960937,5226.190205078125,5368.111950926298,5507.591449103795,5197.42647081808,310.1649782857148,91.88087941509983,0.005299252038805206,49.9697265625,52.14013671875,119.14013671875,0.08541247570062604
2024-06-21,5466.77001953125,5478.31005859375,5452.02978515625,5464.6201171875,6773800000,-0.001562130321101196,-0.0015633517188252497,5360.389477539063,5232.2698046875,5377.303204855936,5521.632629219024,5199.146325859101,322.4863033599231,87.37885101601273,0.005258384238305048,26.2802734375,30.8798828125,111.66015625,0.7607731618430698
2024-06-24,5459.580078125,5490.66015625,5447.58984375,5447.8701171875,3696750000,-0.003065171894990004,-0.0030698791558664423,5369.3909912109375,5237.246005859375,5384.023863173228,5528.971898892753,5209.810083529122,319.16181536363183,81.48973604844878,0.004955576146568538,43.0703125,16.27001953125,100.8798828125,-0.45425758067849653
2024-06-25,5460.72998046875,5472.8798828125,5446.56005859375,5469.2998046875,3591960000,0.003933590015736899,0.003925873679181344,5377.619970703125,5244.163798828125,5392.145381412683,5540.10653927084,5215.13340213541,324.9731371354301,82.39892614585926,0.004828495801289836,26.31982421875,-3.93017578125,108.509765625,-0.028346520592412272
2024-06-26,5460.7099609375,5483.14013671875,5451.8701171875,5477.89990234375,3563920000,0.0015724312002203256,0.0015711962247204525,5386.212963867188,5252.485400390625,5400.312478644213,5550.92294249255,5221.502985241826,329.4199572507241,78.08224333826303,0.004818929795132721,31.27001953125,-9.1298828125,102.580078125,-0.007806323010278504
2024-06-27,5473.58984375,5490.81005859375,5467.5400390625,5482.8701171875,3589530000,0.0009073212238914774,0.0009069098567990731,5397.008959960937,5261.114599609375,5408.175110886431,5557.043474475562,5236.9744454463125,320.0690290292496,78.9397657460102,0.0043393407737550216,23.27001953125,9.7001953125,61.84033203125,0.007185907652248025
2024-06-28,5488.47998046875,5523.64013671875,5451.1201171875,5460.47998046875,7199220000,-0.004083652583445674,-0.0040920134623695995,5408.258959960937,5269.88,5413.156527037128,5551.204055750739,5265.313864171136,285.8901915796032,73.55833456652226,0.004173371625681007,72.52001953125,-4.14013671875,26.73974609375,1.0056163341718833
2024-07-01,5471.080078125,5479.5498046875,5446.52978515625,5475.08984375,3488760000,0.0026755639309195,0.0026719909814295235,5418.137963867188,5279.15939453125,5419.05493815264,5549.909135376241,5286.366792358135,263.5423430181054,73.6469613706158,0.003939252713244363,33.02001953125,27.2197265625,43.48974609375,-0.5153975013959846
2024-07-02,5461.83984375,5509.68994140625,5458.43017578125,5509.009765625,3329950000,0.006195317856513505,0.0061762057711850496,5429.41845703125,5289.994990234375,5427.622064578579,5550.844758183973,5307.992155878527,242.85260230544554,75.6042500902424,0.004051788376504049,51.259765625,39.7099609375,35.77978515625,-0.0455204714569073
2024-07-03,5507.43994140625,5539.27001953125,5507.419921875,5537.02001953125,2179470000,0.005084444409779065,0.0050715622695336636,5441.702465820313,5300.523388671875,5438.040917431214,5553.651798131547,5329.753133509078,223.89866462246937,73.83000750368163,0.00410280122374467,31.85009765625,59.1201171875,49.990234375,-0.3454946770972537
2024-07-05,5537.91015625,5570.330078125,5531.6298828125,5567.18994140625,3253080000,0.005448765178485582,0.00543397436096954,5452.3604736328125,5310.45619140625,5450.340824476456,5569.626564892598,5335.094382373027,234.5321825195715,75.58178063907417,0.0035264247938335026,38.7001953125,84.31982421875,94.02001953125,0.4926014122699556
2024-07-08,5572.75,5583.10986328125,5562.509765625,5572.85009765625,3185670000,0.0010166989647510949,0.0010161824764044329,5463.35498046875,5320.480595703125,5462.008374303103,5582.596928861889,5344.113032075611,238.4838967862779,76.71651384958662,0.0034975867753245793,20.60009765625,112.3701171875,108.22998046875,-0.020721900475856758
2024-07-09,5584.240234375,5590.75,5574.56982421875,5576.97998046875,3232920000,0.0007410719362856977,0.0007407974780654752,5474.854467773437,5331.051796875,5472.958051080784,5591.169532684435,5358.53940286244,232.63012982199507,72.86757298940137,0.0034340433388905063,16.18017578125,101.89013671875,129.10986328125,0.014832044750397788
2024-07-10,5591.259765625,5635.39013671875,5586.43994140625,5633.91015625,3336100000,0.010208065293514812,0.010156314878105886,5488.510473632812,5341.73080078125,5488.286823001661,5612.3286435977025,5364.692303667922,247.63633992978066,77.20208565811629,0.0038828602494267637,48.9501953125,124.900390625,164.6103515625,0.031915420115561144
2024-07-11,5635.2099609375,5642.4501953125,5576.52978515625,5584.5400390625,4020950000,-0.008763028841120457,-0.008801649969266724,5498.971484375,5351.098203125,5497.4537959598365,5617.775046851075,5380.167921898925,237.60712495215012,68.2280977680598,0.0046258247318930025,65.92041015625,47.52001953125,106.64013671875,0.2052846137705704
2024-07-12,5590.759765625,5655.56005859375,5590.43994140625,5615.35009765625,3700280000,0.0055170270744306915,0.00550186402496512,5508.6875,5362.69140625,5508.682015169019,5632.337187364567,5385.037812635433,247.2993747291348,72.99462332751817,0.004446889615292432,65.1201171875,48.16015625,132.47998046875,-0.07974981036819662
2024-07-15,5638.16015625,5666.93994140625,5614.75,5631.22021484375,3620470000,0.0028262026252154904,0.0028222164233526843,5518.561499023437,5374.9480078125,5520.3523198999455,5648.396350462085,5388.726647584789,259.669702877296,78.04628109543776,0.0044514555961870225,52.18994140625,58.3701171875,170.740234375,-0.021568638049012545
2024-07-16,5644.08984375,5669.669921875,5639.02001953125,5667.2001953125,4041760000,0.006389375498743188,0.0063690499714532745,5530.34150390625,5387.0080078125,5534.337831843998,5669.381049575394,5391.301958237106,278.079091338288,78.98188006807487,0.0045334878834405,30.64990234375,90.22021484375,192.1103515625,0.11636334509055457
2024-07-17,5610.06982421875,5622.490234375,5584.81005859375,5588.27001953125,4246450000,-0.013927543241993745,-0.014025441523645543,5536.093505859375,5396.217607421875,5539.474230671355,5674.702576549289,5397.484435169461,277.218141379828,63.402532534218146,0.005594273186302394,37.68017578125,-45.64013671875,79.26025390625,0.050643778947785156
2024-07-18,5608.56005859375,5614.0498046875,5522.81005859375,5544.58984375,4007510000,-0.007816403936922511,-0.007847112145350072,5538.971508789063,5403.494599609375,5539.9614319169405,5675.668280259257,5402.274737318869,273.3935429403882,56.85073015487608,0.005919816353216025,91.23974609375,-39.9501953125,7.56982421875,-0.056268176947803505
2024-07-19,5543.3701171875,5557.5,5497.0400390625,5505.0,3760570000,-0.007140265531926926,-0.007165879226406085,5540.563012695313,5409.840595703125,5536.6317717343745,5674.752267653495,5406.37375773713,268.37850991636515,54.75986380849662,0.006131666339560201,60.4599609375,-110.35009765625,-62.18994140625,-0.06161930974595198
2024-07-22,5544.5400390625,5570.35986328125,5529.0400390625,5564.41015625,3375180000,0.01079203564940956,0.010734217246220293,5545.552514648438,5417.375400390625,5539.2773321644345,5675.196197976327,5415.908831320548,259.2873666557789,58.714841070203526,0.006541923597325584,41.31982421875,-66.81005859375,-8.43994140625,-0.1024818046200443
2024-07-23,5565.2998046875,5585.33984375,5550.89990234375,5555.740234375,3500210000,-0.001558102589770738,-0.0015593176939461904,5550.946020507812,5424.208603515625,5540.84522761306,5672.18149623285,5429.710544782774,242.47095145007552,54.79571220114491,0.006502094809971417,34.43994140625,-111.4599609375,-21.23974609375,0.037043950248579316
2024-07-24,5505.83984375,5508.0400390625,5419.97998046875,5427.1298828125,3945550000,-0.02314909375473495,-0.02342124222289286,5548.8375244140625,5428.29759765625,5530.015194774912,5677.303050412918,5420.371998415207,256.9310519977116,40.65259665552728,0.00840181032112404,88.06005859375,-161.14013671875,-206.7802734375,0.12723236605803656
2024-07-25,5428.7001953125,5491.58984375,5390.9501953125,5399.22021484375,4592120000,-0.005142620237842288,-0.005155889019717259,5544.903540039062,5431.853603515625,5517.5585300195635,5686.648141677722,5403.158938400402,283.4892032773205,35.65711703057352,0.008454814780145644,100.6396484375,-145.36962890625,-185.31982421875,0.1638732242653116
2024-07-26,5433.669921875,5488.31982421875,5430.7001953125,5459.10009765625,3638770000,0.011090468702846357,0.011029420409570924,5543.7150390625,5436.102001953125,5511.991060270677,5688.025094099506,5399.404984025495,288.6201100740109,41.11009349360808,0.008853234861341916,57.61962890625,-45.89990234375,-156.25,-0.20760563748334104
2024-07-29,5476.5498046875,5487.740234375,5444.43994140625,5463.5400390625,3379970000,0.0008133101292933098,0.0008129795718284517,5543.8680419921875,5439.2098046875,5507.37667729847,5687.81254838683,5399.923535597545,287.8890127892846,41.13862009253291,0.008807181918000217,43.30029296875,-100.8701171875,-167.68017578125,-0.07112293439816197
2024-07-30,5478.72998046875,5489.4599609375,5401.7001953125,5436.43994140625,3777740000,-0.004960171878030217,-0.0049725143613676215,5541.935546875,5441.9966015625,5500.620797689687,5690.724174673447,5393.146919076553,297.57725559689425,33.82056068484941,0.008853443228580319,87.759765625,-119.30029296875,-230.76025390625,0.11768447648943625
2024-07-31,5505.58984375,5551.509765625,5493.75,5522.2998046875,4546910000,0.0157933986591674,0.015669980701917767,5542.600048828125,5446.377197265625,5502.6854650228115,5690.88738648083,5394.31271117542,296.57467530541,45.18815816096953,0.009464084064063806,57.759765625,95.169921875,-65.97021484375,0.2036058595880077
2024-08-01,5537.83984375,5566.16015625,5410.419921875,5446.68017578125,4703620000,-0.013693502993456064,-0.013788123791990166,5538.083056640625,5449.148203125,5497.351627952186,5692.464545757029,5383.701567524221,308.76297823280765,37.80493315653389,0.009872788693300542,155.740234375,47.4599609375,-97.90966796875,0.03446516425440582
2024-08-02,5376.6298828125,5383.89013671875,5302.02978515625,5346.56005859375,5156450000,-0.018381860868696753,-0.01855290660855327,5527.0515625,5449.651201171875,5482.990526108526,5702.736556104225,5351.366568895774,351.36998720845077,31.653762057554005,0.010500136403516314,81.8603515625,-112.5400390625,-158.43994140625,0.09627265808037211
2024-08-05,5151.14013671875,5250.89013671875,5119.259765625,5186.330078125,5333250000,-0.02996879838863975,-0.0304270413923931,5507.725561523437,5447.237607421875,5454.737150110095,5738.574575046394,5276.87654800048,461.6980270459135,23.286471777277953,0.012187099136159904,131.63037109375,-277.2099609375,-378.080078125,0.03428715492247569
2024-08-06,5206.419921875,5312.33984375,5193.56005859375,5240.02978515625,4690190000,0.010354085880061037,0.010300849493599515,5490.8780517578125,5446.68140625,5434.288829638301,5748.11912275903,5233.636980756595,514.4821420024346,30.096448485457373,0.012548072767815175,118.77978515625,-196.41015625,-315.71044921875,-0.12057563399428117
2024-08-07,5293.1298828125,5330.64013671875,5195.5400390625,5199.5,4558260000,-0.007734647858502863,-0.007764715388769489,5469.157543945313,5444.577001953125,5411.9279887203675,5748.000634262908,5190.314453627718,557.6861806351899,30.205223232641217,0.012187586601609283,135.10009765625,-322.7998046875,-227.6298828125,-0.02812892441457593
2024-08-08,5252.56982421875,5328.02978515625,5233.85009765625,5319.31005859375,4016830000,0.023042611519136447,0.02278113959089888,5455.896044921875,5444.84240234375,5403.107233470213,5736.854097379837,5174.937992463912,561.9161049159247,40.24624141240512,0.013525770741339652,94.1796875,-127.3701171875,-79.91015625,-0.11877997305989563
2024-08-09,5314.66015625,5358.669921875,5300.83984375,5344.16015625,3516400000,0.004671676849538509,0.004660798434381699,5442.3365478515625,5446.3866015625,5397.493226115907,5716.998021425467,5167.675074277658,549.3229471478098,37.99503909639164,0.013501215167454783,57.830078125,-2.39990234375,-114.93994140625,-0.12458331569919567
2024-08-12,5351.8798828125,5371.2001953125,5324.3701171875,5344.39013671875,3360160000,4.303397765514916e-05,4.30330517200971e-05,5427.995043945312,5448.5648046875,5392.435789030464,5690.828903485605,5165.161184405019,525.6677190805858,38.37316435703138,0.013458952932401702,46.830078125,158.06005859375,-119.14990234375,-0.04443180525537482
2024-08-13,5376.97998046875,5436.5,5376.97998046875,5434.43017578125,3648980000,0.016847579753558328,0.016707233419049988,5416.35654296875,5451.703212890625,5396.4352544353005,5653.998906530176,5178.714179407323,475.2847271228529,50.41940335937854,0.014015159380559127,59.52001953125,194.400390625,-2.009765625,0.08595424027427256
2024-08-14,5442.35986328125,5463.22021484375,5415.91015625,5455.2099609375,3380050000,0.0038237284285767004,0.00381643656119841,5409.703540039062,5455.1394140625,5402.032845530748,5634.165979639916,5185.241100438208,448.9248792017079,53.243191721286955,0.013780243945399834,47.31005859375,255.7099609375,-67.08984375,-0.0737000476845584
2024-08-15,5501.1298828125,5546.22998046875,5501.1298828125,5543.22021484375,3723310000,0.016133247764330783,0.01600448993130413,5409.63505859375,5460.177021484375,5415.479261655796,5633.92499359935,5185.345123588149,448.5798700112009,54.71885405128239,0.014201293328216158,45.10009765625,223.91015625,96.5400390625,0.10155471072913125
2024-08-16,5530.5,5561.97998046875,5525.169921875,5554.25,3357690000,0.001989779357261412,0.0019878023683961516,5412.09755859375,5464.18142578125,5428.695522450482,5641.811848913563,5182.383268273938,459.4285806396256,55.051176833333514,0.014103257475230885,36.81005859375,210.08984375,207.68994140625,-0.09819757151566755
2024-08-19,5557.22998046875,5608.2998046875,5550.740234375,5608.25,3222050000,0.009722284736913167,0.009675327436177775,5414.28955078125,5469.2872265625,5445.79594888377,5650.857853307727,5177.721248254773,473.1366050529541,59.2889474126047,0.014064305538426624,57.5595703125,263.85986328125,421.919921875,-0.04039682043309534
2024-08-20,5602.8798828125,5620.509765625,5585.5,5597.1201171875,2994420000,-0.0019845553982971165,-0.001986527237609709,5416.358544921875,5474.28982421875,5460.207774436506,5658.786949436841,5173.93014040691,484.85680902993045,54.40078531294767,0.014067891792929629,35.009765625,162.68994140625,357.09033203125,-0.07064756909421022
2024-08-21,5603.08984375,5632.68017578125,5591.56982421875,5620.85009765625,3119670000,0.004239676828782013,0.004230714721006796,5426.0445556640625,5479.491025390625,5475.507043314577,5685.18855996618,5166.900551361945,518.2880086042351,60.91031215666315,0.012935659139780346,41.1103515625,165.64013671875,421.35009765625,0.04182779970745587
2024-08-22,5637.77001953125,5643.22021484375,5560.9501953125,5570.64013671875,2981530000,-0.008932805548120926,-0.00897294225665722,5434.615551757813,5483.397431640625,5484.567337924498,5701.25477910307,5167.976324412555,533.278454690515,64.97302404735865,0.013070323887326941,82.27001953125,27.419921875,251.330078125,-0.04428032452150388
2024-08-23,5602.490234375,5641.81982421875,5585.16015625,5634.60986328125,3291940000,0.01148337085011919,0.01141793740166443,5443.391040039062,5487.669033203125,5498.857102244189,5724.578864949164,5162.20321512896,562.3756498202038,84.37628010948563,0.01308555364898997,56.65966796875,80.35986328125,290.44970703125,0.10411097657913881
2024-08-26,5639.66015625,5651.6201171875,5602.33984375,5616.83984375,2938570000,-0.0031537266931381813,-0.0031587101696058145,5451.0560302734375,5491.331025390625,5510.093553816171,5742.719058625353,5159.393001921522,583.3260567038305,80.58079605246994,0.01312913799617336,49.2802734375,8.58984375,272.44970703125,-0.10734399776423631
2024-08-27,5602.89013671875,5631.18017578125,5593.47998046875,5625.7998046875,2798990000,0.0015951960865450143,0.0015939251127232035,5460.5240234375,5495.21501953125,5521.113196756298,5762.307730842515,5158.740316032484,603.5674148100316,86.46583064349058,0.013041782948622571,37.7001953125,28.6796875,191.36962890625,-0.04749929387423135
2024-08-28,5624.509765625,5627.02978515625,5560.9501953125,5592.18017578125,3053450000,-0.00597597320797616,-0.005993900794735212,5464.018041992187,5497.5940234375,5527.88148047296,5770.396415129409,5157.639668854965,612.7567462744446,77.37850512160756,0.012716316218984855,66.07958984375,-28.669921875,136.97021484375,0.09091136445646475
2024-08-29,5607.2998046875,5646.9501953125,5583.7099609375,5591.9599609375,3065640000,-3.937906806072977e-05,-3.937984343658622e-05,5471.28203125,5499.692626953125,5533.984192898154,5782.775828761759,5159.788233738241,622.9875950235182,76.15581732870443,0.012260928243166573,63.240234375,21.31982421875,48.73974609375,0.00399220553799795
2024-08-30,5612.740234375,5651.3701171875,5581.7900390625,5648.39990234375,4185850000,0.010093051774424433,0.010042457079144168,5486.3740234375,5503.1972265625,5544.880927131068,5801.64988867407,5171.09815820093,630.5517304731402,78.6850820176659,0.011472220455953678,69.580078125,13.7900390625,94.14990234375,0.3654082018762803
2024-09-03,5623.89013671875,5623.89013671875,5504.330078125,5528.93017578125,3866350000,-0.02115107439771169,-0.021377963372397696,5503.5040283203125,5504.483427734375,5543.361807954895,5785.624030350459,5221.384026290166,564.2400040602934,58.447473038586644,0.010250487173353246,119.56005859375,-87.90966796875,-79.31982421875,-0.07632858320293368
2024-09-04,5506.68017578125,5552.990234375,5503.66015625,5520.06982421875,3478140000,-0.0016025435809103872,-0.0016038290273809634,5517.506030273437,5505.927421875,5541.1435237895475,5770.901988970926,5264.1100715759485,506.79191739497765,55.92414694299871,0.01016285458970687,49.330078125,-105.72998046875,-77.05029296875,-0.10040736094766378
2024-09-05,5520.080078125,5546.2998046875,5480.5400390625,5503.41015625,3521650000,-0.003018017615584734,-0.003022581014674196,5532.7015380859375,5506.60962890625,5537.549869738162,5737.613827753933,5327.789248417942,409.8245793359911,45.81887590526662,0.009961794658072717,65.759765625,-88.77001953125,-117.43994140625,0.012509559707199802
2024-09-06,5507.330078125,5522.47021484375,5402.6201171875,5408.419921875,3822800000,-0.01726024985928465,-0.017410944507424406,5537.15703125,5505.220029296875,5525.25177946548,5725.7590566295885,5348.555005870411,377.20405075917733,36.9801384553682,0.009744925703266093,119.85009765625,-183.5400390625,-162.22021484375,0.08551389263555431
2024-09-09,5442.06982421875,5484.2001953125,5434.490234375,5471.0498046875,3825940000,0.0115800702824842,0.011513534435818254,5543.501513671875,5504.983623046875,5520.089686629482,5712.260614099913,5374.742413243836,337.5182008560769,37.936518022280346,0.01000549494772398,49.7099609375,-177.35009765625,-163.56005859375,0.0008213874646856301
2024-09-10,5490.509765625,5497.91015625,5441.72021484375,5495.52001953125,3848180000,0.004472672652839682,0.004462699977793541,5551.0580078125,5505.684423828125,5517.749718334412,5693.807794550978,5408.308221074023,285.49957347695454,41.27146195052583,0.01002703639059823,56.18994140625,-33.41015625,-121.31982421875,0.00581295054287323
2024-09-11,5496.419921875,5560.41015625,5406.9599609375,5554.1298828125,3839450000,0.010665025888896507,0.01060855564984334,5557.042993164063,5507.265224609375,5521.214495903754,5688.819611874803,5425.266374453323,263.55323742147993,44.592118375549816,0.009613922592746347,153.4501953125,34.06005859375,-71.669921875,-0.0022686048989392082
2024-09-12,5557.47998046875,5600.7099609375,5535.5,5595.759765625,3655070000,0.007495302358939249,0.00746735215680267,5564.070483398437,5509.000224609375,5528.314045401015,5687.721457831714,5440.41950896516,247.30194886655408,52.06474249014887,0.009702631850583834,65.2099609375,92.349609375,3.57958984375,-0.04802250322311785
2024-09-13,5603.33984375,5636.27001953125,5601.64990234375,5626.02001953125,3500790000,0.005407711405364557,0.0053931422343560355,5568.210473632813,5510.780224609375,5537.619376270562,5694.439711606616,5441.98123565901,252.45847594760562,49.25252387912574,0.009119537367476416,34.6201171875,217.60009765625,34.06005859375,-0.04220986191782916
2024-09-16,5615.2099609375,5636.0498046875,5604.52978515625,5633.08984375,3437070000,0.0012566297656613212,0.0012558408673102855,5572.1524658203125,5512.09822265625,5546.711801744794,5701.433310057717,5442.871621582908,258.56168847480876,51.44088475866046,0.00911589676082048,31.52001953125,162.0400390625,-15.31005859375,-0.0182016059232345
2024-09-17,5655.509765625,5670.81005859375,5614.0498046875,5634.580078125,3443600000,0.00026455008109871336,0.00026451509389645083,5573.468969726562,5513.332822265625,5555.080209019099,5704.817289624862,5442.120649828263,262.6966397965989,50.788997040932024,0.00886759838089339,56.76025390625,139.06005859375,105.64990234375,0.0018998740206046527
2024-09-18,5641.68017578125,5689.75,5615.080078125,5618.259765625,3691390000,-0.002896455862498093,-0.0029006587083132912,5574.525952148438,5514.15841796875,5561.097309648233,5707.010950146977,5442.040954149898,264.9699959970785,52.418715736256694,0.00888214278888275,74.669921875,64.1298828125,98.18994140625,0.07195667324892563
2024-09-19,5702.6298828125,5733.56982421875,5686.419921875,5713.64013671875,4024530000,0.01697685316676334,0.016834356892725128,5579.165454101562,5515.753017578125,5575.625197940663,5724.36922027272,5433.961687930405,290.4075323423149,59.59198064367629,0.009611732372751789,47.14990234375,117.88037109375,210.22998046875,0.09024784701697741
2024-09-20,5709.64013671875,5715.14013671875,5674.490234375,5702.5498046875,7867260000,-0.0019410273951238066,-0.0019429136300157343,5585.7609375,5518.113212890625,5587.713255726077,5740.972605558221,5430.549269441779,310.42333611644244,54.597303278002144,0.009360563844766861,40.64990234375,76.52978515625,294.1298828125,0.9548270232797371
2024-09-23,5711.89990234375,5725.35986328125,5704.22021484375,5718.56982421875,3529550000,0.0028092730585327352,0.0028053344257131223,5589.958935546875,5520.177607421875,5600.175786058712,5754.966216484276,5424.951654609475,330.0145618748011,69.53109127738452,0.009055622199924845,21.1396484375,85.47998046875,247.52001953125,-0.5513622277641771
2024-09-24,5727.66015625,5735.31982421875,5698.990234375,5732.93017578125,3872710000,0.0025111788443470395,0.002508031103345345,5595.763452148438,5522.211806640625,5612.819061270382,5772.502633858578,5419.024270438298,353.4783634202795,71.67702604596582,0.009014643985869809,36.32958984375,98.35009765625,237.41015625,0.09722485869303443
2024-09-25,5733.64990234375,5741.02978515625,5712.06005859375,5722.259765625,3624910000,-0.0018612489301417234,-0.001862983206212128,5600.586450195313,5523.312998046875,5623.241985494631,5785.83644675249,5415.336453638136,370.49999311435386,72.56217883664362,0.009036991287691542,28.9697265625,104.0,168.1298828125,-0.0639862008774218
2024-09-26,5762.22021484375,5767.3701171875,5721.009765625,5745.3701171875,4391180000,0.00403867571712313,0.004030542158199222,5608.245947265625,5526.455,5634.873236132047,5804.380542666381,5412.111351864868,392.2691908015131,90.78191226564735,0.008913173576233889,46.3603515625,31.72998046875,149.6103515625,0.21139007589153946
2024-09-27,5755.35986328125,5763.77978515625,5727.33984375,5738.169921875,3898530000,-0.0012532169669905446,-0.0012540029000721238,5615.5564453125,5530.3266015625,5644.711015726614,5819.864180632782,5411.248709992217,408.61547064056504,87.34038283547248,0.00892754024963857,36.43994140625,35.6201171875,112.14990234375,-0.11219080065039466
2024-09-30,5726.52001953125,5765.14013671875,5703.52978515625,5762.47998046875,4425730000,0.004236552581176722,0.004227603658441509,5621.26044921875,5535.476201171875,5655.927107606818,5835.554865572751,5406.96603286475,428.58883270800106,87.33471181607362,0.008718561705735692,61.6103515625,43.91015625,129.39013671875,0.135230458660059
2024-10-01,5757.72998046875,5757.72998046875,5681.27978515625,5708.75,4025180000,-0.009324107094664358,-0.009367848694454447,5630.251440429687,5538.362998046875,5660.957859263312,5843.320613198651,5417.1822676607235,426.1383455379273,71.92306414183093,0.007442099760506205,76.4501953125,-24.18017578125,74.169921875,-0.09050484326879404
2024-10-02,5698.14013671875,5719.6298828125,5674.0,5709.5400390625,3829050000,0.00013839090212397487,0.00013838132698647728,5639.724951171875,5541.438994140625,5665.584733529901,5848.981524498946,5430.468377844803,418.5131466541425,68.24555414268086,0.007412448710097736,45.6298828125,-12.7197265625,91.2802734375,-0.04872577126985622
2024-10-03,5698.18994140625,5718.77978515625,5677.3701171875,5699.93994140625,3597450000,-0.001681413492255035,-0.0016828286544586894,5649.551440429687,5546.8951953125,5668.856658089554,5850.1334425317,5448.969438327675,401.16400420402533,62.6947975715292,0.007373453654553494,41.40966796875,-45.43017578125,-13.7001953125,-0.06048497669134645
2024-10-04,5737.47998046875,5753.2099609375,5702.830078125,5751.06982421875,3479400000,0.008970249395274354,0.008930255699186382,5666.683935546875,5553.9321875,5676.686483435192,5836.7604125690395,5496.60745852471,340.1529540443298,67.59830734382625,0.00601604402785035,50.3798828125,12.89990234375,48.52001953125,-0.03281491056164787
2024-10-07,5737.7998046875,5739.33984375,5686.85009765625,5695.93994140625,3637790000,-0.009586022165882668,-0.009632263829388773,5677.928442382812,5558.668984375,5678.520146099102,5821.1639571014275,5534.692927664197,286.47102943723075,57.89007081066216,0.006299548815296901,52.48974609375,-66.5400390625,-22.6298828125,0.045522216474104704
2024-10-08,5719.14013671875,5757.60009765625,5714.56005859375,5751.1298828125,3393400000,0.009689347495581924,0.009642706804694385,5690.708935546875,5564.42078125,5685.435359119426,5808.827304596346,5572.590566497404,236.23673809894171,65.53266495729228,0.006510268469388752,43.0400390625,42.3798828125,18.19970703125,-0.06718089829264473
2024-10-09,5751.7998046875,5796.7998046875,5745.02001953125,5792.0400390625,3650340000,0.007113411987488272,0.007088231016994585,5702.604443359375,5571.532783203125,5695.588185780671,5810.26458212884,5594.944304589911,215.32027753892908,60.50256476002716,0.006315491183513877,51.77978515625,82.5,69.7802734375,0.07571756939942231
2024-10-10,5778.35986328125,5795.02978515625,5764.759765625,5780.0498046875,3208790000,-0.002070122839989974,-0.0020722685059824846,5711.8189453125,5576.687783203125,5703.632149486083,5812.28073059535,5611.357160029649,200.92357056570108,60.35704124806523,0.0062486954707038425,30.27001953125,80.10986328125,34.6796875,-0.12096133510851048
2024-10-11,5775.08984375,5822.1298828125,5775.08984375,5815.02978515625,3208720000,0.006051847587953629,0.00603360870729872,5721.26943359375,5584.054775390625,5714.241448121337,5823.295742023939,5619.243125163562,204.05261686037738,62.269088975892835,0.006270758209295715,47.0400390625,63.9599609375,76.85986328125,-2.1815076711173553e-05
2024-10-14,5829.81005859375,5871.41015625,5829.56982421875,5859.85009765625,3005250000,0.0077076668832223305,0.007678114574594323,5732.607446289063,5594.320576171875,5728.108938553234,5843.396431021676,5621.81846155645,221.5779694652265,64.9824659290291,0.006412568053430356,41.84033203125,163.91015625,97.3701171875,-0.06341157844872725
2024-10-15,5866.740234375,5870.35986328125,5804.47998046875,5815.259765625,3882120000,-0.007609466332438197,-0.0076385660375134215,5741.641430664063,5606.899169921875,5736.409017321974,5848.157779213625,5635.1250821145,213.03269709912456,60.16434665852654,0.006756853981312527,65.8798828125,64.1298828125,106.509765625,0.2917793860743698
2024-10-16,5816.580078125,5846.52001953125,5808.33984375,5842.47021484375,3467230000,0.004679145956573816,0.004668232782779766,5752.851953125,5618.947978515625,5746.510083752619,5851.604297895536,5654.099608354465,197.50468954107055,60.51819544513545,0.006703591132032335,38.18017578125,50.43017578125,132.93017578125,-0.10687201838170901
2024-10-17,5875.6201171875,5878.4599609375,5840.25,5841.47021484375,3480010000,-0.00017116047891174713,-0.00017117512853816633,5759.24345703125,5631.7873828125,5755.553905761298,5863.6926135464255,5654.794300516074,208.89831303035135,61.342174366650546,0.0057070445927112625,38.2099609375,61.42041015625,141.5302734375,0.003685939496370194
2024-10-18,5859.43017578125,5872.169921875,5846.10986328125,5864.669921875,3374490000,0.00397155273894878,0.003963686942774387,5767.349462890625,5642.694580078125,5765.945907295936,5878.23788244926,5656.4610433319895,221.77683911727036,61.247685003552434,0.005693125966737047,26.06005859375,49.64013671875,113.60009765625,-0.030321751948988673
2024-10-21,5857.81982421875,5866.919921875,5824.7900390625,5853.97998046875,3407010000,-0.0018227694906369774,-0.001824432756419033,5774.119970703125,5652.8909765625,5774.330104740966,5888.934003835076,5659.305937571174,229.62806626390193,67.65795813588443,0.005727663182872341,42.1298828125,-5.8701171875,158.0400390625,0.009637011815118779
2024-10-22,5832.7001953125,5863.0400390625,5821.169921875,5851.2001953125,3342080000,-0.0004748538883844189,-0.0004749666671957937,5780.033471679688,5663.027177734375,5781.651065747778,5898.05320010475,5662.013743254625,236.03945685012513,67.14098001124928,0.005730231179846228,41.8701171875,35.9404296875,100.0703125,-0.01905776619381805
2024-10-23,5834.5,5834.85009765625,5762.41015625,5797.419921875,3532650000,-0.009191323428069387,-0.009233824267679564,5783.791479492187,5670.28697265625,5783.152861569419,5898.813813705999,5668.769145278376,230.04466842762304,60.655858456355276,0.006144785956940357,72.43994140625,-45.05029296875,5.3798828125,0.0570213759096132
2024-10-24,5817.7998046875,5817.7998046875,5784.919921875,5809.85986328125,3543030000,0.002145772011323821,0.0021434731305568283,5787.015966796875,5677.379970703125,5785.696385541974,5901.115245527409,5672.916688066341,228.19855746106805,57.0203610411419,0.00610462556190358,32.8798828125,-31.6103515625,29.81005859375,0.0029383041059827253
2024-10-25,5826.75,5862.81982421875,5799.97998046875,5808.1201171875,3501280000,-0.00029944716993013376,-0.00029949201318627087,5790.5134765625,5682.67796875,5787.831979032025,5902.578648625734,5678.448304499266,224.13034412646812,65.35365294576016,0.006093298952774561,62.83984375,-56.5498046875,-6.90966796875,-0.01178369926306011
2024-10-28,5833.93017578125,5842.919921875,5823.080078125,5823.52001953125,3691280000,0.0026514435020339455,0.002647934626732945,5793.565478515625,5688.063369140625,5791.230840031951,5905.740739797614,5681.390217233636,224.3505225639783,61.118785877030746,0.006054014949329207,19.83984375,-30.4599609375,-36.330078125,0.05426586848238357
2024-10-29,5819.68017578125,5847.18994140625,5802.169921875,5832.919921875,3879100000,0.001614127248163344,0.0016128259449012198,5799.773974609375,5692.556767578125,5795.2012287789075,5905.757908097687,5693.790041121063,211.96786697662355,56.95187609814101,0.005592030623074632,45.02001953125,-18.2802734375,17.66015625,0.05088207884527862
2024-10-30,5832.64990234375,5850.93994140625,5811.27978515625,5813.669921875,3851120000,-0.003300233889343751,-0.0033056916724881185,5804.98046875,5696.887763671875,5796.960151930916,5902.165701384186,5707.795236115814,194.37046526837185,55.57954173433038,0.005675115486261826,39.66015625,16.25,-28.80029296875,-0.0072130133278337505
2024-10-31,5775.33984375,5775.33984375,5702.85986328125,5705.4501953125,4425660000,-0.018614700871699585,-0.018790134928745348,5805.2559814453125,5698.579765625,5788.244917967258,5901.210849840219,5709.301113050406,191.9097367898139,35.370663231714545,0.007153988266640714,72.47998046875,-104.40966796875,-136.02001953125,0.14918776875298612
2024-11-01,5723.22021484375,5772.52001953125,5723.22021484375,5728.7998046875,3796450000,0.004092509543626166,0.004084158004525459,5804.14248046875,5701.742958984375,5782.583478607281,5903.211259652117,5705.073701285383,198.13755836673408,31.440228478172173,0.006913809624443051,49.2998046875,-79.3203125,-135.8701171875,-0.14217314479648235
2024-11-04,5725.14990234375,5741.43017578125,5696.509765625,5712.68994140625,3602060000,-0.002812083478299976,-0.0028160448131902913,5804.97998046875,5703.304560546875,5775.926951254802,5900.413846915459,5709.546114022041,190.86773289341727,34.1990651660782,0.006586489733168408,44.92041015625,-110.830078125,-141.2900390625,-0.051203097630681316
2024-11-05,5722.43017578125,5783.43994140625,5722.10009765625,5782.759765625,3768310000,0.012265644545291332,0.012191031029563081,5806.561474609375,5706.622958984375,5776.577695480535,5899.24667023002,5713.8762789887305,185.37039124128933,41.87454235454682,0.006804110903872695,61.33984375,-50.16015625,-68.4404296875,0.04615414512806559
2024-11-06,5864.89013671875,5936.14013671875,5864.89013671875,5929.0400390625,6329530000,0.025295927786425976,0.024981280957186654,5813.411474609375,5712.687763671875,5791.097918678817,5920.680705715068,5706.142243503681,214.538462211387,58.53992325911619,0.00871054718340529,71.25,115.3701171875,131.6201171875,0.6796733814362406
2024-11-07,5947.2099609375,5983.83984375,5947.2099609375,5973.10009765625,4925740000,0.007431229727488331,0.007403754173995657,5823.063989257813,5720.306162109375,5808.431459533811,5950.533946299831,5695.594032215795,254.939914084036,60.16084205979598,0.00878130709310041,36.6298828125,267.64990234375,163.240234375,-0.2217842399040687
2024-11-08,5976.759765625,6012.4501953125,5976.759765625,5995.5400390625,4666740000,0.0037568333092317108,0.0037497940357180464,5832.089501953125,5728.377763671875,5826.251324250829,5980.9342066036,5683.244797302651,297.6894093009487,62.97956775216621,0.00873605670074926,35.6904296875,266.740234375,187.419921875,-0.052580932002095127
2024-11-11,6008.85986328125,6017.31005859375,5986.68994140625,6001.35009765625,4333000000,0.0009690634297987444,0.0009685941909569238,5839.164501953125,5735.436767578125,5842.927397908488,6005.937231057134,5672.391772849116,333.5454582080183,63.69108625944886,0.008615830132612442,30.6201171875,288.66015625,177.830078125,-0.07151459048500663
2024-11-12,6003.60009765625,6009.919921875,5960.080078125,5983.990234375,4243400000,-0.00289265965137242,-0.0028968514769364996,5847.601025390625,5744.53796875,5856.361953762442,6025.951353541169,5669.2506972400815,356.7006563010873,68.22229428764915,0.008423577631426492,49.83984375,201.23046875,151.0703125,-0.0206785137318255
2024-11-13,5985.75,6008.18994140625,5965.91015625,5985.3798828125,4220180000,0.00023222772482434095,0.00023220076414018386,5854.746508789062,5753.844169921875,5868.649375576733,6043.3856895966455,5666.107327981479,377.27836161516643,67.52122004408271,0.008392898379347213,42.27978515625,56.33984375,171.7099609375,-0.005472027148041625
2024-11-14,5989.68017578125,5993.8798828125,5942.27978515625,5949.169921875,4184570000,-0.006049734794859041,-0.006068108582244,5860.131494140625,5762.759365234375,5876.317999033711,6053.2701556239645,5666.992832657286,386.2773229666782,63.17364013301788,0.00854653757600875,51.60009765625,-23.93017578125,243.7197265625,-0.008438028709675915
2024-11-15,5912.7900390625,5915.31982421875,5853.009765625,5870.6201171875,4590960000,-0.013203489851361216,-0.013291430866793769,5860.42900390625,5772.003369140625,5875.775343619786,6053.615426445337,5667.2425813671625,386.3728450781746,53.93485488180464,0.009073417267326567,62.31005859375,-124.919921875,141.8203125,0.0971163106364572
2024-11-18,5874.169921875,5908.1201171875,5865.9501953125,5893.6201171875,3983860000,0.003917814394541086,0.003910159746206537,5862.4110107421875,5780.454775390625,5877.474845864331,6056.131489718028,5668.690531766347,387.4409579516814,54.95836716981312,0.009100493391809973,42.169921875,-107.72998046875,180.93017578125,-0.13223813755728653
2024-11-19,5870.0498046875,5923.509765625,5855.2900390625,5916.97998046875,4036940000,0.003963584828470035,0.003955750520596487,5865.7,5788.883974609375,5881.23723963618,6060.847423326516,5670.552576673484,390.29484665303244,58.382719424403426,0.009132694886668603,68.2197265625,-67.01025390625,134.22021484375,0.01332376137715685
2024-11-20,5914.33984375,5920.669921875,5860.56005859375,5917.10986328125,3772620000,2.195086225209586e-05,2.19506213354446e-05,5871.684497070312,5796.14357421875,5884.653679983329,6065.350773142973,5678.018220997652,387.33255214532073,70.82777979045326,0.00884058059273622,60.10986328125,-68.27001953125,-11.93017578125,-0.0654753352787012
2024-11-21,5940.580078125,5963.31982421875,5887.259765625,5948.7099609375,4230120000,0.0053404615405816536,0.005326251844288491,5878.627001953125,5803.202578125,5890.754278169441,6072.915525913127,5684.338477993123,388.5770479200037,71.29389025686415,0.008889968119944627,76.06005859375,-0.4599609375,-24.39013671875,0.12126850835758707
2024-11-22,5944.35986328125,5972.89990234375,5944.35986328125,5969.33984375,4141420000,0.003467959094991535,0.0034619595915364653,5886.68798828125,5810.068974609375,5898.238617748542,6082.034457236449,5691.341519326051,390.69293791039854,74.63574998054897,0.008896011588323073,28.5400390625,98.7197265625,-26.2001953125,-0.02096867228352861
2024-11-25,5992.27978515625,6020.75,5963.91015625,5987.3701171875,5633150000,0.003020480305938378,0.0030159278201245415,5894.8804931640625,5817.154580078125,5906.727331980824,6092.798876136758,5696.962110191367,395.83676594539065,71.82046731736173,0.008899109950927506,56.83984375,93.75,-13.97998046875,0.3601977099642151
2024-11-26,6000.02978515625,6025.419921875,5992.27001953125,6021.6298828125,3835170000,0.005722005647630368,0.005705697155263866,5904.315991210938,5824.895576171875,5917.670432060031,6107.714088250596,5700.917894171279,406.7961940793175,62.97397596560416,0.00895093881716518,33.14990234375,104.64990234375,37.6396484375,-0.3191784348011326
2024-11-27,6014.10986328125,6020.16015625,5984.8701171875,5998.740234375,3363340000,-0.003801238017440034,-0.003808481083577712,5913.569506835937,5832.505185546875,5925.3913656138375,6116.442508183313,5710.696505488561,405.74600269475195,53.81937625558421,0.008966154607320592,35.2900390625,81.63037109375,13.3603515625,-0.1230271409090079
2024-11-29,6003.97998046875,6044.169921875,6003.97998046875,6032.3798828125,2444420000,0.005607785488815242,0.005592120396801623,5929.915991210937,5838.87998046875,5935.580748204186,6113.996074636772,5745.835907785102,368.1601668516705,55.31050191028287,0.007626955558271256,40.18994140625,83.669921875,83.2099609375,-0.27321650502179384
2024-12-02,6040.10986328125,6053.580078125,6035.330078125,6047.14990234375,4412470000,0.0024484564662998753,0.0024454638805813736,5945.83349609375,5845.771982421875,5946.206381931764,6110.747985256866,5780.919006930634,329.82897832623166,56.43584057438014,0.007621345909957229,18.25,77.81005859375,176.52978515625,0.8051194148305119
2024-12-03,6042.97021484375,6052.06982421875,6033.39013671875,6049.8798828125,4095000000,0.0004514491145146682,0.0004513472420221813,5962.6929931640625,5852.39818359375,5956.08004868231,6092.445492106269,5832.940494221856,259.50499788441266,59.655901790902085,0.007530725026576629,18.6796875,62.509765625,156.259765625,-0.07194836452145847
2024-12-04,6069.39013671875,6089.83984375,6061.06005859375,6086.490234375,4003390000,0.006051417924264779,0.00603318162813612,5977.8795166015625,5859.469384765625,5968.500066367328,6088.672645630168,5867.086387572957,221.58625805721022,63.430909369219314,0.0072467364456403885,28.77978515625,64.8603515625,169.51025390625,-0.02237118437118435
2024-12-05,6089.02978515625,6094.5498046875,6072.89990234375,6075.10986328125,4212020000,-0.0018697756269248078,-0.0018715258393823342,5985.1830078125,5866.52638671875,5978.65338035913,6101.538573496273,5868.827442128728,232.71113136754502,67.91058767976557,0.004947559622756522,21.64990234375,76.36962890625,158.0,0.052113333949477925
2024-12-06,6081.3798828125,6099.97021484375,6079.97998046875,6090.27001953125,3924830000,0.0024954538421815275,0.0024923453675383123,5991.04150390625,5873.424384765625,5989.283536470761,6116.294324188461,5865.788683624039,250.50564056442272,88.10853031024394,0.004740695092962368,19.990234375,57.89013671875,141.56005859375,-0.06818343692575057
2024-12-09,6083.009765625,6088.509765625,6048.6298828125,6052.85009765625,4556460000,-0.006144213927296471,-0.006163167285227462,5993.907006835938,5879.71798828125,5995.337494678903,6122.179021257657,5865.634992414219,256.54402884343835,76.30944985437559,0.004948158850431661,39.8798828125,5.7001953125,83.51025390625,0.16093181105933252
2024-12-10,6057.58984375,6065.39990234375,6029.89013671875,6034.91015625,4048410000,-0.002963883313944371,-0.002968284314279252,5995.585009765625,5885.166591796875,5999.106319590435,6125.138628644856,5866.031390886394,259.10723775846236,69.84087604432797,0.005005826028597691,35.509765625,-14.9697265625,47.5400390625,-0.11150103369721232
2024-12-11,6060.14990234375,6092.58984375,6060.14990234375,6084.18994140625,4269950000,0.008165786048233592,0.008132626411368235,6000.594995117188,5892.675390625,6007.209521668132,6135.8834291446165,5865.306561089759,270.5768680548572,74.1208283049299,0.005240902200480357,32.43994140625,-2.30029296875,62.56005859375,0.054722718301753126
2024-12-12,6074.2900390625,6079.68017578125,6051.25,6051.25,3678010000,-0.005414022527810203,-0.005428731461463251,6003.888500976563,5899.50958984375,6011.403852937833,6140.814564831161,5866.962437121964,273.8521277091968,64.74633732557356,0.005424435592585486,28.43017578125,-23.85986328125,52.509765625,-0.13862925795384018
2024-12-13,6068.169921875,6078.580078125,6035.77001953125,6051.08984375,3584960000,-2.6466639124200775e-05,-2.646698937187397e-05,6008.9844970703125,5906.532587890625,6015.18347111042,6144.918698188555,5873.05029595207,271.86840223648505,62.49197912034453,0.005200657222305909,42.81005859375,-39.18017578125,18.7099609375,-0.025299006799872736
2024-12-16,6063.7900390625,6085.18994140625,6059.14013671875,6074.080078125,4391100000,0.0037993543260221863,0.0037921550087844295,6019.157495117188,5912.99279296875,6020.792671778476,6141.239386249947,5897.075603984429,244.1637822655175,63.0520488501861,0.004040619452365967,26.0498046875,21.22998046875,26.93017578125,0.22486722306525042
2024-12-17,6052.5498046875,6057.68017578125,6035.18994140625,6050.60986328125,4544500000,-0.003863994965801476,-0.0038714794806554956,6027.006982421875,5920.08619140625,6023.63240430255,6134.408122143215,5919.6058427005355,214.80227944267972,54.50867306707668,0.00418905186505962,22.490234375,15.69970703125,0.72998046875,0.03493429892282118
2024-12-18,6047.64990234375,6070.669921875,5867.7900390625,5872.16015625,5246960000,-0.02949284635160343,-0.02993650530451818,6024.7659912109375,5922.506796875,6009.206475916592,6143.143114221667,5906.388868200208,236.75424602145904,36.72999076551997,0.008013587156556284,202.8798828125,-212.02978515625,-214.330078125,0.15457366046869847
2024-12-19,5912.7099609375,5935.52001953125,5866.06982421875,5867.080078125,4896880000,-0.0008651123249070469,-0.0008654867505367934,6022.264501953125,5924.00759765625,5995.670628507869,6151.808062424583,5892.720941481666,259.08712094291695,31.567031550152237,0.008013879677719108,69.4501953125,-184.169921875,-208.02978515625,-0.06672053913123033
2024-12-20,5842.0,5982.06005859375,5832.2998046875,5930.85009765625,8223220000,0.010869123768910471,0.010810479402397299,6021.371508789062,5927.023603515625,5989.497244617239,6153.274711620228,5889.4683059578965,263.8064056623316,38.30877762026867,0.008311892805041491,149.76025390625,-120.23974609375,-159.419921875,0.6792774174576466
2024-12-23,5940.25,5978.25,5902.56982421875,5974.06982421875,3593280000,0.007287273468533639,0.007260849585616372,6021.6080078125,5930.204404296875,5988.027966484049,6153.134829105232,5890.0811865197675,263.05364258546433,42.95276058749463,0.008441459481124155,75.68017578125,-100.01025390625,-78.7802734375,-0.563032486057773
2024-12-24,5984.6298828125,6040.10009765625,5981.43994140625,6040.0400390625,1757720000,0.01104275925539211,0.010982233165126825,6024.24150390625,5933.808203125,5992.981497205807,6154.98874741552,5893.494260396979,261.4944870185409,45.90552712948744,0.008772933828230488,58.66015625,-10.56982421875,5.1298828125,-0.510831329593018
2024-12-26,6024.97021484375,6049.75,6007.3701171875,6037.58984375,2904530000,-0.00040565878647391695,-0.0004057410882578191,6025.039501953125,5938.2548046875,5997.229911162396,6155.91438764592,5894.16461626033,261.74977138559007,46.63979940510705,0.008686619012210519,42.3798828125,165.4296875,-46.60009765625,0.6524417996040326
2024-12-27,6006.169921875,6006.169921875,5932.9501953125,5970.83984375,3159610000,-0.011055736101235558,-0.01111730496491221,6023.644482421875,5940.822197265625,5994.716571408834,6156.282612593743,5891.006352250008,265.276260343735,40.208877911701244,0.00900667621205222,73.2197265625,103.759765625,-80.41015625,0.087821437547555
2024-12-30,5920.669921875,5940.7900390625,5869.16015625,5906.93994140625,3433250000,-0.010701995701766776,-0.010759673941729728,6017.372485351562,5942.131591796875,5986.356892360969,6159.775200591981,5874.969770111144,284.80543048083746,38.5357473340464,0.009190201510815807,71.6298828125,-23.91015625,-144.14990234375,0.08660562537781558
2024-12-31,5919.740234375,5929.740234375,5868.85986328125,5881.6298828125,3128350000,-0.004284800394927402,-0.0042940064589823065,6009.096484375,5942.470791015625,5976.382891451591,6162.988140692943,5855.204828057057,307.7833126358855,38.094555439251195,0.009180178282027177,60.88037109375,-92.43994140625,-192.4501953125,-0.08880798077623242
